Warning: A partial dump from a server that has GTIDs will by default include the GTIDs of all transactions, even those that changed suppressed parts of the database. If you don't want to restore GTIDs, pass --set-gtid-purged=OFF. To make a complete dump, pass --all-databases --triggers --routines --events. 
Warning: A dump from a server that has GTIDs enabled will by default include the GTIDs of all transactions, even those that were executed during its extraction and might not be represented in the dumped data. This might result in an inconsistent data dump. 
In order to ensure a consistent backup of the database, pass --single-transaction or --lock-all-tables or --source-data. 
-- MySQL dump 10.13  Distrib 9.6.0, for macos26.4 (arm64)
--
-- Host: localhost    Database: school_erp
-- ------------------------------------------------------
-- Server version	9.6.0

/*!40101 SET @OLD_CHARACTER_SET_CLIENT=@@CHARACTER_SET_CLIENT */;
/*!40101 SET @OLD_CHARACTER_SET_RESULTS=@@CHARACTER_SET_RESULTS */;
/*!40101 SET @OLD_COLLATION_CONNECTION=@@COLLATION_CONNECTION */;
/*!50503 SET NAMES utf8mb4 */;
/*!40103 SET @OLD_TIME_ZONE=@@TIME_ZONE */;
/*!40103 SET TIME_ZONE='+00:00' */;
/*!40014 SET @OLD_UNIQUE_CHECKS=@@UNIQUE_CHECKS, UNIQUE_CHECKS=0 */;
/*!40014 SET @OLD_FOREIGN_KEY_CHECKS=@@FOREIGN_KEY_CHECKS, FOREIGN_KEY_CHECKS=0 */;
/*!40101 SET @OLD_SQL_MODE=@@SQL_MODE, SQL_MODE='NO_AUTO_VALUE_ON_ZERO' */;
/*!40111 SET @OLD_SQL_NOTES=@@SQL_NOTES, SQL_NOTES=0 */;
SET @MYSQLDUMP_TEMP_LOG_BIN = @@SESSION.SQL_LOG_BIN;
SET @@SESSION.SQL_LOG_BIN= 0;

--
-- GTID state at the beginning of the backup 
--

SET @@GLOBAL.GTID_PURGED=/*!80000 '+'*/ 'fef33326-59c6-11f1-8630-74f5735d7a4c:1-995';

--
-- Table structure for table `academic_years`
--

DROP TABLE IF EXISTS `academic_years`;
/*!40101 SET @saved_cs_client     = @@character_set_client */;
/*!50503 SET character_set_client = utf8mb4 */;
CREATE TABLE `academic_years` (
  `name` varchar(20) CHARACTER SET utf8mb4 COLLATE utf8mb4_unicode_ci NOT NULL,
  `start_date` date NOT NULL,
  `end_date` date NOT NULL,
  `is_current` tinyint(1) NOT NULL,
  `id` char(36) CHARACTER SET utf8mb4 COLLATE utf8mb4_unicode_ci NOT NULL,
  `metadata` json NOT NULL,
  `created_at` datetime NOT NULL DEFAULT (now()),
  `updated_at` datetime NOT NULL DEFAULT (now()),
  `is_active` tinyint(1) NOT NULL,
  `deleted_at` datetime DEFAULT NULL,
  `deleted_by` char(36) CHARACTER SET utf8mb4 COLLATE utf8mb4_unicode_ci DEFAULT NULL,
  `created_by` char(36) CHARACTER SET utf8mb4 COLLATE utf8mb4_unicode_ci DEFAULT NULL,
  `updated_by` char(36) CHARACTER SET utf8mb4 COLLATE utf8mb4_unicode_ci DEFAULT NULL,
  `school_id` char(36) CHARACTER SET utf8mb4 COLLATE utf8mb4_unicode_ci NOT NULL,
  PRIMARY KEY (`id`),
  UNIQUE KEY `uq_academic_years_school_name` (`school_id`,`name`),
  KEY `ix_academic_years_school_id` (`school_id`),
  KEY `ix_academic_years_is_active` (`is_active`),
  CONSTRAINT `fk_academic_years_school_id_schools` FOREIGN KEY (`school_id`) REFERENCES `schools` (`id`),
  CONSTRAINT `ck_academic_years_chk_academic_years_dates` CHECK ((`end_date` > `start_date`))
) ENGINE=InnoDB DEFAULT CHARSET=utf8mb4 COLLATE=utf8mb4_unicode_ci;
/*!40101 SET character_set_client = @saved_cs_client */;

--
-- Dumping data for table `academic_years`
--

LOCK TABLES `academic_years` WRITE;
/*!40000 ALTER TABLE `academic_years` DISABLE KEYS */;
INSERT INTO `academic_years` VALUES ('2025-2026','2025-06-01','2026-03-31',1,'491598d9-1ca9-4402-86f3-87b92cf96f11','{}','2026-05-27 22:34:49','2026-05-27 22:34:49',1,NULL,NULL,NULL,NULL,'659a72a6-284a-4b1b-b460-018096237cb9');
/*!40000 ALTER TABLE `academic_years` ENABLE KEYS */;
UNLOCK TABLES;

--
-- Table structure for table `activities`
--

DROP TABLE IF EXISTS `activities`;
/*!40101 SET @saved_cs_client     = @@character_set_client */;
/*!50503 SET character_set_client = utf8mb4 */;
CREATE TABLE `activities` (
  `academic_year_id` char(36) CHARACTER SET utf8mb4 COLLATE utf8mb4_unicode_ci NOT NULL,
  `student_id` char(36) CHARACTER SET utf8mb4 COLLATE utf8mb4_unicode_ci NOT NULL,
  `activity_type` varchar(50) CHARACTER SET utf8mb4 COLLATE utf8mb4_unicode_ci NOT NULL,
  `name` varchar(255) CHARACTER SET utf8mb4 COLLATE utf8mb4_unicode_ci NOT NULL,
  `description` text CHARACTER SET utf8mb4 COLLATE utf8mb4_unicode_ci,
  `role` varchar(100) CHARACTER SET utf8mb4 COLLATE utf8mb4_unicode_ci DEFAULT NULL,
  `start_date` date DEFAULT NULL,
  `end_date` date DEFAULT NULL,
  `achievement` text CHARACTER SET utf8mb4 COLLATE utf8mb4_unicode_ci,
  `certificate_url` text CHARACTER SET utf8mb4 COLLATE utf8mb4_unicode_ci,
  `recorded_by` char(36) CHARACTER SET utf8mb4 COLLATE utf8mb4_unicode_ci DEFAULT NULL,
  `status` varchar(20) CHARACTER SET utf8mb4 COLLATE utf8mb4_unicode_ci NOT NULL,
  `id` char(36) CHARACTER SET utf8mb4 COLLATE utf8mb4_unicode_ci NOT NULL,
  `metadata` json NOT NULL,
  `created_at` datetime NOT NULL DEFAULT (now()),
  `updated_at` datetime NOT NULL DEFAULT (now()),
  `is_active` tinyint(1) NOT NULL,
  `deleted_at` datetime DEFAULT NULL,
  `deleted_by` char(36) CHARACTER SET utf8mb4 COLLATE utf8mb4_unicode_ci DEFAULT NULL,
  `created_by` char(36) CHARACTER SET utf8mb4 COLLATE utf8mb4_unicode_ci DEFAULT NULL,
  `updated_by` char(36) CHARACTER SET utf8mb4 COLLATE utf8mb4_unicode_ci DEFAULT NULL,
  `school_id` char(36) CHARACTER SET utf8mb4 COLLATE utf8mb4_unicode_ci NOT NULL,
  PRIMARY KEY (`id`),
  KEY `fk_activities_academic_year_id_academic_years` (`academic_year_id`),
  KEY `fk_activities_recorded_by_staff` (`recorded_by`),
  KEY `ix_activities_school_id` (`school_id`),
  KEY `idx_activities_type` (`school_id`,`academic_year_id`,`activity_type`),
  KEY `idx_activities_student` (`student_id`,`academic_year_id`),
  KEY `ix_activities_is_active` (`is_active`),
  CONSTRAINT `fk_activities_academic_year_id_academic_years` FOREIGN KEY (`academic_year_id`) REFERENCES `academic_years` (`id`),
  CONSTRAINT `fk_activities_recorded_by_staff` FOREIGN KEY (`recorded_by`) REFERENCES `staff` (`id`),
  CONSTRAINT `fk_activities_school_id_schools` FOREIGN KEY (`school_id`) REFERENCES `schools` (`id`),
  CONSTRAINT `fk_activities_student_id_students` FOREIGN KEY (`student_id`) REFERENCES `students` (`id`)
) ENGINE=InnoDB DEFAULT CHARSET=utf8mb4 COLLATE=utf8mb4_unicode_ci;
/*!40101 SET character_set_client = @saved_cs_client */;

--
-- Dumping data for table `activities`
--

LOCK TABLES `activities` WRITE;
/*!40000 ALTER TABLE `activities` DISABLE KEYS */;
INSERT INTO `activities` VALUES ('491598d9-1ca9-4402-86f3-87b92cf96f11','718e064c-26d8-4d8e-8bbb-fcebd31f70b1','Cultural','Music Club',NULL,'Captain','2025-07-01',NULL,NULL,NULL,NULL,'Active','0002ba54-8277-462b-9e24-0dfe10159ce6','{}','2026-05-27 22:34:50','2026-05-27 22:34:50',1,NULL,NULL,NULL,NULL,'659a72a6-284a-4b1b-b460-018096237cb9'),('491598d9-1ca9-4402-86f3-87b92cf96f11','a8cc521b-8de9-42c5-8500-6c7c0638d050','Academic','Chess Club',NULL,'Member','2025-07-01',NULL,NULL,NULL,NULL,'Active','02cc0280-b016-442b-8cc2-cedf161fbe43','{}','2026-05-27 22:34:50','2026-05-27 22:34:50',1,NULL,NULL,NULL,NULL,'659a72a6-284a-4b1b-b460-018096237cb9'),('491598d9-1ca9-4402-86f3-87b92cf96f11','1db8fd34-b725-4da4-8665-a5534238f137','Cultural','Art Club',NULL,'Member','2025-07-01',NULL,NULL,NULL,NULL,'Active','05278c38-8f09-4ad8-918e-1d2c87cdc856','{}','2026-05-27 22:34:50','2026-05-27 22:34:50',1,NULL,NULL,NULL,NULL,'659a72a6-284a-4b1b-b460-018096237cb9'),('491598d9-1ca9-4402-86f3-87b92cf96f11','718e064c-26d8-4d8e-8bbb-fcebd31f70b1','Cultural','Art Club',NULL,'Captain','2025-07-01',NULL,NULL,NULL,NULL,'Active','0902185d-0236-424d-9d5f-1a91c3397459','{}','2026-05-27 22:34:50','2026-05-27 22:34:50',1,NULL,NULL,NULL,NULL,'659a72a6-284a-4b1b-b460-018096237cb9'),('491598d9-1ca9-4402-86f3-87b92cf96f11','c590e7e3-c666-4da3-8a68-91f07dbbbadf','Cultural','Art Club',NULL,'Member','2025-07-01',NULL,NULL,NULL,NULL,'Active','11f55a04-8ea5-4104-846a-d1338555b6bd','{}','2026-05-27 22:34:50','2026-05-27 22:34:50',1,NULL,NULL,NULL,NULL,'659a72a6-284a-4b1b-b460-018096237cb9'),('491598d9-1ca9-4402-86f3-87b92cf96f11','a0a7ebf8-7824-4bf1-a8b3-401b0fcf1801','Sports','Cricket Club',NULL,'Member','2025-07-01',NULL,NULL,NULL,NULL,'Active','1315e6b1-5cdf-4af2-8ea3-f6c83937fd2d','{}','2026-05-27 22:34:50','2026-05-27 22:34:50',1,NULL,NULL,NULL,NULL,'659a72a6-284a-4b1b-b460-018096237cb9'),('491598d9-1ca9-4402-86f3-87b92cf96f11','0e9e1858-b649-4961-8e79-561f6e058836','Academic','Science Club',NULL,'Member','2025-07-01',NULL,NULL,NULL,NULL,'Active','16d8d712-b59c-47f6-a401-2d9902a88357','{}','2026-05-27 22:34:50','2026-05-27 22:34:50',1,NULL,NULL,NULL,NULL,'659a72a6-284a-4b1b-b460-018096237cb9'),('491598d9-1ca9-4402-86f3-87b92cf96f11','0a3f6d58-7348-4c37-ab09-ebe0238a3b1f','Academic','Science Club',NULL,'Captain','2025-07-01',NULL,NULL,NULL,NULL,'Active','1959ffbb-aacf-4518-92fd-76da0db66818','{}','2026-05-27 22:34:50','2026-05-27 22:34:50',1,NULL,NULL,NULL,NULL,'659a72a6-284a-4b1b-b460-018096237cb9'),('491598d9-1ca9-4402-86f3-87b92cf96f11','154dba0d-46f1-4ba7-a1a6-6f5bc2ed051c','Sports','Basketball Team',NULL,'Member','2025-07-01',NULL,NULL,NULL,NULL,'Active','20bd9b3c-5720-48f7-99b2-ded04a0bb8e0','{}','2026-05-27 22:34:50','2026-05-27 22:34:50',1,NULL,NULL,NULL,NULL,'659a72a6-284a-4b1b-b460-018096237cb9'),('491598d9-1ca9-4402-86f3-87b92cf96f11','0a3f6d58-7348-4c37-ab09-ebe0238a3b1f','Academic','Chess Club',NULL,'Captain','2025-07-01',NULL,NULL,NULL,NULL,'Active','22f0aa9a-b54b-4048-858c-e2f58e62c56e','{}','2026-05-27 22:34:50','2026-05-27 22:34:50',1,NULL,NULL,NULL,NULL,'659a72a6-284a-4b1b-b460-018096237cb9'),('491598d9-1ca9-4402-86f3-87b92cf96f11','4297c48a-a425-4828-961d-1e09369bda04','Sports','Cricket Club',NULL,'Member','2025-07-01',NULL,NULL,NULL,NULL,'Active','23c15795-50c8-4754-a91b-f921f5b62283','{}','2026-05-27 22:34:50','2026-05-27 22:34:50',1,NULL,NULL,NULL,NULL,'659a72a6-284a-4b1b-b460-018096237cb9'),('491598d9-1ca9-4402-86f3-87b92cf96f11','fea91fe4-40b6-422d-b549-b4089cc7223d','Academic','Debate Society',NULL,'Member','2025-07-01',NULL,NULL,NULL,NULL,'Active','2e0dc237-4ec1-4d6b-9ada-8c5f6a59076f','{}','2026-05-27 22:34:50','2026-05-27 22:34:50',1,NULL,NULL,NULL,NULL,'659a72a6-284a-4b1b-b460-018096237cb9'),('491598d9-1ca9-4402-86f3-87b92cf96f11','0e9e1858-b649-4961-8e79-561f6e058836','Cultural','Music Club',NULL,'Member','2025-07-01',NULL,NULL,NULL,NULL,'Active','2f88e3f3-652b-4be3-adbf-ea697f89bade','{}','2026-05-27 22:34:50','2026-05-27 22:34:50',1,NULL,NULL,NULL,NULL,'659a72a6-284a-4b1b-b460-018096237cb9'),('491598d9-1ca9-4402-86f3-87b92cf96f11','20ae1e67-5fb3-48ac-89f7-f47dda7407c1','Cultural','Music Club',NULL,'Member','2025-07-01',NULL,NULL,NULL,NULL,'Active','3763626b-a639-4fbd-966d-1dbd7b774f3f','{}','2026-05-27 22:34:50','2026-05-27 22:34:50',1,NULL,NULL,NULL,NULL,'659a72a6-284a-4b1b-b460-018096237cb9'),('491598d9-1ca9-4402-86f3-87b92cf96f11','b656d8da-0176-43e6-b53d-0cb4c7bab509','Academic','Coding Club',NULL,'Captain','2025-07-01',NULL,NULL,NULL,NULL,'Active','38be851c-2166-45de-a292-eb5026d72a37','{}','2026-05-27 22:34:50','2026-05-27 22:34:50',1,NULL,NULL,NULL,NULL,'659a72a6-284a-4b1b-b460-018096237cb9'),('491598d9-1ca9-4402-86f3-87b92cf96f11','e32641ce-926f-4338-ac29-3f2a89e94524','Sports','Cricket Club',NULL,'Member','2025-07-01',NULL,NULL,NULL,NULL,'Active','40873628-628f-44c0-baae-d8fdc50f0bce','{}','2026-05-27 22:34:50','2026-05-27 22:34:50',1,NULL,NULL,NULL,NULL,'659a72a6-284a-4b1b-b460-018096237cb9'),('491598d9-1ca9-4402-86f3-87b92cf96f11','e77aeb23-e06c-4060-940b-e98c6076ae15','Cultural','Art Club',NULL,'Member','2025-07-01',NULL,NULL,NULL,NULL,'Active','41235d14-a730-4ff5-bc9e-3cc62566f5b8','{}','2026-05-27 22:34:50','2026-05-27 22:34:50',1,NULL,NULL,NULL,NULL,'659a72a6-284a-4b1b-b460-018096237cb9'),('491598d9-1ca9-4402-86f3-87b92cf96f11','cff46e7b-0ff3-4ed5-84d8-f64ec9ce9811','Sports','Cricket Club',NULL,'Captain','2025-07-01',NULL,NULL,NULL,NULL,'Active','47201bbf-3220-4171-8220-07fe41484320','{}','2026-05-27 22:34:50','2026-05-27 22:34:50',1,NULL,NULL,NULL,NULL,'659a72a6-284a-4b1b-b460-018096237cb9'),('491598d9-1ca9-4402-86f3-87b92cf96f11','dcd9ac28-b22f-41ce-90e8-46b4dfae4799','Sports','Cricket Club',NULL,'Captain','2025-07-01',NULL,NULL,NULL,NULL,'Active','541ff881-3282-4d0d-a916-e001aa5e9a15','{}','2026-05-27 22:34:50','2026-05-27 22:34:50',1,NULL,NULL,NULL,NULL,'659a72a6-284a-4b1b-b460-018096237cb9'),('491598d9-1ca9-4402-86f3-87b92cf96f11','0e9e1858-b649-4961-8e79-561f6e058836','Academic','Coding Club',NULL,'Member','2025-07-01',NULL,NULL,NULL,NULL,'Active','66cbd2a1-1dbd-4693-a3e8-4126b4124d26','{}','2026-05-27 22:34:50','2026-05-27 22:34:50',1,NULL,NULL,NULL,NULL,'659a72a6-284a-4b1b-b460-018096237cb9'),('491598d9-1ca9-4402-86f3-87b92cf96f11','a0a7ebf8-7824-4bf1-a8b3-401b0fcf1801','Academic','Coding Club',NULL,'Member','2025-07-01',NULL,NULL,NULL,NULL,'Active','6edc7cfb-facb-4eb0-a088-b20337c66bbc','{}','2026-05-27 22:34:50','2026-05-27 22:34:50',1,NULL,NULL,NULL,NULL,'659a72a6-284a-4b1b-b460-018096237cb9'),('491598d9-1ca9-4402-86f3-87b92cf96f11','b656d8da-0176-43e6-b53d-0cb4c7bab509','Academic','Debate Society',NULL,'Captain','2025-07-01',NULL,NULL,NULL,NULL,'Active','6f6ee228-dd3b-47e0-a590-37696111a9c2','{}','2026-05-27 22:34:50','2026-05-27 22:34:50',1,NULL,NULL,NULL,NULL,'659a72a6-284a-4b1b-b460-018096237cb9'),('491598d9-1ca9-4402-86f3-87b92cf96f11','a81dcd18-15ed-467b-8583-60cbf3665752','Academic','Science Club',NULL,'Member','2025-07-01',NULL,NULL,NULL,NULL,'Active','6fc902b2-5496-4719-afe2-cb582ee9c92c','{}','2026-05-27 22:34:50','2026-05-27 22:34:50',1,NULL,NULL,NULL,NULL,'659a72a6-284a-4b1b-b460-018096237cb9'),('491598d9-1ca9-4402-86f3-87b92cf96f11','dac10e09-9beb-4354-afaf-4f4bd6dc23a6','Sports','Cricket Club',NULL,'Member','2025-07-01',NULL,NULL,NULL,NULL,'Active','70228001-cf0f-4176-a1e6-8885a861f8b4','{}','2026-05-27 22:34:50','2026-05-27 22:34:50',1,NULL,NULL,NULL,NULL,'659a72a6-284a-4b1b-b460-018096237cb9'),('491598d9-1ca9-4402-86f3-87b92cf96f11','d50613db-5b80-4dfc-bc55-865d8ddbcb25','Cultural','Music Club',NULL,'Member','2025-07-01',NULL,NULL,NULL,NULL,'Active','729de406-059b-404a-afdb-2b4bfe7d5341','{}','2026-05-27 22:34:50','2026-05-27 22:34:50',1,NULL,NULL,NULL,NULL,'659a72a6-284a-4b1b-b460-018096237cb9'),('491598d9-1ca9-4402-86f3-87b92cf96f11','cff46e7b-0ff3-4ed5-84d8-f64ec9ce9811','Sports','Basketball Team',NULL,'Captain','2025-07-01',NULL,NULL,NULL,NULL,'Active','76151e4d-be31-4fb3-af10-4537592173f4','{}','2026-05-27 22:34:50','2026-05-27 22:34:50',1,NULL,NULL,NULL,NULL,'659a72a6-284a-4b1b-b460-018096237cb9'),('491598d9-1ca9-4402-86f3-87b92cf96f11','a0a7ebf8-7824-4bf1-a8b3-401b0fcf1801','Academic','Science Club',NULL,'Member','2025-07-01',NULL,NULL,NULL,NULL,'Active','76ef152e-da39-493f-bc22-0d1a59a3eced','{}','2026-05-27 22:34:50','2026-05-27 22:34:50',1,NULL,NULL,NULL,NULL,'659a72a6-284a-4b1b-b460-018096237cb9'),('491598d9-1ca9-4402-86f3-87b92cf96f11','dac10e09-9beb-4354-afaf-4f4bd6dc23a6','Sports','Basketball Team',NULL,'Member','2025-07-01',NULL,NULL,NULL,NULL,'Active','7777a531-ddd8-4e2c-8775-afb4e9265850','{}','2026-05-27 22:34:50','2026-05-27 22:34:50',1,NULL,NULL,NULL,NULL,'659a72a6-284a-4b1b-b460-018096237cb9'),('491598d9-1ca9-4402-86f3-87b92cf96f11','fea91fe4-40b6-422d-b549-b4089cc7223d','Academic','Chess Club',NULL,'Member','2025-07-01',NULL,NULL,NULL,NULL,'Active','7beeb079-70a4-4d40-a116-0b627e8415c9','{}','2026-05-27 22:34:50','2026-05-27 22:34:50',1,NULL,NULL,NULL,NULL,'659a72a6-284a-4b1b-b460-018096237cb9'),('491598d9-1ca9-4402-86f3-87b92cf96f11','4a81aff3-2e60-460f-98e1-fd7afc013c21','Academic','Science Club',NULL,'Captain','2025-07-01',NULL,NULL,NULL,NULL,'Active','8444f21c-86a6-4eeb-b3c8-450c315a2210','{}','2026-05-27 22:34:50','2026-05-27 22:34:50',1,NULL,NULL,NULL,NULL,'659a72a6-284a-4b1b-b460-018096237cb9'),('491598d9-1ca9-4402-86f3-87b92cf96f11','dcd9ac28-b22f-41ce-90e8-46b4dfae4799','Academic','Debate Society',NULL,'Captain','2025-07-01',NULL,NULL,NULL,NULL,'Active','85bbe381-796a-42a5-b58c-08da371854fa','{}','2026-05-27 22:34:50','2026-05-27 22:34:50',1,NULL,NULL,NULL,NULL,'659a72a6-284a-4b1b-b460-018096237cb9'),('491598d9-1ca9-4402-86f3-87b92cf96f11','96cc2aff-1541-447c-8d31-35c2f80d4428','Sports','Basketball Team',NULL,'Captain','2025-07-01',NULL,NULL,NULL,NULL,'Active','8aa2d05b-53bc-4f3d-b5f9-3436a6170b2d','{}','2026-05-27 22:34:50','2026-05-27 22:34:50',1,NULL,NULL,NULL,NULL,'659a72a6-284a-4b1b-b460-018096237cb9'),('491598d9-1ca9-4402-86f3-87b92cf96f11','4297c48a-a425-4828-961d-1e09369bda04','Cultural','Music Club',NULL,'Member','2025-07-01',NULL,NULL,NULL,NULL,'Active','99218c0f-0d95-45f5-ad7c-199338224f94','{}','2026-05-27 22:34:50','2026-05-27 22:34:50',1,NULL,NULL,NULL,NULL,'659a72a6-284a-4b1b-b460-018096237cb9'),('491598d9-1ca9-4402-86f3-87b92cf96f11','42e817b5-8abc-43aa-8a80-3e98221c4ab6','Sports','Cricket Club',NULL,'Member','2025-07-01',NULL,NULL,NULL,NULL,'Active','9b46a002-de57-4245-953a-3d9dbf79f61e','{}','2026-05-27 22:34:50','2026-05-27 22:34:50',1,NULL,NULL,NULL,NULL,'659a72a6-284a-4b1b-b460-018096237cb9'),('491598d9-1ca9-4402-86f3-87b92cf96f11','ff8d12ed-6489-43dd-b2b1-88c02d42f826','Cultural','Music Club',NULL,'Captain','2025-07-01',NULL,NULL,NULL,NULL,'Active','9cb5f34d-83a4-418e-8e9f-8848c86ccf6e','{}','2026-05-27 22:34:50','2026-05-27 22:34:50',1,NULL,NULL,NULL,NULL,'659a72a6-284a-4b1b-b460-018096237cb9'),('491598d9-1ca9-4402-86f3-87b92cf96f11','e32641ce-926f-4338-ac29-3f2a89e94524','Academic','Debate Society',NULL,'Member','2025-07-01',NULL,NULL,NULL,NULL,'Active','a6d456b5-d77b-4a6c-8520-8671cbef443c','{}','2026-05-27 22:34:50','2026-05-27 22:34:50',1,NULL,NULL,NULL,NULL,'659a72a6-284a-4b1b-b460-018096237cb9'),('491598d9-1ca9-4402-86f3-87b92cf96f11','e81f6d5a-d28d-4aea-9771-ca26ef984530','Academic','Debate Society',NULL,'Member','2025-07-01',NULL,NULL,NULL,NULL,'Active','b1db7f61-8142-451c-8e68-42b250a9b03a','{}','2026-05-27 22:34:50','2026-05-27 22:34:50',1,NULL,NULL,NULL,NULL,'659a72a6-284a-4b1b-b460-018096237cb9'),('491598d9-1ca9-4402-86f3-87b92cf96f11','467b52aa-b799-43d5-b6cc-ca9f96b7a907','Academic','Chess Club',NULL,'Captain','2025-07-01',NULL,NULL,NULL,NULL,'Active','b4c8e5c9-6e96-4cc8-8fb3-41dc03e54c2f','{}','2026-05-27 22:34:50','2026-05-27 22:34:50',1,NULL,NULL,NULL,NULL,'659a72a6-284a-4b1b-b460-018096237cb9'),('491598d9-1ca9-4402-86f3-87b92cf96f11','0a3f6d58-7348-4c37-ab09-ebe0238a3b1f','Academic','Debate Society',NULL,'Captain','2025-07-01',NULL,NULL,NULL,NULL,'Active','b4d85598-cf66-466f-a339-f784a3073fc6','{}','2026-05-27 22:34:50','2026-05-27 22:34:50',1,NULL,NULL,NULL,NULL,'659a72a6-284a-4b1b-b460-018096237cb9'),('491598d9-1ca9-4402-86f3-87b92cf96f11','980a5137-5d5f-48de-927d-f2d2db672c2f','Cultural','Music Club',NULL,'Member','2025-07-01',NULL,NULL,NULL,NULL,'Active','ba36670b-5e7c-4b75-9db6-63c4d49b046a','{}','2026-05-27 22:34:50','2026-05-27 22:34:50',1,NULL,NULL,NULL,NULL,'659a72a6-284a-4b1b-b460-018096237cb9'),('491598d9-1ca9-4402-86f3-87b92cf96f11','a81dcd18-15ed-467b-8583-60cbf3665752','Sports','Basketball Team',NULL,'Member','2025-07-01',NULL,NULL,NULL,NULL,'Active','ba392c34-5045-4a92-b993-33eefca3b83f','{}','2026-05-27 22:34:50','2026-05-27 22:34:50',1,NULL,NULL,NULL,NULL,'659a72a6-284a-4b1b-b460-018096237cb9'),('491598d9-1ca9-4402-86f3-87b92cf96f11','dcd9ac28-b22f-41ce-90e8-46b4dfae4799','Academic','Coding Club',NULL,'Captain','2025-07-01',NULL,NULL,NULL,NULL,'Active','bddcc0e0-05ef-470f-a165-c81c5210a66b','{}','2026-05-27 22:34:50','2026-05-27 22:34:50',1,NULL,NULL,NULL,NULL,'659a72a6-284a-4b1b-b460-018096237cb9'),('491598d9-1ca9-4402-86f3-87b92cf96f11','a8cc521b-8de9-42c5-8500-6c7c0638d050','Academic','Science Club',NULL,'Member','2025-07-01',NULL,NULL,NULL,NULL,'Active','c03ad982-5d09-425f-9a5f-ed2809f38e5a','{}','2026-05-27 22:34:50','2026-05-27 22:34:50',1,NULL,NULL,NULL,NULL,'659a72a6-284a-4b1b-b460-018096237cb9'),('491598d9-1ca9-4402-86f3-87b92cf96f11','e77aeb23-e06c-4060-940b-e98c6076ae15','Academic','Chess Club',NULL,'Member','2025-07-01',NULL,NULL,NULL,NULL,'Active','c4309bbe-ca1d-4ac2-a83a-74fbeacc8d74','{}','2026-05-27 22:34:50','2026-05-27 22:34:50',1,NULL,NULL,NULL,NULL,'659a72a6-284a-4b1b-b460-018096237cb9'),('491598d9-1ca9-4402-86f3-87b92cf96f11','e81f6d5a-d28d-4aea-9771-ca26ef984530','Academic','Chess Club',NULL,'Member','2025-07-01',NULL,NULL,NULL,NULL,'Active','cf782576-7278-4eac-9e85-345662a68131','{}','2026-05-27 22:34:50','2026-05-27 22:34:50',1,NULL,NULL,NULL,NULL,'659a72a6-284a-4b1b-b460-018096237cb9'),('491598d9-1ca9-4402-86f3-87b92cf96f11','4a81aff3-2e60-460f-98e1-fd7afc013c21','Sports','Basketball Team',NULL,'Captain','2025-07-01',NULL,NULL,NULL,NULL,'Active','d5fd4dde-4382-4b04-b5cb-09e95923473a','{}','2026-05-27 22:34:50','2026-05-27 22:34:50',1,NULL,NULL,NULL,NULL,'659a72a6-284a-4b1b-b460-018096237cb9'),('491598d9-1ca9-4402-86f3-87b92cf96f11','21a9a63c-efc4-4459-b072-61b898412a5a','Sports','Basketball Team',NULL,'Member','2025-07-01',NULL,NULL,NULL,NULL,'Active','db0622b4-3b3d-416e-8031-64a2a8d0474d','{}','2026-05-27 22:34:50','2026-05-27 22:34:50',1,NULL,NULL,NULL,NULL,'659a72a6-284a-4b1b-b460-018096237cb9'),('491598d9-1ca9-4402-86f3-87b92cf96f11','42e817b5-8abc-43aa-8a80-3e98221c4ab6','Academic','Coding Club',NULL,'Member','2025-07-01',NULL,NULL,NULL,NULL,'Active','dfc1bf3e-54e3-4990-b9ff-cd1a573b1ba1','{}','2026-05-27 22:34:50','2026-05-27 22:34:50',1,NULL,NULL,NULL,NULL,'659a72a6-284a-4b1b-b460-018096237cb9'),('491598d9-1ca9-4402-86f3-87b92cf96f11','8439d760-20b7-4d8f-a0c9-40e1b2dfba6a','Academic','Coding Club',NULL,'Captain','2025-07-01',NULL,NULL,NULL,NULL,'Active','e4e35000-3196-4e7c-9c90-f7a2456676aa','{}','2026-05-27 22:34:50','2026-05-27 22:34:50',1,NULL,NULL,NULL,NULL,'659a72a6-284a-4b1b-b460-018096237cb9'),('491598d9-1ca9-4402-86f3-87b92cf96f11','20ae1e67-5fb3-48ac-89f7-f47dda7407c1','Cultural','Art Club',NULL,'Member','2025-07-01',NULL,NULL,NULL,NULL,'Active','e50a42de-cf7e-4b54-b403-a2e7f354a531','{}','2026-05-27 22:34:50','2026-05-27 22:34:50',1,NULL,NULL,NULL,NULL,'659a72a6-284a-4b1b-b460-018096237cb9'),('491598d9-1ca9-4402-86f3-87b92cf96f11','8439d760-20b7-4d8f-a0c9-40e1b2dfba6a','Cultural','Art Club',NULL,'Captain','2025-07-01',NULL,NULL,NULL,NULL,'Active','e5cf723d-5538-4d4d-8734-ca185fb9b2dd','{}','2026-05-27 22:34:50','2026-05-27 22:34:50',1,NULL,NULL,NULL,NULL,'659a72a6-284a-4b1b-b460-018096237cb9'),('491598d9-1ca9-4402-86f3-87b92cf96f11','a0a7ebf8-7824-4bf1-a8b3-401b0fcf1801','Academic','Debate Society',NULL,'Member','2025-07-01',NULL,NULL,NULL,NULL,'Active','eb1b3e2a-bd40-4b21-8189-596644acfd0c','{}','2026-05-27 22:34:50','2026-05-27 22:34:50',1,NULL,NULL,NULL,NULL,'659a72a6-284a-4b1b-b460-018096237cb9'),('491598d9-1ca9-4402-86f3-87b92cf96f11','e32641ce-926f-4338-ac29-3f2a89e94524','Academic','Coding Club',NULL,'Member','2025-07-01',NULL,NULL,NULL,NULL,'Active','f0683e4e-0e13-4c10-8c14-45369c6451bf','{}','2026-05-27 22:34:50','2026-05-27 22:34:50',1,NULL,NULL,NULL,NULL,'659a72a6-284a-4b1b-b460-018096237cb9'),('491598d9-1ca9-4402-86f3-87b92cf96f11','6bc40a80-af77-4da5-b009-098e08d37281','Cultural','Art Club',NULL,'Member','2025-07-01',NULL,NULL,NULL,NULL,'Active','f14407b4-933f-4069-a36f-bad8ba65ee7b','{}','2026-05-27 22:34:50','2026-05-27 22:34:50',1,NULL,NULL,NULL,NULL,'659a72a6-284a-4b1b-b460-018096237cb9'),('491598d9-1ca9-4402-86f3-87b92cf96f11','35fee766-a623-4c7f-acd1-aad490913162','Academic','Chess Club',NULL,'Member','2025-07-01',NULL,NULL,NULL,NULL,'Active','f4d05711-aa00-466c-8bd9-bc84d37b9c47','{}','2026-05-27 22:34:50','2026-05-27 22:34:50',1,NULL,NULL,NULL,NULL,'659a72a6-284a-4b1b-b460-018096237cb9'),('491598d9-1ca9-4402-86f3-87b92cf96f11','e81f6d5a-d28d-4aea-9771-ca26ef984530','Academic','Science Club',NULL,'Member','2025-07-01',NULL,NULL,NULL,NULL,'Active','fb9f654b-8ae5-479c-a5ac-456a56b594fd','{}','2026-05-27 22:34:50','2026-05-27 22:34:50',1,NULL,NULL,NULL,NULL,'659a72a6-284a-4b1b-b460-018096237cb9');
/*!40000 ALTER TABLE `activities` ENABLE KEYS */;
UNLOCK TABLES;

--
-- Table structure for table `adhoc_classes`
--

DROP TABLE IF EXISTS `adhoc_classes`;
/*!40101 SET @saved_cs_client     = @@character_set_client */;
/*!50503 SET character_set_client = utf8mb4 */;
CREATE TABLE `adhoc_classes` (
  `academic_year_id` char(36) CHARACTER SET utf8mb4 COLLATE utf8mb4_unicode_ci NOT NULL,
  `staff_id` char(36) CHARACTER SET utf8mb4 COLLATE utf8mb4_unicode_ci NOT NULL,
  `class_section_id` char(36) CHARACTER SET utf8mb4 COLLATE utf8mb4_unicode_ci NOT NULL,
  `subject_id` char(36) CHARACTER SET utf8mb4 COLLATE utf8mb4_unicode_ci NOT NULL,
  `date` date NOT NULL,
  `start_time` time DEFAULT NULL,
  `end_time` time DEFAULT NULL,
  `duration_minutes` int DEFAULT NULL,
  `type` varchar(20) CHARACTER SET utf8mb4 COLLATE utf8mb4_unicode_ci NOT NULL,
  `reason` text CHARACTER SET utf8mb4 COLLATE utf8mb4_unicode_ci,
  `original_staff_id` char(36) CHARACTER SET utf8mb4 COLLATE utf8mb4_unicode_ci DEFAULT NULL,
  `topic` varchar(255) CHARACTER SET utf8mb4 COLLATE utf8mb4_unicode_ci DEFAULT NULL,
  `notes` text CHARACTER SET utf8mb4 COLLATE utf8mb4_unicode_ci,
  `student_count` int NOT NULL,
  `status` varchar(20) CHARACTER SET utf8mb4 COLLATE utf8mb4_unicode_ci NOT NULL,
  `description` text CHARACTER SET utf8mb4 COLLATE utf8mb4_unicode_ci,
  `id` char(36) CHARACTER SET utf8mb4 COLLATE utf8mb4_unicode_ci NOT NULL,
  `metadata` json NOT NULL,
  `created_at` datetime NOT NULL DEFAULT (now()),
  `updated_at` datetime NOT NULL DEFAULT (now()),
  `is_active` tinyint(1) NOT NULL,
  `deleted_at` datetime DEFAULT NULL,
  `deleted_by` char(36) CHARACTER SET utf8mb4 COLLATE utf8mb4_unicode_ci DEFAULT NULL,
  `created_by` char(36) CHARACTER SET utf8mb4 COLLATE utf8mb4_unicode_ci DEFAULT NULL,
  `updated_by` char(36) CHARACTER SET utf8mb4 COLLATE utf8mb4_unicode_ci DEFAULT NULL,
  `school_id` char(36) CHARACTER SET utf8mb4 COLLATE utf8mb4_unicode_ci NOT NULL,
  PRIMARY KEY (`id`),
  KEY `fk_adhoc_classes_academic_year_id_academic_years` (`academic_year_id`),
  KEY `fk_adhoc_classes_subject_id_subjects` (`subject_id`),
  KEY `fk_adhoc_classes_original_staff_id_staff` (`original_staff_id`),
  KEY `ix_adhoc_classes_is_active` (`is_active`),
  KEY `idx_adhoc_classes_class` (`class_section_id`,`date`),
  KEY `idx_adhoc_classes_date` (`school_id`,`date`),
  KEY `idx_adhoc_classes_status` (`school_id`,`academic_year_id`,`status`),
  KEY `ix_adhoc_classes_school_id` (`school_id`),
  KEY `idx_adhoc_classes_staff` (`staff_id`,`date`),
  CONSTRAINT `fk_adhoc_classes_academic_year_id_academic_years` FOREIGN KEY (`academic_year_id`) REFERENCES `academic_years` (`id`),
  CONSTRAINT `fk_adhoc_classes_class_section_id_class_sections` FOREIGN KEY (`class_section_id`) REFERENCES `class_sections` (`id`),
  CONSTRAINT `fk_adhoc_classes_original_staff_id_staff` FOREIGN KEY (`original_staff_id`) REFERENCES `staff` (`id`),
  CONSTRAINT `fk_adhoc_classes_school_id_schools` FOREIGN KEY (`school_id`) REFERENCES `schools` (`id`),
  CONSTRAINT `fk_adhoc_classes_staff_id_staff` FOREIGN KEY (`staff_id`) REFERENCES `staff` (`id`),
  CONSTRAINT `fk_adhoc_classes_subject_id_subjects` FOREIGN KEY (`subject_id`) REFERENCES `subjects` (`id`)
) ENGINE=InnoDB DEFAULT CHARSET=utf8mb4 COLLATE=utf8mb4_unicode_ci;
/*!40101 SET character_set_client = @saved_cs_client */;

--
-- Dumping data for table `adhoc_classes`
--

LOCK TABLES `adhoc_classes` WRITE;
/*!40000 ALTER TABLE `adhoc_classes` DISABLE KEYS */;
INSERT INTO `adhoc_classes` VALUES ('491598d9-1ca9-4402-86f3-87b92cf96f11','a2ccc78c-972b-4b82-9a5c-21317170b66e','09db56bb-57e7-4569-9086-fd2b2fa5ec5a','cbdf9dac-d844-4a62-8f63-edbd580764c3','2025-11-12','09:45:00','10:30:00',45,'Substitute','Regular teacher on leave','f55f47c2-6286-478e-b218-8f97ed41cd31',NULL,NULL,30,'Completed',NULL,'649d6991-4e3a-42ce-9812-417ad5c06e95','{}','2026-05-27 22:34:50','2026-05-27 22:34:50',1,NULL,NULL,NULL,NULL,'659a72a6-284a-4b1b-b460-018096237cb9');
/*!40000 ALTER TABLE `adhoc_classes` ENABLE KEYS */;
UNLOCK TABLES;

--
-- Table structure for table `alembic_version`
--

DROP TABLE IF EXISTS `alembic_version`;
/*!40101 SET @saved_cs_client     = @@character_set_client */;
/*!50503 SET character_set_client = utf8mb4 */;
CREATE TABLE `alembic_version` (
  `version_num` varchar(32) COLLATE utf8mb4_unicode_ci NOT NULL,
  PRIMARY KEY (`version_num`)
) ENGINE=InnoDB DEFAULT CHARSET=utf8mb4 COLLATE=utf8mb4_unicode_ci;
/*!40101 SET character_set_client = @saved_cs_client */;

--
-- Dumping data for table `alembic_version`
--

LOCK TABLES `alembic_version` WRITE;
/*!40000 ALTER TABLE `alembic_version` DISABLE KEYS */;
INSERT INTO `alembic_version` VALUES ('a728f523717c');
/*!40000 ALTER TABLE `alembic_version` ENABLE KEYS */;
UNLOCK TABLES;

--
-- Table structure for table `assignment_submissions`
--

DROP TABLE IF EXISTS `assignment_submissions`;
/*!40101 SET @saved_cs_client     = @@character_set_client */;
/*!50503 SET character_set_client = utf8mb4 */;
CREATE TABLE `assignment_submissions` (
  `assignment_id` char(36) CHARACTER SET utf8mb4 COLLATE utf8mb4_unicode_ci NOT NULL,
  `student_id` char(36) CHARACTER SET utf8mb4 COLLATE utf8mb4_unicode_ci NOT NULL,
  `status` varchar(20) CHARACTER SET utf8mb4 COLLATE utf8mb4_unicode_ci NOT NULL,
  `submitted_at` datetime DEFAULT NULL,
  `comments` text CHARACTER SET utf8mb4 COLLATE utf8mb4_unicode_ci,
  `file_urls` json DEFAULT NULL,
  `marks` decimal(6,2) DEFAULT NULL,
  `feedback` text CHARACTER SET utf8mb4 COLLATE utf8mb4_unicode_ci,
  `graded_at` datetime DEFAULT NULL,
  `graded_by` char(36) CHARACTER SET utf8mb4 COLLATE utf8mb4_unicode_ci DEFAULT NULL,
  `is_late` tinyint(1) NOT NULL,
  `id` char(36) CHARACTER SET utf8mb4 COLLATE utf8mb4_unicode_ci NOT NULL,
  `metadata` json NOT NULL,
  `created_at` datetime NOT NULL DEFAULT (now()),
  `updated_at` datetime NOT NULL DEFAULT (now()),
  `is_active` tinyint(1) NOT NULL,
  `deleted_at` datetime DEFAULT NULL,
  `deleted_by` char(36) CHARACTER SET utf8mb4 COLLATE utf8mb4_unicode_ci DEFAULT NULL,
  `created_by` char(36) CHARACTER SET utf8mb4 COLLATE utf8mb4_unicode_ci DEFAULT NULL,
  `updated_by` char(36) CHARACTER SET utf8mb4 COLLATE utf8mb4_unicode_ci DEFAULT NULL,
  `school_id` char(36) CHARACTER SET utf8mb4 COLLATE utf8mb4_unicode_ci NOT NULL,
  PRIMARY KEY (`id`),
  UNIQUE KEY `uq_assignment_submissions_school_assignment_student` (`school_id`,`assignment_id`,`student_id`),
  KEY `fk_assignment_submissions_graded_by_staff` (`graded_by`),
  KEY `ix_assignment_submissions_school_id` (`school_id`),
  KEY `ix_assignment_submissions_is_active` (`is_active`),
  KEY `idx_assignment_submissions_assignment` (`assignment_id`,`status`),
  KEY `idx_assignment_submissions_student` (`student_id`),
  CONSTRAINT `fk_assignment_submissions_assignment_id_assignments` FOREIGN KEY (`assignment_id`) REFERENCES `assignments` (`id`) ON DELETE CASCADE,
  CONSTRAINT `fk_assignment_submissions_graded_by_staff` FOREIGN KEY (`graded_by`) REFERENCES `staff` (`id`),
  CONSTRAINT `fk_assignment_submissions_school_id_schools` FOREIGN KEY (`school_id`) REFERENCES `schools` (`id`),
  CONSTRAINT `fk_assignment_submissions_student_id_students` FOREIGN KEY (`student_id`) REFERENCES `students` (`id`)
) ENGINE=InnoDB DEFAULT CHARSET=utf8mb4 COLLATE=utf8mb4_unicode_ci;
/*!40101 SET character_set_client = @saved_cs_client */;

--
-- Dumping data for table `assignment_submissions`
--

LOCK TABLES `assignment_submissions` WRITE;
/*!40000 ALTER TABLE `assignment_submissions` DISABLE KEYS */;
INSERT INTO `assignment_submissions` VALUES ('f431e1cc-1ea3-4b86-a950-956ebfeef88e','718e064c-26d8-4d8e-8bbb-fcebd31f70b1','Graded','2025-10-15 15:00:00',NULL,'[]',63.00,NULL,NULL,NULL,0,'008bfa5d-716b-444d-9921-620a87382e7b','{}','2026-05-27 22:34:50','2026-05-27 22:34:50',1,NULL,NULL,NULL,NULL,'659a72a6-284a-4b1b-b460-018096237cb9'),('647508c8-cd2a-428e-b5f2-28da9ff9df2e','dcd9ac28-b22f-41ce-90e8-46b4dfae4799','Graded','2025-10-15 09:00:00',NULL,'[]',92.00,NULL,NULL,NULL,1,'019226e0-b7b5-4702-bf77-ef84921b5a73','{}','2026-05-27 22:34:50','2026-05-27 22:34:50',1,NULL,NULL,NULL,NULL,'659a72a6-284a-4b1b-b460-018096237cb9'),('70625f72-fab5-4ecd-bf1c-8b303e02d739','467b52aa-b799-43d5-b6cc-ca9f96b7a907','Graded','2025-10-15 14:00:00',NULL,'[]',86.00,NULL,NULL,NULL,0,'033b3e6e-0ef3-4bc9-845c-2cdfa7586ba1','{}','2026-05-27 22:34:50','2026-05-27 22:34:50',1,NULL,NULL,NULL,NULL,'659a72a6-284a-4b1b-b460-018096237cb9'),('f431e1cc-1ea3-4b86-a950-956ebfeef88e','4297c48a-a425-4828-961d-1e09369bda04','Graded','2025-10-15 11:00:00',NULL,'[]',83.00,NULL,NULL,NULL,0,'04d00b4c-1f05-4321-a51d-e619c3630599','{}','2026-05-27 22:34:50','2026-05-27 22:34:50',1,NULL,NULL,NULL,NULL,'659a72a6-284a-4b1b-b460-018096237cb9'),('ee7ea3f9-f768-4fdb-ad51-064ecf0d23ac','e77aeb23-e06c-4060-940b-e98c6076ae15','Graded','2025-10-15 16:00:00',NULL,'[]',67.00,NULL,NULL,NULL,0,'04d7ba53-d231-4ab2-aef1-48253d814fc8','{}','2026-05-27 22:34:50','2026-05-27 22:34:50',1,NULL,NULL,NULL,NULL,'659a72a6-284a-4b1b-b460-018096237cb9'),('ab1d7de7-487f-44f7-9aef-3c4bdb53a43b','d1ca8baf-ef87-4b9a-84fc-694cde5ad95f','Graded','2025-10-15 14:00:00',NULL,'[]',67.00,NULL,NULL,NULL,0,'05e349a2-09c1-4f0d-a07e-4111095a535b','{}','2026-05-27 22:34:50','2026-05-27 22:34:50',1,NULL,NULL,NULL,NULL,'659a72a6-284a-4b1b-b460-018096237cb9'),('36a5b488-951d-43ff-ab3e-58cc4aeb2187','4a81aff3-2e60-460f-98e1-fd7afc013c21','Graded','2025-10-15 12:00:00',NULL,'[]',82.00,NULL,NULL,NULL,0,'060d0f4a-ae07-4d12-b4ed-e296cdbb62f1','{}','2026-05-27 22:34:50','2026-05-27 22:34:50',1,NULL,NULL,NULL,NULL,'659a72a6-284a-4b1b-b460-018096237cb9'),('c4ca6710-0185-44ba-81d8-e6863cde7d48','20ae1e67-5fb3-48ac-89f7-f47dda7407c1','Graded','2025-10-15 12:00:00',NULL,'[]',64.00,NULL,NULL,NULL,0,'07895cb4-3f4b-41ef-8c7f-5f35ac5a4b04','{}','2026-05-27 22:34:50','2026-05-27 22:34:50',1,NULL,NULL,NULL,NULL,'659a72a6-284a-4b1b-b460-018096237cb9'),('eba74c79-ea0b-4f67-922c-e9094f7bf389','6bc40a80-af77-4da5-b009-098e08d37281','Graded','2025-10-15 16:00:00',NULL,'[]',89.00,NULL,NULL,NULL,0,'094c640b-bbc0-4dad-87b6-3558bb9bfb8e','{}','2026-05-27 22:34:50','2026-05-27 22:34:50',1,NULL,NULL,NULL,NULL,'659a72a6-284a-4b1b-b460-018096237cb9'),('7f8a8828-c4d1-4f63-8538-6fa378a158e6','d1ca8baf-ef87-4b9a-84fc-694cde5ad95f','Graded','2025-10-15 14:00:00',NULL,'[]',94.00,NULL,NULL,NULL,0,'09c7f84d-6e50-4113-bea6-b32b0acc0943','{}','2026-05-27 22:34:50','2026-05-27 22:34:50',1,NULL,NULL,NULL,NULL,'659a72a6-284a-4b1b-b460-018096237cb9'),('7b713b1b-bd2f-46bf-8a66-f8eed53882cf','467b52aa-b799-43d5-b6cc-ca9f96b7a907','Graded','2025-10-15 14:00:00',NULL,'[]',62.00,NULL,NULL,NULL,0,'09cbc5b8-f64f-4d99-8dc2-4b64e03c29d7','{}','2026-05-27 22:34:50','2026-05-27 22:34:50',1,NULL,NULL,NULL,NULL,'659a72a6-284a-4b1b-b460-018096237cb9'),('3061f10f-4eb8-43f1-b5e6-c37b6fa72c86','a0a7ebf8-7824-4bf1-a8b3-401b0fcf1801','Graded','2025-10-15 09:00:00',NULL,'[]',72.00,NULL,NULL,NULL,1,'0a320786-a6b3-4dcc-866d-9d7314f7a552','{}','2026-05-27 22:34:50','2026-05-27 22:34:50',1,NULL,NULL,NULL,NULL,'659a72a6-284a-4b1b-b460-018096237cb9'),('ee7ea3f9-f768-4fdb-ad51-064ecf0d23ac','e81f6d5a-d28d-4aea-9771-ca26ef984530','Graded','2025-10-15 10:00:00',NULL,'[]',79.00,NULL,NULL,NULL,0,'0db5b480-a3f0-476c-88c6-92509538f2da','{}','2026-05-27 22:34:50','2026-05-27 22:34:50',1,NULL,NULL,NULL,NULL,'659a72a6-284a-4b1b-b460-018096237cb9'),('3187ced1-46d6-4a86-bca6-60bbde021710','dcd9ac28-b22f-41ce-90e8-46b4dfae4799','Graded','2025-10-15 09:00:00',NULL,'[]',76.00,NULL,NULL,NULL,0,'0e4eaa6e-99ca-44a0-85e8-92b9cb758607','{}','2026-05-27 22:34:50','2026-05-27 22:34:50',1,NULL,NULL,NULL,NULL,'659a72a6-284a-4b1b-b460-018096237cb9'),('b0fa82b9-5dd6-4781-bc27-e7f6c7e9aeb1','a0a7ebf8-7824-4bf1-a8b3-401b0fcf1801','Submitted','2025-10-15 09:00:00',NULL,'[]',NULL,NULL,NULL,NULL,0,'0f49b48d-4e93-4687-8075-4b4d5d92a755','{}','2026-05-27 22:34:50','2026-05-27 22:34:50',1,NULL,NULL,NULL,NULL,'659a72a6-284a-4b1b-b460-018096237cb9'),('6eb57260-2586-4fb2-aab4-76e624c2171a','20ae1e67-5fb3-48ac-89f7-f47dda7407c1','Graded','2025-10-15 12:00:00',NULL,'[]',66.00,NULL,NULL,NULL,0,'0f9bfe44-c54d-40c5-bcbc-8e6be73a3cab','{}','2026-05-27 22:34:50','2026-05-27 22:34:50',1,NULL,NULL,NULL,NULL,'659a72a6-284a-4b1b-b460-018096237cb9'),('8baad351-bc24-4cda-8d1a-a01d0ca7757c','a81dcd18-15ed-467b-8583-60cbf3665752','Graded','2025-10-15 14:00:00',NULL,'[]',61.00,NULL,NULL,NULL,0,'10743aab-7c2c-493c-8911-226bfe908557','{}','2026-05-27 22:34:50','2026-05-27 22:34:50',1,NULL,NULL,NULL,NULL,'659a72a6-284a-4b1b-b460-018096237cb9'),('8baad351-bc24-4cda-8d1a-a01d0ca7757c','e77aeb23-e06c-4060-940b-e98c6076ae15','Graded','2025-10-15 16:00:00',NULL,'[]',87.00,NULL,NULL,NULL,0,'10c69776-556f-49e3-994b-6cda8e605b8d','{}','2026-05-27 22:34:50','2026-05-27 22:34:50',1,NULL,NULL,NULL,NULL,'659a72a6-284a-4b1b-b460-018096237cb9'),('f431e1cc-1ea3-4b86-a950-956ebfeef88e','4a81aff3-2e60-460f-98e1-fd7afc013c21','Graded','2025-10-15 12:00:00',NULL,'[]',84.00,NULL,NULL,NULL,0,'11d3573f-5371-4fa2-8f1a-1efed63135d7','{}','2026-05-27 22:34:50','2026-05-27 22:34:50',1,NULL,NULL,NULL,NULL,'659a72a6-284a-4b1b-b460-018096237cb9'),('05af93ab-4102-4fdb-868a-1fbc175b705b','ff8d12ed-6489-43dd-b2b1-88c02d42f826','Graded','2025-10-15 16:00:00',NULL,'[]',62.00,NULL,NULL,NULL,0,'12b7532b-5532-4b76-9542-1d467e6ae8c2','{}','2026-05-27 22:34:50','2026-05-27 22:34:50',1,NULL,NULL,NULL,NULL,'659a72a6-284a-4b1b-b460-018096237cb9'),('b20059f6-ac50-48d9-b7b6-0b5ae2eb4c5f','35fee766-a623-4c7f-acd1-aad490913162','Graded','2025-10-15 14:00:00',NULL,'[]',89.00,NULL,NULL,NULL,0,'13145b75-d8d3-411b-bef8-3804f8b58a89','{}','2026-05-27 22:34:50','2026-05-27 22:34:50',1,NULL,NULL,NULL,NULL,'659a72a6-284a-4b1b-b460-018096237cb9'),('c4b0caee-988d-4b6c-9ad0-7d6c6048bb46','4a81aff3-2e60-460f-98e1-fd7afc013c21','Graded','2025-10-15 12:00:00',NULL,'[]',85.00,NULL,NULL,NULL,0,'14cfe139-4608-4022-be13-c0579a1b6a22','{}','2026-05-27 22:34:50','2026-05-27 22:34:50',1,NULL,NULL,NULL,NULL,'659a72a6-284a-4b1b-b460-018096237cb9'),('70625f72-fab5-4ecd-bf1c-8b303e02d739','a0a7ebf8-7824-4bf1-a8b3-401b0fcf1801','Submitted','2025-10-15 09:00:00',NULL,'[]',NULL,NULL,NULL,NULL,1,'15df7434-8703-4547-9aa2-10add68b5397','{}','2026-05-27 22:34:50','2026-05-27 22:34:50',1,NULL,NULL,NULL,NULL,'659a72a6-284a-4b1b-b460-018096237cb9'),('70625f72-fab5-4ecd-bf1c-8b303e02d739','0e9e1858-b649-4961-8e79-561f6e058836','Submitted','2025-10-15 13:00:00',NULL,'[]',NULL,NULL,NULL,NULL,0,'164926a1-a374-457d-a6c4-dc4096917bd9','{}','2026-05-27 22:34:50','2026-05-27 22:34:50',1,NULL,NULL,NULL,NULL,'659a72a6-284a-4b1b-b460-018096237cb9'),('ab1d7de7-487f-44f7-9aef-3c4bdb53a43b','ac753b58-b0cf-49a4-bb08-399faee3076d','Graded','2025-10-15 12:00:00',NULL,'[]',74.00,NULL,NULL,NULL,0,'1c471adc-1552-4706-a988-83acea68493d','{}','2026-05-27 22:34:50','2026-05-27 22:34:50',1,NULL,NULL,NULL,NULL,'659a72a6-284a-4b1b-b460-018096237cb9'),('6eb57260-2586-4fb2-aab4-76e624c2171a','dac10e09-9beb-4354-afaf-4f4bd6dc23a6','Graded','2025-10-15 11:00:00',NULL,'[]',66.00,NULL,NULL,NULL,0,'1fc90d2f-3c3c-4c37-9bd4-13e3e68e7063','{}','2026-05-27 22:34:50','2026-05-27 22:34:50',1,NULL,NULL,NULL,NULL,'659a72a6-284a-4b1b-b460-018096237cb9'),('3187ced1-46d6-4a86-bca6-60bbde021710','42e817b5-8abc-43aa-8a80-3e98221c4ab6','Graded','2025-10-15 13:00:00',NULL,'[]',71.00,NULL,NULL,NULL,0,'2162b5c3-b12d-4256-9e81-d791a4a7f832','{}','2026-05-27 22:34:50','2026-05-27 22:34:50',1,NULL,NULL,NULL,NULL,'659a72a6-284a-4b1b-b460-018096237cb9'),('6eb57260-2586-4fb2-aab4-76e624c2171a','ff8d12ed-6489-43dd-b2b1-88c02d42f826','Graded','2025-10-15 16:00:00',NULL,'[]',90.00,NULL,NULL,NULL,0,'228ef024-479f-4806-8ce3-e21739f6b35f','{}','2026-05-27 22:34:50','2026-05-27 22:34:50',1,NULL,NULL,NULL,NULL,'659a72a6-284a-4b1b-b460-018096237cb9'),('84199d93-211b-472c-944f-c1034cbbea42','4a81aff3-2e60-460f-98e1-fd7afc013c21','Graded','2025-10-15 12:00:00',NULL,'[]',95.00,NULL,NULL,NULL,0,'23b4d2eb-f6f4-40e6-b806-a92e6435bff3','{}','2026-05-27 22:34:50','2026-05-27 22:34:50',1,NULL,NULL,NULL,NULL,'659a72a6-284a-4b1b-b460-018096237cb9'),('b0fa82b9-5dd6-4781-bc27-e7f6c7e9aeb1','cff46e7b-0ff3-4ed5-84d8-f64ec9ce9811','Graded','2025-10-15 11:00:00',NULL,'[]',83.00,NULL,NULL,NULL,0,'258ab340-2cc7-4c34-9d3e-42c12a9a8fd6','{}','2026-05-27 22:34:50','2026-05-27 22:34:50',1,NULL,NULL,NULL,NULL,'659a72a6-284a-4b1b-b460-018096237cb9'),('36a5b488-951d-43ff-ab3e-58cc4aeb2187','a81dcd18-15ed-467b-8583-60cbf3665752','Graded','2025-10-15 14:00:00',NULL,'[]',91.00,NULL,NULL,NULL,0,'26fc45a9-9071-4338-9033-678cf1f51068','{}','2026-05-27 22:34:50','2026-05-27 22:34:50',1,NULL,NULL,NULL,NULL,'659a72a6-284a-4b1b-b460-018096237cb9'),('a4208155-0ea7-43d8-bbb5-047a56e7650c','a81dcd18-15ed-467b-8583-60cbf3665752','Graded','2025-10-15 14:00:00',NULL,'[]',62.00,NULL,NULL,NULL,0,'27bb295a-7ae8-4418-92e9-fc85e1a74d9d','{}','2026-05-27 22:34:50','2026-05-27 22:34:50',1,NULL,NULL,NULL,NULL,'659a72a6-284a-4b1b-b460-018096237cb9'),('f431e1cc-1ea3-4b86-a950-956ebfeef88e','42e817b5-8abc-43aa-8a80-3e98221c4ab6','Graded','2025-10-15 13:00:00',NULL,'[]',92.00,NULL,NULL,NULL,0,'28bbd49e-14c1-432f-9b36-17301c5dab36','{}','2026-05-27 22:34:50','2026-05-27 22:34:50',1,NULL,NULL,NULL,NULL,'659a72a6-284a-4b1b-b460-018096237cb9'),('0ac69c92-eb18-4c99-bf33-d572c3fec5a1','4297c48a-a425-4828-961d-1e09369bda04','Graded','2025-10-15 11:00:00',NULL,'[]',60.00,NULL,NULL,NULL,0,'2a917da8-c31a-4001-bf03-c390b88820e0','{}','2026-05-27 22:34:50','2026-05-27 22:34:50',1,NULL,NULL,NULL,NULL,'659a72a6-284a-4b1b-b460-018096237cb9'),('ab1d7de7-487f-44f7-9aef-3c4bdb53a43b','9398407c-f2ab-4629-b6a0-9b843f8761fb','Graded','2025-10-15 16:00:00',NULL,'[]',78.00,NULL,NULL,NULL,0,'2bb9a212-f165-40d0-8b53-b6f1a5d023cd','{}','2026-05-27 22:34:50','2026-05-27 22:34:50',1,NULL,NULL,NULL,NULL,'659a72a6-284a-4b1b-b460-018096237cb9'),('a4208155-0ea7-43d8-bbb5-047a56e7650c','42e817b5-8abc-43aa-8a80-3e98221c4ab6','Graded','2025-10-15 13:00:00',NULL,'[]',75.00,NULL,NULL,NULL,0,'2c3bd33d-12ae-46eb-8aa6-6ac74eacee44','{}','2026-05-27 22:34:50','2026-05-27 22:34:50',1,NULL,NULL,NULL,NULL,'659a72a6-284a-4b1b-b460-018096237cb9'),('33f5d11a-33af-4c45-9ae1-13770de7a079','0e9e1858-b649-4961-8e79-561f6e058836','Graded','2025-10-15 13:00:00',NULL,'[]',84.00,NULL,NULL,NULL,0,'2d513b84-bdd6-4321-b201-e7ee5c01fab8','{}','2026-05-27 22:34:50','2026-05-27 22:34:50',1,NULL,NULL,NULL,NULL,'659a72a6-284a-4b1b-b460-018096237cb9'),('33f5d11a-33af-4c45-9ae1-13770de7a079','467b52aa-b799-43d5-b6cc-ca9f96b7a907','Graded','2025-10-15 14:00:00',NULL,'[]',93.00,NULL,NULL,NULL,0,'2e55108d-0559-4a5d-b839-ad131b69b9ee','{}','2026-05-27 22:34:50','2026-05-27 22:34:50',1,NULL,NULL,NULL,NULL,'659a72a6-284a-4b1b-b460-018096237cb9'),('a4208155-0ea7-43d8-bbb5-047a56e7650c','dcd9ac28-b22f-41ce-90e8-46b4dfae4799','Graded','2025-10-15 09:00:00',NULL,'[]',68.00,NULL,NULL,NULL,0,'2efaab4e-24ea-465d-919e-5cff4d150db5','{}','2026-05-27 22:34:50','2026-05-27 22:34:50',1,NULL,NULL,NULL,NULL,'659a72a6-284a-4b1b-b460-018096237cb9'),('a4208155-0ea7-43d8-bbb5-047a56e7650c','4a81aff3-2e60-460f-98e1-fd7afc013c21','Graded','2025-10-15 12:00:00',NULL,'[]',76.00,NULL,NULL,NULL,0,'30fac2f0-6cc6-47ca-bdb7-8ac485a4d638','{}','2026-05-27 22:34:50','2026-05-27 22:34:50',1,NULL,NULL,NULL,NULL,'659a72a6-284a-4b1b-b460-018096237cb9'),('6eb57260-2586-4fb2-aab4-76e624c2171a','35fee766-a623-4c7f-acd1-aad490913162','Graded','2025-10-15 14:00:00',NULL,'[]',73.00,NULL,NULL,NULL,0,'3121b2a4-0de7-49d9-8eef-5371e78ea65b','{}','2026-05-27 22:34:50','2026-05-27 22:34:50',1,NULL,NULL,NULL,NULL,'659a72a6-284a-4b1b-b460-018096237cb9'),('0a746d13-f50c-486c-a7e1-2ba4b54d887b','35fee766-a623-4c7f-acd1-aad490913162','Graded','2025-10-15 14:00:00',NULL,'[]',76.00,NULL,NULL,NULL,0,'313649af-a8a2-4ce0-a333-285c23963d4e','{}','2026-05-27 22:34:50','2026-05-27 22:34:50',1,NULL,NULL,NULL,NULL,'659a72a6-284a-4b1b-b460-018096237cb9'),('a4208155-0ea7-43d8-bbb5-047a56e7650c','718e064c-26d8-4d8e-8bbb-fcebd31f70b1','Graded','2025-10-15 15:00:00',NULL,'[]',60.00,NULL,NULL,NULL,0,'3277c454-5c32-4e8d-9366-cb8e897ea7bf','{}','2026-05-27 22:34:50','2026-05-27 22:34:50',1,NULL,NULL,NULL,NULL,'659a72a6-284a-4b1b-b460-018096237cb9'),('7b713b1b-bd2f-46bf-8a66-f8eed53882cf','a0a7ebf8-7824-4bf1-a8b3-401b0fcf1801','Graded','2025-10-15 09:00:00',NULL,'[]',79.00,NULL,NULL,NULL,0,'34d973e4-3047-4cdd-9828-9ccf52853ce5','{}','2026-05-27 22:34:50','2026-05-27 22:34:50',1,NULL,NULL,NULL,NULL,'659a72a6-284a-4b1b-b460-018096237cb9'),('0ac69c92-eb18-4c99-bf33-d572c3fec5a1','e77aeb23-e06c-4060-940b-e98c6076ae15','Submitted','2025-10-15 16:00:00',NULL,'[]',NULL,NULL,NULL,NULL,0,'37d112d8-5cd2-4e02-be16-e243e98a99ae','{}','2026-05-27 22:34:50','2026-05-27 22:34:50',1,NULL,NULL,NULL,NULL,'659a72a6-284a-4b1b-b460-018096237cb9'),('b0fa82b9-5dd6-4781-bc27-e7f6c7e9aeb1','c590e7e3-c666-4da3-8a68-91f07dbbbadf','Submitted','2025-10-15 12:00:00',NULL,'[]',NULL,NULL,NULL,NULL,1,'39074443-2985-472b-aca4-3ed68952d7e1','{}','2026-05-27 22:34:50','2026-05-27 22:34:50',1,NULL,NULL,NULL,NULL,'659a72a6-284a-4b1b-b460-018096237cb9'),('36a5b488-951d-43ff-ab3e-58cc4aeb2187','dcd9ac28-b22f-41ce-90e8-46b4dfae4799','Graded','2025-10-15 09:00:00',NULL,'[]',67.00,NULL,NULL,NULL,0,'3a061e9a-1686-4d18-9f61-0fcd788e6036','{}','2026-05-27 22:34:50','2026-05-27 22:34:50',1,NULL,NULL,NULL,NULL,'659a72a6-284a-4b1b-b460-018096237cb9'),('ee7ea3f9-f768-4fdb-ad51-064ecf0d23ac','a81dcd18-15ed-467b-8583-60cbf3665752','Graded','2025-10-15 14:00:00',NULL,'[]',63.00,NULL,NULL,NULL,0,'3c59c428-2919-43f4-8d78-68ae816f1e53','{}','2026-05-27 22:34:50','2026-05-27 22:34:50',1,NULL,NULL,NULL,NULL,'659a72a6-284a-4b1b-b460-018096237cb9'),('ab1d7de7-487f-44f7-9aef-3c4bdb53a43b','21a9a63c-efc4-4459-b072-61b898412a5a','Graded','2025-10-15 11:00:00',NULL,'[]',79.00,NULL,NULL,NULL,0,'40d9496b-d803-4ae7-b425-0e4b22e76716','{}','2026-05-27 22:34:50','2026-05-27 22:34:50',1,NULL,NULL,NULL,NULL,'659a72a6-284a-4b1b-b460-018096237cb9'),('84199d93-211b-472c-944f-c1034cbbea42','a81dcd18-15ed-467b-8583-60cbf3665752','Graded','2025-10-15 14:00:00',NULL,'[]',67.00,NULL,NULL,NULL,0,'4299935c-e2ec-45b1-ae6c-ec97775cc14c','{}','2026-05-27 22:34:50','2026-05-27 22:34:50',1,NULL,NULL,NULL,NULL,'659a72a6-284a-4b1b-b460-018096237cb9'),('6eb57260-2586-4fb2-aab4-76e624c2171a','0a3f6d58-7348-4c37-ab09-ebe0238a3b1f','Graded','2025-10-15 10:00:00',NULL,'[]',73.00,NULL,NULL,NULL,0,'44c2bffa-8e3c-4223-bad9-83750347ee13','{}','2026-05-27 22:34:50','2026-05-27 22:34:50',1,NULL,NULL,NULL,NULL,'659a72a6-284a-4b1b-b460-018096237cb9'),('f431e1cc-1ea3-4b86-a950-956ebfeef88e','e81f6d5a-d28d-4aea-9771-ca26ef984530','Graded','2025-10-15 10:00:00',NULL,'[]',75.00,NULL,NULL,NULL,0,'45a8f1db-12b2-4d6c-bc3e-998f898a554d','{}','2026-05-27 22:34:50','2026-05-27 22:34:50',1,NULL,NULL,NULL,NULL,'659a72a6-284a-4b1b-b460-018096237cb9'),('f431e1cc-1ea3-4b86-a950-956ebfeef88e','dcd9ac28-b22f-41ce-90e8-46b4dfae4799','Graded','2025-10-15 09:00:00',NULL,'[]',84.00,NULL,NULL,NULL,0,'48018d75-96ea-402d-bd20-aaf1dc12bbcc','{}','2026-05-27 22:34:50','2026-05-27 22:34:50',1,NULL,NULL,NULL,NULL,'659a72a6-284a-4b1b-b460-018096237cb9'),('70625f72-fab5-4ecd-bf1c-8b303e02d739','cff46e7b-0ff3-4ed5-84d8-f64ec9ce9811','Graded','2025-10-15 11:00:00',NULL,'[]',91.00,NULL,NULL,NULL,0,'495455dc-dd09-4eab-991b-7d64a07fa853','{}','2026-05-27 22:34:50','2026-05-27 22:34:50',1,NULL,NULL,NULL,NULL,'659a72a6-284a-4b1b-b460-018096237cb9'),('eb78ac58-29e2-48d4-aefb-91a2fda77070','9398407c-f2ab-4629-b6a0-9b843f8761fb','Graded','2025-10-15 16:00:00',NULL,'[]',76.00,NULL,NULL,NULL,1,'4bc51d91-49e3-490e-a813-d8aa843706f2','{}','2026-05-27 22:34:50','2026-05-27 22:34:50',1,NULL,NULL,NULL,NULL,'659a72a6-284a-4b1b-b460-018096237cb9'),('eba74c79-ea0b-4f67-922c-e9094f7bf389','a0a7ebf8-7824-4bf1-a8b3-401b0fcf1801','Graded','2025-10-15 09:00:00',NULL,'[]',84.00,NULL,NULL,NULL,0,'4bfa0d38-cc2d-41b4-ae4b-bce1307317a0','{}','2026-05-27 22:34:50','2026-05-27 22:34:50',1,NULL,NULL,NULL,NULL,'659a72a6-284a-4b1b-b460-018096237cb9'),('eb78ac58-29e2-48d4-aefb-91a2fda77070','fea91fe4-40b6-422d-b549-b4089cc7223d','Graded','2025-10-15 10:00:00',NULL,'[]',78.00,NULL,NULL,NULL,1,'4caa392e-4aa0-4d7e-b82b-c11211b46d0b','{}','2026-05-27 22:34:50','2026-05-27 22:34:50',1,NULL,NULL,NULL,NULL,'659a72a6-284a-4b1b-b460-018096237cb9'),('eba74c79-ea0b-4f67-922c-e9094f7bf389','0e9e1858-b649-4961-8e79-561f6e058836','Graded','2025-10-15 13:00:00',NULL,'[]',90.00,NULL,NULL,NULL,0,'4da74247-d1ec-4a42-90d9-7128518b5627','{}','2026-05-27 22:34:50','2026-05-27 22:34:50',1,NULL,NULL,NULL,NULL,'659a72a6-284a-4b1b-b460-018096237cb9'),('7f8a8828-c4d1-4f63-8538-6fa378a158e6','21a9a63c-efc4-4459-b072-61b898412a5a','Graded','2025-10-15 11:00:00',NULL,'[]',82.00,NULL,NULL,NULL,1,'4e56004e-dc74-44bd-b028-a0856c010f5d','{}','2026-05-27 22:34:50','2026-05-27 22:34:50',1,NULL,NULL,NULL,NULL,'659a72a6-284a-4b1b-b460-018096237cb9'),('3061f10f-4eb8-43f1-b5e6-c37b6fa72c86','6bc40a80-af77-4da5-b009-098e08d37281','Graded','2025-10-15 16:00:00',NULL,'[]',89.00,NULL,NULL,NULL,0,'502f5e9f-4cf0-4b52-8320-69af3c796997','{}','2026-05-27 22:34:50','2026-05-27 22:34:50',1,NULL,NULL,NULL,NULL,'659a72a6-284a-4b1b-b460-018096237cb9'),('ab1d7de7-487f-44f7-9aef-3c4bdb53a43b','980a5137-5d5f-48de-927d-f2d2db672c2f','Graded','2025-10-15 13:00:00',NULL,'[]',93.00,NULL,NULL,NULL,0,'52c0e1a0-8d13-4f00-8c4b-d1cce5d0ae79','{}','2026-05-27 22:34:50','2026-05-27 22:34:50',1,NULL,NULL,NULL,NULL,'659a72a6-284a-4b1b-b460-018096237cb9'),('0a746d13-f50c-486c-a7e1-2ba4b54d887b','154dba0d-46f1-4ba7-a1a6-6f5bc2ed051c','Graded','2025-10-15 15:00:00',NULL,'[]',82.00,NULL,NULL,NULL,0,'559b2da6-1139-4532-ae2b-5831b76029fe','{}','2026-05-27 22:34:50','2026-05-27 22:34:50',1,NULL,NULL,NULL,NULL,'659a72a6-284a-4b1b-b460-018096237cb9'),('647508c8-cd2a-428e-b5f2-28da9ff9df2e','e77aeb23-e06c-4060-940b-e98c6076ae15','Graded','2025-10-15 16:00:00',NULL,'[]',60.00,NULL,NULL,NULL,0,'559ece00-6e0e-405d-b17d-0fe396923f66','{}','2026-05-27 22:34:50','2026-05-27 22:34:50',1,NULL,NULL,NULL,NULL,'659a72a6-284a-4b1b-b460-018096237cb9'),('0a746d13-f50c-486c-a7e1-2ba4b54d887b','20ae1e67-5fb3-48ac-89f7-f47dda7407c1','Graded','2025-10-15 12:00:00',NULL,'[]',65.00,NULL,NULL,NULL,0,'560053f8-b9fc-4cdf-9af6-b2619df14622','{}','2026-05-27 22:34:50','2026-05-27 22:34:50',1,NULL,NULL,NULL,NULL,'659a72a6-284a-4b1b-b460-018096237cb9'),('b20059f6-ac50-48d9-b7b6-0b5ae2eb4c5f','e32641ce-926f-4338-ac29-3f2a89e94524','Graded','2025-10-15 09:00:00',NULL,'[]',97.00,NULL,NULL,NULL,0,'56af1421-c4c7-4c63-84bf-dc53d80a35d2','{}','2026-05-27 22:34:50','2026-05-27 22:34:50',1,NULL,NULL,NULL,NULL,'659a72a6-284a-4b1b-b460-018096237cb9'),('eb78ac58-29e2-48d4-aefb-91a2fda77070','980a5137-5d5f-48de-927d-f2d2db672c2f','Graded','2025-10-15 13:00:00',NULL,'[]',92.00,NULL,NULL,NULL,1,'594aa10b-f7e5-4f45-b485-36bf1c22d403','{}','2026-05-27 22:34:50','2026-05-27 22:34:50',1,NULL,NULL,NULL,NULL,'659a72a6-284a-4b1b-b460-018096237cb9'),('33f5d11a-33af-4c45-9ae1-13770de7a079','6bc40a80-af77-4da5-b009-098e08d37281','Graded','2025-10-15 16:00:00',NULL,'[]',75.00,NULL,NULL,NULL,0,'5a731a07-a54a-407b-b1c6-4448bd466553','{}','2026-05-27 22:34:50','2026-05-27 22:34:50',1,NULL,NULL,NULL,NULL,'659a72a6-284a-4b1b-b460-018096237cb9'),('84199d93-211b-472c-944f-c1034cbbea42','e81f6d5a-d28d-4aea-9771-ca26ef984530','Graded','2025-10-15 10:00:00',NULL,'[]',68.00,NULL,NULL,NULL,0,'5e840866-b292-4e33-a46c-0872012752d1','{}','2026-05-27 22:34:50','2026-05-27 22:34:50',1,NULL,NULL,NULL,NULL,'659a72a6-284a-4b1b-b460-018096237cb9'),('33f5d11a-33af-4c45-9ae1-13770de7a079','cff46e7b-0ff3-4ed5-84d8-f64ec9ce9811','Graded','2025-10-15 11:00:00',NULL,'[]',60.00,NULL,NULL,NULL,0,'5efb2cf2-9f6b-40d4-b94e-a04ee893bfd9','{}','2026-05-27 22:34:50','2026-05-27 22:34:50',1,NULL,NULL,NULL,NULL,'659a72a6-284a-4b1b-b460-018096237cb9'),('eb78ac58-29e2-48d4-aefb-91a2fda77070','21a9a63c-efc4-4459-b072-61b898412a5a','Graded','2025-10-15 11:00:00',NULL,'[]',74.00,NULL,NULL,NULL,0,'5f00d7a4-86dc-4e95-acc7-e5dcabc75402','{}','2026-05-27 22:34:50','2026-05-27 22:34:50',1,NULL,NULL,NULL,NULL,'659a72a6-284a-4b1b-b460-018096237cb9'),('ab1d7de7-487f-44f7-9aef-3c4bdb53a43b','96cc2aff-1541-447c-8d31-35c2f80d4428','Graded','2025-10-15 15:00:00',NULL,'[]',97.00,NULL,NULL,NULL,0,'61941fe6-5495-4fe6-9c25-5001ee6074ae','{}','2026-05-27 22:34:50','2026-05-27 22:34:50',1,NULL,NULL,NULL,NULL,'659a72a6-284a-4b1b-b460-018096237cb9'),('70625f72-fab5-4ecd-bf1c-8b303e02d739','c590e7e3-c666-4da3-8a68-91f07dbbbadf','Submitted','2025-10-15 12:00:00',NULL,'[]',NULL,NULL,NULL,NULL,0,'62d8fde2-465b-465b-83d8-4fa5c6132372','{}','2026-05-27 22:34:50','2026-05-27 22:34:50',1,NULL,NULL,NULL,NULL,'659a72a6-284a-4b1b-b460-018096237cb9'),('c4ca6710-0185-44ba-81d8-e6863cde7d48','35fee766-a623-4c7f-acd1-aad490913162','Graded','2025-10-15 14:00:00',NULL,'[]',90.00,NULL,NULL,NULL,0,'68fd8fbf-60d0-4a89-8055-852ef89a8bb3','{}','2026-05-27 22:34:50','2026-05-27 22:34:50',1,NULL,NULL,NULL,NULL,'659a72a6-284a-4b1b-b460-018096237cb9'),('8baad351-bc24-4cda-8d1a-a01d0ca7757c','4a81aff3-2e60-460f-98e1-fd7afc013c21','Submitted','2025-10-15 12:00:00',NULL,'[]',NULL,NULL,NULL,NULL,0,'6dabd8c2-79c2-4e09-8da8-9e323446e164','{}','2026-05-27 22:34:50','2026-05-27 22:34:50',1,NULL,NULL,NULL,NULL,'659a72a6-284a-4b1b-b460-018096237cb9'),('b20059f6-ac50-48d9-b7b6-0b5ae2eb4c5f','dac10e09-9beb-4354-afaf-4f4bd6dc23a6','Submitted','2025-10-15 11:00:00',NULL,'[]',NULL,NULL,NULL,NULL,0,'6f02f403-3c9b-431f-834c-976488a26681','{}','2026-05-27 22:34:50','2026-05-27 22:34:50',1,NULL,NULL,NULL,NULL,'659a72a6-284a-4b1b-b460-018096237cb9'),('6eb57260-2586-4fb2-aab4-76e624c2171a','e32641ce-926f-4338-ac29-3f2a89e94524','Graded','2025-10-15 09:00:00',NULL,'[]',89.00,NULL,NULL,NULL,0,'712ce7db-b9d4-4088-aec8-f89e554a4a60','{}','2026-05-27 22:34:50','2026-05-27 22:34:50',1,NULL,NULL,NULL,NULL,'659a72a6-284a-4b1b-b460-018096237cb9'),('a4208155-0ea7-43d8-bbb5-047a56e7650c','e81f6d5a-d28d-4aea-9771-ca26ef984530','Graded','2025-10-15 10:00:00',NULL,'[]',82.00,NULL,NULL,NULL,0,'7357944e-85d8-4f56-ae37-ac94878c4861','{}','2026-05-27 22:34:50','2026-05-27 22:34:50',1,NULL,NULL,NULL,NULL,'659a72a6-284a-4b1b-b460-018096237cb9'),('84199d93-211b-472c-944f-c1034cbbea42','dcd9ac28-b22f-41ce-90e8-46b4dfae4799','Graded','2025-10-15 09:00:00',NULL,'[]',82.00,NULL,NULL,NULL,0,'74ee5cc2-81b7-407f-994c-5bd526f28cc2','{}','2026-05-27 22:34:50','2026-05-27 22:34:50',1,NULL,NULL,NULL,NULL,'659a72a6-284a-4b1b-b460-018096237cb9'),('7f8a8828-c4d1-4f63-8538-6fa378a158e6','fea91fe4-40b6-422d-b549-b4089cc7223d','Submitted','2025-10-15 10:00:00',NULL,'[]',NULL,NULL,NULL,NULL,0,'7730919d-c8ac-4307-a76b-e783ca56ff5d','{}','2026-05-27 22:34:50','2026-05-27 22:34:50',1,NULL,NULL,NULL,NULL,'659a72a6-284a-4b1b-b460-018096237cb9'),('36a5b488-951d-43ff-ab3e-58cc4aeb2187','718e064c-26d8-4d8e-8bbb-fcebd31f70b1','Graded','2025-10-15 15:00:00',NULL,'[]',96.00,NULL,NULL,NULL,0,'790a293e-2d8e-4165-a42e-4a9c8d734973','{}','2026-05-27 22:34:50','2026-05-27 22:34:50',1,NULL,NULL,NULL,NULL,'659a72a6-284a-4b1b-b460-018096237cb9'),('3061f10f-4eb8-43f1-b5e6-c37b6fa72c86','cff46e7b-0ff3-4ed5-84d8-f64ec9ce9811','Submitted','2025-10-15 11:00:00',NULL,'[]',NULL,NULL,NULL,NULL,0,'7989d2e7-a32a-4bf2-ba3f-9b495c5c6a0f','{}','2026-05-27 22:34:50','2026-05-27 22:34:50',1,NULL,NULL,NULL,NULL,'659a72a6-284a-4b1b-b460-018096237cb9'),('8baad351-bc24-4cda-8d1a-a01d0ca7757c','dcd9ac28-b22f-41ce-90e8-46b4dfae4799','Graded','2025-10-15 09:00:00',NULL,'[]',64.00,NULL,NULL,NULL,0,'7a56594c-db9b-483f-9848-ef0d6fd6b2c6','{}','2026-05-27 22:34:50','2026-05-27 22:34:50',1,NULL,NULL,NULL,NULL,'659a72a6-284a-4b1b-b460-018096237cb9'),('0ac69c92-eb18-4c99-bf33-d572c3fec5a1','a81dcd18-15ed-467b-8583-60cbf3665752','Graded','2025-10-15 14:00:00',NULL,'[]',95.00,NULL,NULL,NULL,0,'7b134e6f-bbee-4e9a-8d07-ff65607f3f1e','{}','2026-05-27 22:34:50','2026-05-27 22:34:50',1,NULL,NULL,NULL,NULL,'659a72a6-284a-4b1b-b460-018096237cb9'),('0ac69c92-eb18-4c99-bf33-d572c3fec5a1','42e817b5-8abc-43aa-8a80-3e98221c4ab6','Graded','2025-10-15 13:00:00',NULL,'[]',75.00,NULL,NULL,NULL,0,'7efa0dfc-e5d2-4572-b4e3-9098d5ca3c4a','{}','2026-05-27 22:34:50','2026-05-27 22:34:50',1,NULL,NULL,NULL,NULL,'659a72a6-284a-4b1b-b460-018096237cb9'),('0ac69c92-eb18-4c99-bf33-d572c3fec5a1','4a81aff3-2e60-460f-98e1-fd7afc013c21','Graded','2025-10-15 12:00:00',NULL,'[]',96.00,NULL,NULL,NULL,0,'7f63697b-1493-41be-a8bf-f59dbfbd70b4','{}','2026-05-27 22:34:50','2026-05-27 22:34:50',1,NULL,NULL,NULL,NULL,'659a72a6-284a-4b1b-b460-018096237cb9'),('7f8a8828-c4d1-4f63-8538-6fa378a158e6','9398407c-f2ab-4629-b6a0-9b843f8761fb','Graded','2025-10-15 16:00:00',NULL,'[]',74.00,NULL,NULL,NULL,0,'7f6dd2e1-de68-47fb-892e-f70d603326d4','{}','2026-05-27 22:34:50','2026-05-27 22:34:50',1,NULL,NULL,NULL,NULL,'659a72a6-284a-4b1b-b460-018096237cb9'),('3187ced1-46d6-4a86-bca6-60bbde021710','718e064c-26d8-4d8e-8bbb-fcebd31f70b1','Graded','2025-10-15 15:00:00',NULL,'[]',67.00,NULL,NULL,NULL,0,'818cb0d0-eb53-4116-b86d-d4b43467ee27','{}','2026-05-27 22:34:50','2026-05-27 22:34:50',1,NULL,NULL,NULL,NULL,'659a72a6-284a-4b1b-b460-018096237cb9'),('647508c8-cd2a-428e-b5f2-28da9ff9df2e','4297c48a-a425-4828-961d-1e09369bda04','Graded','2025-10-15 11:00:00',NULL,'[]',59.00,NULL,NULL,NULL,0,'84cd6fad-7a83-4d65-910e-26f6b662a388','{}','2026-05-27 22:34:50','2026-05-27 22:34:50',1,NULL,NULL,NULL,NULL,'659a72a6-284a-4b1b-b460-018096237cb9'),('ee7ea3f9-f768-4fdb-ad51-064ecf0d23ac','42e817b5-8abc-43aa-8a80-3e98221c4ab6','Graded','2025-10-15 13:00:00',NULL,'[]',87.00,NULL,NULL,NULL,0,'850830ff-6a17-4ee4-a287-e87f6d14637b','{}','2026-05-27 22:34:50','2026-05-27 22:34:50',1,NULL,NULL,NULL,NULL,'659a72a6-284a-4b1b-b460-018096237cb9'),('c4ca6710-0185-44ba-81d8-e6863cde7d48','0a3f6d58-7348-4c37-ab09-ebe0238a3b1f','Graded','2025-10-15 10:00:00',NULL,'[]',57.00,NULL,NULL,NULL,1,'85d42429-b322-4f51-9a28-4e7fda84cc20','{}','2026-05-27 22:34:50','2026-05-27 22:34:50',1,NULL,NULL,NULL,NULL,'659a72a6-284a-4b1b-b460-018096237cb9'),('05af93ab-4102-4fdb-868a-1fbc175b705b','e32641ce-926f-4338-ac29-3f2a89e94524','Graded','2025-10-15 09:00:00',NULL,'[]',64.00,NULL,NULL,NULL,0,'864f8100-6da7-4e8d-ad8f-fbcd0c6ef0bb','{}','2026-05-27 22:34:50','2026-05-27 22:34:50',1,NULL,NULL,NULL,NULL,'659a72a6-284a-4b1b-b460-018096237cb9'),('84199d93-211b-472c-944f-c1034cbbea42','718e064c-26d8-4d8e-8bbb-fcebd31f70b1','Graded','2025-10-15 15:00:00',NULL,'[]',71.00,NULL,NULL,NULL,0,'8797582b-5d57-4d36-ba8f-83cfc41cb38b','{}','2026-05-27 22:34:50','2026-05-27 22:34:50',1,NULL,NULL,NULL,NULL,'659a72a6-284a-4b1b-b460-018096237cb9'),('36a5b488-951d-43ff-ab3e-58cc4aeb2187','42e817b5-8abc-43aa-8a80-3e98221c4ab6','Graded','2025-10-15 13:00:00',NULL,'[]',64.00,NULL,NULL,NULL,0,'884c260a-0dce-41ca-9f5c-71f483611082','{}','2026-05-27 22:34:50','2026-05-27 22:34:50',1,NULL,NULL,NULL,NULL,'659a72a6-284a-4b1b-b460-018096237cb9'),('b20059f6-ac50-48d9-b7b6-0b5ae2eb4c5f','8439d760-20b7-4d8f-a0c9-40e1b2dfba6a','Graded','2025-10-15 13:00:00',NULL,'[]',55.00,NULL,NULL,NULL,1,'88e99cbc-55b4-45be-b888-e5d8840cb92a','{}','2026-05-27 22:34:50','2026-05-27 22:34:50',1,NULL,NULL,NULL,NULL,'659a72a6-284a-4b1b-b460-018096237cb9'),('c4ca6710-0185-44ba-81d8-e6863cde7d48','e32641ce-926f-4338-ac29-3f2a89e94524','Graded','2025-10-15 09:00:00',NULL,'[]',97.00,NULL,NULL,NULL,0,'89a2ccbc-0222-4609-b10f-6f111f1b793b','{}','2026-05-27 22:34:50','2026-05-27 22:34:50',1,NULL,NULL,NULL,NULL,'659a72a6-284a-4b1b-b460-018096237cb9'),('a4208155-0ea7-43d8-bbb5-047a56e7650c','e77aeb23-e06c-4060-940b-e98c6076ae15','Graded','2025-10-15 16:00:00',NULL,'[]',68.00,NULL,NULL,NULL,0,'8ba80a2c-03b8-4b3a-a2c0-4f6e85fd51ae','{}','2026-05-27 22:34:50','2026-05-27 22:34:50',1,NULL,NULL,NULL,NULL,'659a72a6-284a-4b1b-b460-018096237cb9'),('84199d93-211b-472c-944f-c1034cbbea42','4297c48a-a425-4828-961d-1e09369bda04','Graded','2025-10-15 11:00:00',NULL,'[]',64.00,NULL,NULL,NULL,0,'8bc4420c-a2ec-4d75-aacd-36a8e3027037','{}','2026-05-27 22:34:50','2026-05-27 22:34:50',1,NULL,NULL,NULL,NULL,'659a72a6-284a-4b1b-b460-018096237cb9'),('36a5b488-951d-43ff-ab3e-58cc4aeb2187','4297c48a-a425-4828-961d-1e09369bda04','Submitted','2025-10-15 11:00:00',NULL,'[]',NULL,NULL,NULL,NULL,0,'90cc3900-88ff-4484-bc34-8f8f1816608e','{}','2026-05-27 22:34:50','2026-05-27 22:34:50',1,NULL,NULL,NULL,NULL,'659a72a6-284a-4b1b-b460-018096237cb9'),('c4b0caee-988d-4b6c-9ad0-7d6c6048bb46','e77aeb23-e06c-4060-940b-e98c6076ae15','Graded','2025-10-15 16:00:00',NULL,'[]',62.00,NULL,NULL,NULL,0,'90def357-db1f-40ef-ba29-1716d28db051','{}','2026-05-27 22:34:50','2026-05-27 22:34:50',1,NULL,NULL,NULL,NULL,'659a72a6-284a-4b1b-b460-018096237cb9'),('eb78ac58-29e2-48d4-aefb-91a2fda77070','96cc2aff-1541-447c-8d31-35c2f80d4428','Graded','2025-10-15 15:00:00',NULL,'[]',93.00,NULL,NULL,NULL,0,'91ae2569-5ecf-4b15-8940-d82c24649f7b','{}','2026-05-27 22:34:50','2026-05-27 22:34:50',1,NULL,NULL,NULL,NULL,'659a72a6-284a-4b1b-b460-018096237cb9'),('6eb57260-2586-4fb2-aab4-76e624c2171a','8439d760-20b7-4d8f-a0c9-40e1b2dfba6a','Graded','2025-10-15 13:00:00',NULL,'[]',86.00,NULL,NULL,NULL,0,'9238f4a9-105b-42af-ba83-d148156f3e4f','{}','2026-05-27 22:34:50','2026-05-27 22:34:50',1,NULL,NULL,NULL,NULL,'659a72a6-284a-4b1b-b460-018096237cb9'),('3187ced1-46d6-4a86-bca6-60bbde021710','4297c48a-a425-4828-961d-1e09369bda04','Graded','2025-10-15 11:00:00',NULL,'[]',57.00,NULL,NULL,NULL,1,'9308e678-65e7-4153-94f5-355800517d45','{}','2026-05-27 22:34:50','2026-05-27 22:34:50',1,NULL,NULL,NULL,NULL,'659a72a6-284a-4b1b-b460-018096237cb9'),('b0fa82b9-5dd6-4781-bc27-e7f6c7e9aeb1','467b52aa-b799-43d5-b6cc-ca9f96b7a907','Graded','2025-10-15 14:00:00',NULL,'[]',59.00,NULL,NULL,NULL,0,'954cd6ff-614a-4627-ab02-6bfd99051896','{}','2026-05-27 22:34:50','2026-05-27 22:34:50',1,NULL,NULL,NULL,NULL,'659a72a6-284a-4b1b-b460-018096237cb9'),('33f5d11a-33af-4c45-9ae1-13770de7a079','1db8fd34-b725-4da4-8665-a5534238f137','Graded','2025-10-15 15:00:00',NULL,'[]',65.00,NULL,NULL,NULL,1,'97f75dbc-36a0-4556-a156-0dfe018075c2','{}','2026-05-27 22:34:50','2026-05-27 22:34:50',1,NULL,NULL,NULL,NULL,'659a72a6-284a-4b1b-b460-018096237cb9'),('3187ced1-46d6-4a86-bca6-60bbde021710','e81f6d5a-d28d-4aea-9771-ca26ef984530','Graded','2025-10-15 10:00:00',NULL,'[]',84.00,NULL,NULL,NULL,0,'9881b837-86e7-4802-89a7-d78b98bcaa3d','{}','2026-05-27 22:34:50','2026-05-27 22:34:50',1,NULL,NULL,NULL,NULL,'659a72a6-284a-4b1b-b460-018096237cb9'),('0ac69c92-eb18-4c99-bf33-d572c3fec5a1','718e064c-26d8-4d8e-8bbb-fcebd31f70b1','Graded','2025-10-15 15:00:00',NULL,'[]',85.00,NULL,NULL,NULL,0,'98ce44fc-bcbe-4588-b926-8e7971b2b555','{}','2026-05-27 22:34:50','2026-05-27 22:34:50',1,NULL,NULL,NULL,NULL,'659a72a6-284a-4b1b-b460-018096237cb9'),('ee7ea3f9-f768-4fdb-ad51-064ecf0d23ac','4297c48a-a425-4828-961d-1e09369bda04','Graded','2025-10-15 11:00:00',NULL,'[]',87.00,NULL,NULL,NULL,1,'995c1de1-bc97-485a-8da7-b204a0dbc4e2','{}','2026-05-27 22:34:50','2026-05-27 22:34:50',1,NULL,NULL,NULL,NULL,'659a72a6-284a-4b1b-b460-018096237cb9'),('eba74c79-ea0b-4f67-922c-e9094f7bf389','1db8fd34-b725-4da4-8665-a5534238f137','Graded','2025-10-15 15:00:00',NULL,'[]',73.00,NULL,NULL,NULL,0,'9b68395c-59fa-4c13-abc0-557bec30c57b','{}','2026-05-27 22:34:50','2026-05-27 22:34:50',1,NULL,NULL,NULL,NULL,'659a72a6-284a-4b1b-b460-018096237cb9'),('0a746d13-f50c-486c-a7e1-2ba4b54d887b','8439d760-20b7-4d8f-a0c9-40e1b2dfba6a','Graded','2025-10-15 13:00:00',NULL,'[]',81.00,NULL,NULL,NULL,0,'9fd4d0c7-229e-4054-a8db-d6e0a958a216','{}','2026-05-27 22:34:50','2026-05-27 22:34:50',1,NULL,NULL,NULL,NULL,'659a72a6-284a-4b1b-b460-018096237cb9'),('c4b0caee-988d-4b6c-9ad0-7d6c6048bb46','dcd9ac28-b22f-41ce-90e8-46b4dfae4799','Graded','2025-10-15 09:00:00',NULL,'[]',78.00,NULL,NULL,NULL,0,'a0265efc-f583-482a-bff9-fa9f01b8099f','{}','2026-05-27 22:34:50','2026-05-27 22:34:50',1,NULL,NULL,NULL,NULL,'659a72a6-284a-4b1b-b460-018096237cb9'),('05af93ab-4102-4fdb-868a-1fbc175b705b','8439d760-20b7-4d8f-a0c9-40e1b2dfba6a','Graded','2025-10-15 13:00:00',NULL,'[]',87.00,NULL,NULL,NULL,0,'a06f6d5a-e35a-44f5-8524-2ab7b071bcc0','{}','2026-05-27 22:34:50','2026-05-27 22:34:50',1,NULL,NULL,NULL,NULL,'659a72a6-284a-4b1b-b460-018096237cb9'),('c4b0caee-988d-4b6c-9ad0-7d6c6048bb46','4297c48a-a425-4828-961d-1e09369bda04','Submitted','2025-10-15 11:00:00',NULL,'[]',NULL,NULL,NULL,NULL,0,'a35e42dc-9bba-4341-bd9b-e3ebde27aeab','{}','2026-05-27 22:34:50','2026-05-27 22:34:50',1,NULL,NULL,NULL,NULL,'659a72a6-284a-4b1b-b460-018096237cb9'),('647508c8-cd2a-428e-b5f2-28da9ff9df2e','4a81aff3-2e60-460f-98e1-fd7afc013c21','Submitted','2025-10-15 12:00:00',NULL,'[]',NULL,NULL,NULL,NULL,0,'a493f758-3f25-4fee-9a65-fd130c15d57a','{}','2026-05-27 22:34:50','2026-05-27 22:34:50',1,NULL,NULL,NULL,NULL,'659a72a6-284a-4b1b-b460-018096237cb9'),('7b713b1b-bd2f-46bf-8a66-f8eed53882cf','6bc40a80-af77-4da5-b009-098e08d37281','Graded','2025-10-15 16:00:00',NULL,'[]',57.00,NULL,NULL,NULL,0,'a5ad2fcf-6a06-44d1-8acc-0536791ca337','{}','2026-05-27 22:34:50','2026-05-27 22:34:50',1,NULL,NULL,NULL,NULL,'659a72a6-284a-4b1b-b460-018096237cb9'),('3187ced1-46d6-4a86-bca6-60bbde021710','a81dcd18-15ed-467b-8583-60cbf3665752','Submitted','2025-10-15 14:00:00',NULL,'[]',NULL,NULL,NULL,NULL,0,'a73d0eba-7f66-4cf8-8aca-90fd1e298ac4','{}','2026-05-27 22:34:50','2026-05-27 22:34:50',1,NULL,NULL,NULL,NULL,'659a72a6-284a-4b1b-b460-018096237cb9'),('c4b0caee-988d-4b6c-9ad0-7d6c6048bb46','a81dcd18-15ed-467b-8583-60cbf3665752','Graded','2025-10-15 14:00:00',NULL,'[]',91.00,NULL,NULL,NULL,0,'a7c7e14b-afdf-401e-8ec0-7e8b04392429','{}','2026-05-27 22:34:50','2026-05-27 22:34:50',1,NULL,NULL,NULL,NULL,'659a72a6-284a-4b1b-b460-018096237cb9'),('ee7ea3f9-f768-4fdb-ad51-064ecf0d23ac','718e064c-26d8-4d8e-8bbb-fcebd31f70b1','Graded','2025-10-15 15:00:00',NULL,'[]',61.00,NULL,NULL,NULL,0,'a828bc6a-fe49-4fd0-a872-29e531beb8ed','{}','2026-05-27 22:34:50','2026-05-27 22:34:50',1,NULL,NULL,NULL,NULL,'659a72a6-284a-4b1b-b460-018096237cb9'),('c4ca6710-0185-44ba-81d8-e6863cde7d48','dac10e09-9beb-4354-afaf-4f4bd6dc23a6','Graded','2025-10-15 11:00:00',NULL,'[]',67.00,NULL,NULL,NULL,0,'aa436671-ea29-45df-b43f-2a81fa1b75bb','{}','2026-05-27 22:34:50','2026-05-27 22:34:50',1,NULL,NULL,NULL,NULL,'659a72a6-284a-4b1b-b460-018096237cb9'),('33f5d11a-33af-4c45-9ae1-13770de7a079','a0a7ebf8-7824-4bf1-a8b3-401b0fcf1801','Submitted','2025-10-15 09:00:00',NULL,'[]',NULL,NULL,NULL,NULL,0,'aa873146-a73c-4741-babd-59a10809db7e','{}','2026-05-27 22:34:50','2026-05-27 22:34:50',1,NULL,NULL,NULL,NULL,'659a72a6-284a-4b1b-b460-018096237cb9'),('b0fa82b9-5dd6-4781-bc27-e7f6c7e9aeb1','1db8fd34-b725-4da4-8665-a5534238f137','Graded','2025-10-15 15:00:00',NULL,'[]',60.00,NULL,NULL,NULL,0,'b2305853-769b-4598-8959-5bf108075465','{}','2026-05-27 22:34:50','2026-05-27 22:34:50',1,NULL,NULL,NULL,NULL,'659a72a6-284a-4b1b-b460-018096237cb9'),('ee7ea3f9-f768-4fdb-ad51-064ecf0d23ac','dcd9ac28-b22f-41ce-90e8-46b4dfae4799','Submitted','2025-10-15 09:00:00',NULL,'[]',NULL,NULL,NULL,NULL,0,'b2e5a2c1-7f24-40d6-9fb7-d298c453c340','{}','2026-05-27 22:34:50','2026-05-27 22:34:50',1,NULL,NULL,NULL,NULL,'659a72a6-284a-4b1b-b460-018096237cb9'),('05af93ab-4102-4fdb-868a-1fbc175b705b','154dba0d-46f1-4ba7-a1a6-6f5bc2ed051c','Graded','2025-10-15 15:00:00',NULL,'[]',63.00,NULL,NULL,NULL,1,'b30d06cc-aca2-44bf-b5a6-ead296207848','{}','2026-05-27 22:34:50','2026-05-27 22:34:50',1,NULL,NULL,NULL,NULL,'659a72a6-284a-4b1b-b460-018096237cb9'),('eba74c79-ea0b-4f67-922c-e9094f7bf389','467b52aa-b799-43d5-b6cc-ca9f96b7a907','Graded','2025-10-15 14:00:00',NULL,'[]',88.00,NULL,NULL,NULL,0,'b311eff7-2910-4b61-8168-94d1177c50ea','{}','2026-05-27 22:34:50','2026-05-27 22:34:50',1,NULL,NULL,NULL,NULL,'659a72a6-284a-4b1b-b460-018096237cb9'),('70625f72-fab5-4ecd-bf1c-8b303e02d739','a8cc521b-8de9-42c5-8500-6c7c0638d050','Graded','2025-10-15 10:00:00',NULL,'[]',98.00,NULL,NULL,NULL,0,'b3cac37d-2d11-4f1c-aa80-ea262cdb3b61','{}','2026-05-27 22:34:50','2026-05-27 22:34:50',1,NULL,NULL,NULL,NULL,'659a72a6-284a-4b1b-b460-018096237cb9'),('c4ca6710-0185-44ba-81d8-e6863cde7d48','154dba0d-46f1-4ba7-a1a6-6f5bc2ed051c','Graded','2025-10-15 15:00:00',NULL,'[]',91.00,NULL,NULL,NULL,0,'b607c91a-afde-405e-8c92-82ae43591341','{}','2026-05-27 22:34:50','2026-05-27 22:34:50',1,NULL,NULL,NULL,NULL,'659a72a6-284a-4b1b-b460-018096237cb9'),('8baad351-bc24-4cda-8d1a-a01d0ca7757c','e81f6d5a-d28d-4aea-9771-ca26ef984530','Graded','2025-10-15 10:00:00',NULL,'[]',61.00,NULL,NULL,NULL,0,'b78caa20-162a-4d4e-98df-d6f40af2c6d0','{}','2026-05-27 22:34:50','2026-05-27 22:34:50',1,NULL,NULL,NULL,NULL,'659a72a6-284a-4b1b-b460-018096237cb9'),('b0fa82b9-5dd6-4781-bc27-e7f6c7e9aeb1','0e9e1858-b649-4961-8e79-561f6e058836','Graded','2025-10-15 13:00:00',NULL,'[]',93.00,NULL,NULL,NULL,0,'b8042242-1b2a-4a81-8564-523de1f7e5a8','{}','2026-05-27 22:34:50','2026-05-27 22:34:50',1,NULL,NULL,NULL,NULL,'659a72a6-284a-4b1b-b460-018096237cb9'),('36a5b488-951d-43ff-ab3e-58cc4aeb2187','e81f6d5a-d28d-4aea-9771-ca26ef984530','Submitted','2025-10-15 10:00:00',NULL,'[]',NULL,NULL,NULL,NULL,0,'b8a43ffd-793a-4bb2-aafd-fdf68ee9fb0e','{}','2026-05-27 22:34:50','2026-05-27 22:34:50',1,NULL,NULL,NULL,NULL,'659a72a6-284a-4b1b-b460-018096237cb9'),('647508c8-cd2a-428e-b5f2-28da9ff9df2e','718e064c-26d8-4d8e-8bbb-fcebd31f70b1','Graded','2025-10-15 15:00:00',NULL,'[]',76.00,NULL,NULL,NULL,0,'ba305b1a-8477-4756-95ff-1a20173cfacc','{}','2026-05-27 22:34:50','2026-05-27 22:34:50',1,NULL,NULL,NULL,NULL,'659a72a6-284a-4b1b-b460-018096237cb9'),('7f8a8828-c4d1-4f63-8538-6fa378a158e6','ac753b58-b0cf-49a4-bb08-399faee3076d','Submitted','2025-10-15 12:00:00',NULL,'[]',NULL,NULL,NULL,NULL,0,'bb1b1f90-a22b-47ef-98d1-a8fe7a0e990b','{}','2026-05-27 22:34:50','2026-05-27 22:34:50',1,NULL,NULL,NULL,NULL,'659a72a6-284a-4b1b-b460-018096237cb9'),('70625f72-fab5-4ecd-bf1c-8b303e02d739','1db8fd34-b725-4da4-8665-a5534238f137','Graded','2025-10-15 15:00:00',NULL,'[]',77.00,NULL,NULL,NULL,0,'c0525845-e4f2-4f98-9f9d-fcdcecaaa675','{}','2026-05-27 22:34:50','2026-05-27 22:34:50',1,NULL,NULL,NULL,NULL,'659a72a6-284a-4b1b-b460-018096237cb9'),('7f8a8828-c4d1-4f63-8538-6fa378a158e6','96cc2aff-1541-447c-8d31-35c2f80d4428','Graded','2025-10-15 15:00:00',NULL,'[]',90.00,NULL,NULL,NULL,0,'c410131c-df0b-4e40-9ea1-86ce0bf9a899','{}','2026-05-27 22:34:50','2026-05-27 22:34:50',1,NULL,NULL,NULL,NULL,'659a72a6-284a-4b1b-b460-018096237cb9'),('05af93ab-4102-4fdb-868a-1fbc175b705b','20ae1e67-5fb3-48ac-89f7-f47dda7407c1','Graded','2025-10-15 12:00:00',NULL,'[]',56.00,NULL,NULL,NULL,0,'c5597381-4072-4e93-9ef2-b2c7539703c8','{}','2026-05-27 22:34:50','2026-05-27 22:34:50',1,NULL,NULL,NULL,NULL,'659a72a6-284a-4b1b-b460-018096237cb9'),('7b713b1b-bd2f-46bf-8a66-f8eed53882cf','c590e7e3-c666-4da3-8a68-91f07dbbbadf','Graded','2025-10-15 12:00:00',NULL,'[]',60.00,NULL,NULL,NULL,0,'c5c05efc-77fb-4bd3-bb6a-ac52362e9a7e','{}','2026-05-27 22:34:50','2026-05-27 22:34:50',1,NULL,NULL,NULL,NULL,'659a72a6-284a-4b1b-b460-018096237cb9'),('3187ced1-46d6-4a86-bca6-60bbde021710','4a81aff3-2e60-460f-98e1-fd7afc013c21','Submitted','2025-10-15 12:00:00',NULL,'[]',NULL,NULL,NULL,NULL,0,'c61028be-6014-4798-a618-509a235f6bb4','{}','2026-05-27 22:34:50','2026-05-27 22:34:50',1,NULL,NULL,NULL,NULL,'659a72a6-284a-4b1b-b460-018096237cb9'),('36a5b488-951d-43ff-ab3e-58cc4aeb2187','e77aeb23-e06c-4060-940b-e98c6076ae15','Graded','2025-10-15 16:00:00',NULL,'[]',85.00,NULL,NULL,NULL,0,'c8ce2994-aa99-4637-94e5-5fa86e713d27','{}','2026-05-27 22:34:50','2026-05-27 22:34:50',1,NULL,NULL,NULL,NULL,'659a72a6-284a-4b1b-b460-018096237cb9'),('3061f10f-4eb8-43f1-b5e6-c37b6fa72c86','1db8fd34-b725-4da4-8665-a5534238f137','Graded','2025-10-15 15:00:00',NULL,'[]',70.00,NULL,NULL,NULL,0,'c93ee379-9822-448b-9b4f-ed9a1771ae8e','{}','2026-05-27 22:34:50','2026-05-27 22:34:50',1,NULL,NULL,NULL,NULL,'659a72a6-284a-4b1b-b460-018096237cb9'),('b20059f6-ac50-48d9-b7b6-0b5ae2eb4c5f','ff8d12ed-6489-43dd-b2b1-88c02d42f826','Graded','2025-10-15 16:00:00',NULL,'[]',75.00,NULL,NULL,NULL,1,'cb86ea2f-16e4-486d-bcc4-93faebfa6c3f','{}','2026-05-27 22:34:50','2026-05-27 22:34:50',1,NULL,NULL,NULL,NULL,'659a72a6-284a-4b1b-b460-018096237cb9'),('c4b0caee-988d-4b6c-9ad0-7d6c6048bb46','e81f6d5a-d28d-4aea-9771-ca26ef984530','Graded','2025-10-15 10:00:00',NULL,'[]',90.00,NULL,NULL,NULL,0,'cf4e0708-701b-4ea0-a6dc-ce4d12860cec','{}','2026-05-27 22:34:50','2026-05-27 22:34:50',1,NULL,NULL,NULL,NULL,'659a72a6-284a-4b1b-b460-018096237cb9'),('b0fa82b9-5dd6-4781-bc27-e7f6c7e9aeb1','6bc40a80-af77-4da5-b009-098e08d37281','Graded','2025-10-15 16:00:00',NULL,'[]',62.00,NULL,NULL,NULL,0,'d0e42f02-afa0-404b-a269-f9474927c636','{}','2026-05-27 22:34:50','2026-05-27 22:34:50',1,NULL,NULL,NULL,NULL,'659a72a6-284a-4b1b-b460-018096237cb9'),('c4b0caee-988d-4b6c-9ad0-7d6c6048bb46','42e817b5-8abc-43aa-8a80-3e98221c4ab6','Graded','2025-10-15 13:00:00',NULL,'[]',63.00,NULL,NULL,NULL,0,'d518d86d-4533-4c3c-8080-6cec25134f0f','{}','2026-05-27 22:34:50','2026-05-27 22:34:50',1,NULL,NULL,NULL,NULL,'659a72a6-284a-4b1b-b460-018096237cb9'),('0a746d13-f50c-486c-a7e1-2ba4b54d887b','e32641ce-926f-4338-ac29-3f2a89e94524','Graded','2025-10-15 09:00:00',NULL,'[]',62.00,NULL,NULL,NULL,1,'d53654ac-3443-4433-bb89-5196e31b4763','{}','2026-05-27 22:34:50','2026-05-27 22:34:50',1,NULL,NULL,NULL,NULL,'659a72a6-284a-4b1b-b460-018096237cb9'),('7f8a8828-c4d1-4f63-8538-6fa378a158e6','980a5137-5d5f-48de-927d-f2d2db672c2f','Graded','2025-10-15 13:00:00',NULL,'[]',68.00,NULL,NULL,NULL,0,'d63347e2-19c5-46fb-9894-649dba9fe967','{}','2026-05-27 22:34:50','2026-05-27 22:34:50',1,NULL,NULL,NULL,NULL,'659a72a6-284a-4b1b-b460-018096237cb9'),('eba74c79-ea0b-4f67-922c-e9094f7bf389','cff46e7b-0ff3-4ed5-84d8-f64ec9ce9811','Graded','2025-10-15 11:00:00',NULL,'[]',90.00,NULL,NULL,NULL,0,'d852824b-216b-40c6-9db5-062a0c1670b4','{}','2026-05-27 22:34:50','2026-05-27 22:34:50',1,NULL,NULL,NULL,NULL,'659a72a6-284a-4b1b-b460-018096237cb9'),('3061f10f-4eb8-43f1-b5e6-c37b6fa72c86','a8cc521b-8de9-42c5-8500-6c7c0638d050','Submitted','2025-10-15 10:00:00',NULL,'[]',NULL,NULL,NULL,NULL,0,'da156cf1-6b84-4f99-ad6f-f036d4b74d81','{}','2026-05-27 22:34:50','2026-05-27 22:34:50',1,NULL,NULL,NULL,NULL,'659a72a6-284a-4b1b-b460-018096237cb9'),('f431e1cc-1ea3-4b86-a950-956ebfeef88e','a81dcd18-15ed-467b-8583-60cbf3665752','Submitted','2025-10-15 14:00:00',NULL,'[]',NULL,NULL,NULL,NULL,0,'db34dac0-50d8-4cbc-84b7-c4003244272e','{}','2026-05-27 22:34:50','2026-05-27 22:34:50',1,NULL,NULL,NULL,NULL,'659a72a6-284a-4b1b-b460-018096237cb9'),('ab1d7de7-487f-44f7-9aef-3c4bdb53a43b','b656d8da-0176-43e6-b53d-0cb4c7bab509','Graded','2025-10-15 09:00:00',NULL,'[]',70.00,NULL,NULL,NULL,0,'ddc27a12-a8fe-4d30-8f2a-68429e561991','{}','2026-05-27 22:34:50','2026-05-27 22:34:50',1,NULL,NULL,NULL,NULL,'659a72a6-284a-4b1b-b460-018096237cb9'),('c4ca6710-0185-44ba-81d8-e6863cde7d48','8439d760-20b7-4d8f-a0c9-40e1b2dfba6a','Submitted','2025-10-15 13:00:00',NULL,'[]',NULL,NULL,NULL,NULL,0,'e01998a9-1827-40b8-bb13-d5efb7586fa3','{}','2026-05-27 22:34:50','2026-05-27 22:34:50',1,NULL,NULL,NULL,NULL,'659a72a6-284a-4b1b-b460-018096237cb9'),('eba74c79-ea0b-4f67-922c-e9094f7bf389','c590e7e3-c666-4da3-8a68-91f07dbbbadf','Graded','2025-10-15 12:00:00',NULL,'[]',76.00,NULL,NULL,NULL,0,'e04c4036-2680-411b-a184-fddae90e4fb1','{}','2026-05-27 22:34:50','2026-05-27 22:34:50',1,NULL,NULL,NULL,NULL,'659a72a6-284a-4b1b-b460-018096237cb9'),('c4ca6710-0185-44ba-81d8-e6863cde7d48','ff8d12ed-6489-43dd-b2b1-88c02d42f826','Graded','2025-10-15 16:00:00',NULL,'[]',63.00,NULL,NULL,NULL,0,'e122c7e6-75de-4cd0-8a89-f571b5b51b0a','{}','2026-05-27 22:34:50','2026-05-27 22:34:50',1,NULL,NULL,NULL,NULL,'659a72a6-284a-4b1b-b460-018096237cb9'),('8baad351-bc24-4cda-8d1a-a01d0ca7757c','4297c48a-a425-4828-961d-1e09369bda04','Graded','2025-10-15 11:00:00',NULL,'[]',82.00,NULL,NULL,NULL,0,'e305b5b9-57d9-4e6e-869c-09d06f373989','{}','2026-05-27 22:34:50','2026-05-27 22:34:50',1,NULL,NULL,NULL,NULL,'659a72a6-284a-4b1b-b460-018096237cb9'),('0a746d13-f50c-486c-a7e1-2ba4b54d887b','dac10e09-9beb-4354-afaf-4f4bd6dc23a6','Graded','2025-10-15 11:00:00',NULL,'[]',69.00,NULL,NULL,NULL,0,'e35e7192-2643-4a41-9258-40328fae1cad','{}','2026-05-27 22:34:50','2026-05-27 22:34:50',1,NULL,NULL,NULL,NULL,'659a72a6-284a-4b1b-b460-018096237cb9'),('c4b0caee-988d-4b6c-9ad0-7d6c6048bb46','718e064c-26d8-4d8e-8bbb-fcebd31f70b1','Graded','2025-10-15 15:00:00',NULL,'[]',83.00,NULL,NULL,NULL,0,'e3aa92ec-0d60-4f9c-ab52-25de7e79a473','{}','2026-05-27 22:34:50','2026-05-27 22:34:50',1,NULL,NULL,NULL,NULL,'659a72a6-284a-4b1b-b460-018096237cb9'),('b0fa82b9-5dd6-4781-bc27-e7f6c7e9aeb1','a8cc521b-8de9-42c5-8500-6c7c0638d050','Graded','2025-10-15 10:00:00',NULL,'[]',98.00,NULL,NULL,NULL,0,'e6271ed6-618b-45ef-b995-018984de1c1c','{}','2026-05-27 22:34:50','2026-05-27 22:34:50',1,NULL,NULL,NULL,NULL,'659a72a6-284a-4b1b-b460-018096237cb9'),('33f5d11a-33af-4c45-9ae1-13770de7a079','c590e7e3-c666-4da3-8a68-91f07dbbbadf','Submitted','2025-10-15 12:00:00',NULL,'[]',NULL,NULL,NULL,NULL,0,'e6669708-3748-4ed4-ab8b-8dcd92cbea1c','{}','2026-05-27 22:34:50','2026-05-27 22:34:50',1,NULL,NULL,NULL,NULL,'659a72a6-284a-4b1b-b460-018096237cb9'),('0ac69c92-eb18-4c99-bf33-d572c3fec5a1','e81f6d5a-d28d-4aea-9771-ca26ef984530','Graded','2025-10-15 10:00:00',NULL,'[]',91.00,NULL,NULL,NULL,0,'e7371298-a471-41c6-a8e5-509697693f09','{}','2026-05-27 22:34:50','2026-05-27 22:34:50',1,NULL,NULL,NULL,NULL,'659a72a6-284a-4b1b-b460-018096237cb9'),('7b713b1b-bd2f-46bf-8a66-f8eed53882cf','a8cc521b-8de9-42c5-8500-6c7c0638d050','Graded','2025-10-15 10:00:00',NULL,'[]',67.00,NULL,NULL,NULL,0,'e76c3617-962d-4262-83dc-63f4c9b3379e','{}','2026-05-27 22:34:50','2026-05-27 22:34:50',1,NULL,NULL,NULL,NULL,'659a72a6-284a-4b1b-b460-018096237cb9'),('05af93ab-4102-4fdb-868a-1fbc175b705b','dac10e09-9beb-4354-afaf-4f4bd6dc23a6','Graded','2025-10-15 11:00:00',NULL,'[]',80.00,NULL,'2026-05-27 19:41:15','f55f47c2-6286-478e-b218-8f97ed41cd31',1,'e898ee3a-811b-4282-bd18-da681f93e9a0','{}','2026-05-27 22:34:50','2026-05-28 01:11:15',1,NULL,NULL,NULL,'ca4bb6bf-ab10-4153-b8c2-734560dc7c8b','659a72a6-284a-4b1b-b460-018096237cb9'),('05af93ab-4102-4fdb-868a-1fbc175b705b','35fee766-a623-4c7f-acd1-aad490913162','Graded','2025-10-15 14:00:00',NULL,'[]',55.00,NULL,NULL,NULL,0,'eac9df51-14b5-4d3a-a91d-6fa6d8aca2e9','{}','2026-05-27 22:34:50','2026-05-27 22:34:50',1,NULL,NULL,NULL,NULL,'659a72a6-284a-4b1b-b460-018096237cb9'),('3061f10f-4eb8-43f1-b5e6-c37b6fa72c86','0e9e1858-b649-4961-8e79-561f6e058836','Submitted','2025-10-15 13:00:00',NULL,'[]',NULL,NULL,NULL,NULL,0,'eba94902-a42e-4db1-b782-3ee13d27b97c','{}','2026-05-27 22:34:50','2026-05-27 22:34:50',1,NULL,NULL,NULL,NULL,'659a72a6-284a-4b1b-b460-018096237cb9'),('eb78ac58-29e2-48d4-aefb-91a2fda77070','d1ca8baf-ef87-4b9a-84fc-694cde5ad95f','Graded','2025-10-15 14:00:00',NULL,'[]',68.00,NULL,NULL,NULL,0,'ebd196aa-862d-49ec-aa38-04c3a0669327','{}','2026-05-27 22:34:50','2026-05-27 22:34:50',1,NULL,NULL,NULL,NULL,'659a72a6-284a-4b1b-b460-018096237cb9'),('ee7ea3f9-f768-4fdb-ad51-064ecf0d23ac','4a81aff3-2e60-460f-98e1-fd7afc013c21','Graded','2025-10-15 12:00:00',NULL,'[]',94.00,NULL,NULL,NULL,0,'ec6a68e8-eef2-45de-b645-5499485797d0','{}','2026-05-27 22:34:50','2026-05-27 22:34:50',1,NULL,NULL,NULL,NULL,'659a72a6-284a-4b1b-b460-018096237cb9'),('b20059f6-ac50-48d9-b7b6-0b5ae2eb4c5f','20ae1e67-5fb3-48ac-89f7-f47dda7407c1','Graded','2025-10-15 12:00:00',NULL,'[]',56.00,NULL,NULL,NULL,0,'ed254d22-7337-468f-8854-199a5185cc48','{}','2026-05-27 22:34:50','2026-05-27 22:34:50',1,NULL,NULL,NULL,NULL,'659a72a6-284a-4b1b-b460-018096237cb9'),('b20059f6-ac50-48d9-b7b6-0b5ae2eb4c5f','0a3f6d58-7348-4c37-ab09-ebe0238a3b1f','Graded','2025-10-15 10:00:00',NULL,'[]',87.00,NULL,NULL,NULL,0,'efc1b302-4f80-4a13-836f-482b233fcafe','{}','2026-05-27 22:34:50','2026-05-27 22:34:50',1,NULL,NULL,NULL,NULL,'659a72a6-284a-4b1b-b460-018096237cb9'),('0ac69c92-eb18-4c99-bf33-d572c3fec5a1','dcd9ac28-b22f-41ce-90e8-46b4dfae4799','Graded','2025-10-15 09:00:00',NULL,'[]',62.00,NULL,NULL,NULL,0,'eff828a1-1e7d-4694-87fa-95950bd7e5a6','{}','2026-05-27 22:34:50','2026-05-27 22:34:50',1,NULL,NULL,NULL,NULL,'659a72a6-284a-4b1b-b460-018096237cb9'),('eba74c79-ea0b-4f67-922c-e9094f7bf389','a8cc521b-8de9-42c5-8500-6c7c0638d050','Graded','2025-10-15 10:00:00',NULL,'[]',57.00,NULL,NULL,NULL,0,'f191feff-70b8-45e9-ba7c-8146dde5f50e','{}','2026-05-27 22:34:50','2026-05-27 22:34:50',1,NULL,NULL,NULL,NULL,'659a72a6-284a-4b1b-b460-018096237cb9'),('7b713b1b-bd2f-46bf-8a66-f8eed53882cf','cff46e7b-0ff3-4ed5-84d8-f64ec9ce9811','Graded','2025-10-15 11:00:00',NULL,'[]',76.00,NULL,NULL,NULL,0,'f2b4b9f0-9c5c-478f-bad9-8946eb41faf7','{}','2026-05-27 22:34:50','2026-05-27 22:34:50',1,NULL,NULL,NULL,NULL,'659a72a6-284a-4b1b-b460-018096237cb9'),('b20059f6-ac50-48d9-b7b6-0b5ae2eb4c5f','154dba0d-46f1-4ba7-a1a6-6f5bc2ed051c','Graded','2025-10-15 15:00:00',NULL,'[]',62.00,NULL,NULL,NULL,0,'f326da95-1c93-4f3a-b7c7-bdd03159585b','{}','2026-05-27 22:34:50','2026-05-27 22:34:50',1,NULL,NULL,NULL,NULL,'659a72a6-284a-4b1b-b460-018096237cb9'),('647508c8-cd2a-428e-b5f2-28da9ff9df2e','a81dcd18-15ed-467b-8583-60cbf3665752','Graded','2025-10-15 14:00:00',NULL,'[]',94.00,NULL,NULL,NULL,0,'f78c8a5e-f12d-45a2-9087-d79d2b43f0bd','{}','2026-05-27 22:34:50','2026-05-27 22:34:50',1,NULL,NULL,NULL,NULL,'659a72a6-284a-4b1b-b460-018096237cb9'),('8baad351-bc24-4cda-8d1a-a01d0ca7757c','718e064c-26d8-4d8e-8bbb-fcebd31f70b1','Graded','2025-10-15 15:00:00',NULL,'[]',87.00,NULL,NULL,NULL,0,'fb4896c2-74cd-4dd6-ab5e-d16f10640f2d','{}','2026-05-27 22:34:50','2026-05-27 22:34:50',1,NULL,NULL,NULL,NULL,'659a72a6-284a-4b1b-b460-018096237cb9'),('0a746d13-f50c-486c-a7e1-2ba4b54d887b','0a3f6d58-7348-4c37-ab09-ebe0238a3b1f','Graded','2025-10-15 10:00:00',NULL,'[]',87.00,NULL,NULL,NULL,0,'fb4c446f-ffc9-47aa-be07-a10e4168976e','{}','2026-05-27 22:34:50','2026-05-27 22:34:50',1,NULL,NULL,NULL,NULL,'659a72a6-284a-4b1b-b460-018096237cb9'),('7b713b1b-bd2f-46bf-8a66-f8eed53882cf','1db8fd34-b725-4da4-8665-a5534238f137','Submitted','2025-10-15 15:00:00',NULL,'[]',NULL,NULL,NULL,NULL,0,'fbc1ce18-8071-4d63-bf02-1201ad8c98c9','{}','2026-05-27 22:34:50','2026-05-27 22:34:50',1,NULL,NULL,NULL,NULL,'659a72a6-284a-4b1b-b460-018096237cb9');
/*!40000 ALTER TABLE `assignment_submissions` ENABLE KEYS */;
UNLOCK TABLES;

--
-- Table structure for table `assignments`
--

DROP TABLE IF EXISTS `assignments`;
/*!40101 SET @saved_cs_client     = @@character_set_client */;
/*!50503 SET character_set_client = utf8mb4 */;
CREATE TABLE `assignments` (
  `academic_year_id` char(36) CHARACTER SET utf8mb4 COLLATE utf8mb4_unicode_ci NOT NULL,
  `class_section_id` char(36) CHARACTER SET utf8mb4 COLLATE utf8mb4_unicode_ci NOT NULL,
  `subject_id` char(36) CHARACTER SET utf8mb4 COLLATE utf8mb4_unicode_ci NOT NULL,
  `staff_id` char(36) CHARACTER SET utf8mb4 COLLATE utf8mb4_unicode_ci NOT NULL,
  `title` varchar(255) CHARACTER SET utf8mb4 COLLATE utf8mb4_unicode_ci NOT NULL,
  `description` text CHARACTER SET utf8mb4 COLLATE utf8mb4_unicode_ci,
  `due_date` date NOT NULL,
  `max_marks` decimal(6,2) DEFAULT NULL,
  `status` varchar(20) CHARACTER SET utf8mb4 COLLATE utf8mb4_unicode_ci NOT NULL,
  `assigned_date` date NOT NULL,
  `id` char(36) CHARACTER SET utf8mb4 COLLATE utf8mb4_unicode_ci NOT NULL,
  `metadata` json NOT NULL,
  `created_at` datetime NOT NULL DEFAULT (now()),
  `updated_at` datetime NOT NULL DEFAULT (now()),
  `is_active` tinyint(1) NOT NULL,
  `deleted_at` datetime DEFAULT NULL,
  `deleted_by` char(36) CHARACTER SET utf8mb4 COLLATE utf8mb4_unicode_ci DEFAULT NULL,
  `created_by` char(36) CHARACTER SET utf8mb4 COLLATE utf8mb4_unicode_ci DEFAULT NULL,
  `updated_by` char(36) CHARACTER SET utf8mb4 COLLATE utf8mb4_unicode_ci DEFAULT NULL,
  `school_id` char(36) CHARACTER SET utf8mb4 COLLATE utf8mb4_unicode_ci NOT NULL,
  PRIMARY KEY (`id`),
  KEY `fk_assignments_academic_year_id_academic_years` (`academic_year_id`),
  KEY `fk_assignments_subject_id_subjects` (`subject_id`),
  KEY `idx_assignments_teacher` (`staff_id`,`academic_year_id`),
  KEY `idx_assignments_due` (`school_id`,`due_date`),
  KEY `idx_assignments_status` (`school_id`,`academic_year_id`,`status`),
  KEY `ix_assignments_school_id` (`school_id`),
  KEY `ix_assignments_is_active` (`is_active`),
  KEY `idx_assignments_class` (`class_section_id`,`academic_year_id`),
  CONSTRAINT `fk_assignments_academic_year_id_academic_years` FOREIGN KEY (`academic_year_id`) REFERENCES `academic_years` (`id`),
  CONSTRAINT `fk_assignments_class_section_id_class_sections` FOREIGN KEY (`class_section_id`) REFERENCES `class_sections` (`id`),
  CONSTRAINT `fk_assignments_school_id_schools` FOREIGN KEY (`school_id`) REFERENCES `schools` (`id`),
  CONSTRAINT `fk_assignments_staff_id_staff` FOREIGN KEY (`staff_id`) REFERENCES `staff` (`id`),
  CONSTRAINT `fk_assignments_subject_id_subjects` FOREIGN KEY (`subject_id`) REFERENCES `subjects` (`id`)
) ENGINE=InnoDB DEFAULT CHARSET=utf8mb4 COLLATE=utf8mb4_unicode_ci;
/*!40101 SET character_set_client = @saved_cs_client */;

--
-- Dumping data for table `assignments`
--

LOCK TABLES `assignments` WRITE;
/*!40000 ALTER TABLE `assignments` DISABLE KEYS */;
INSERT INTO `assignments` VALUES ('491598d9-1ca9-4402-86f3-87b92cf96f11','ce8a260c-5b81-4f5e-9c6f-76b80e239974','6cd5cf45-a2ca-4ad6-89bb-7873731490f2','f55f47c2-6286-478e-b218-8f97ed41cd31','Linear Equations','Complete Linear Equations. Show all working steps.','2025-08-10',100.00,'Active','2025-08-03','05af93ab-4102-4fdb-868a-1fbc175b705b','{}','2026-05-27 22:34:50','2026-05-27 22:34:50',1,NULL,NULL,NULL,NULL,'659a72a6-284a-4b1b-b460-018096237cb9'),('491598d9-1ca9-4402-86f3-87b92cf96f11','ce8a260c-5b81-4f5e-9c6f-76b80e239974','6cd5cf45-a2ca-4ad6-89bb-7873731490f2','f55f47c2-6286-478e-b218-8f97ed41cd31','Number Systems','Complete Number Systems. Show all working steps.','2025-07-20',100.00,'Active','2025-07-13','0a746d13-f50c-486c-a7e1-2ba4b54d887b','{}','2026-05-27 22:34:50','2026-05-27 22:34:50',1,NULL,NULL,NULL,NULL,'659a72a6-284a-4b1b-b460-018096237cb9'),('491598d9-1ca9-4402-86f3-87b92cf96f11','09db56bb-57e7-4569-9086-fd2b2fa5ec5a','6cd5cf45-a2ca-4ad6-89bb-7873731490f2','f55f47c2-6286-478e-b218-8f97ed41cd31','Algebra Homework Ch.4','Complete Algebra Homework Ch.4. Show all working steps.','2025-10-10',100.00,'Active','2025-10-03','0ac69c92-eb18-4c99-bf33-d572c3fec5a1','{}','2026-05-27 22:34:50','2026-05-27 22:34:50',1,NULL,NULL,NULL,NULL,'659a72a6-284a-4b1b-b460-018096237cb9'),('491598d9-1ca9-4402-86f3-87b92cf96f11','09db56bb-57e7-4569-9086-fd2b2fa5ec5a','cbdf9dac-d844-4a62-8f63-edbd580764c3','a2ccc78c-972b-4b82-9a5c-21317170b66e','Essay Writing - My School','Complete Essay Writing - My School and submit before due date.','2025-11-22',100.00,'Active','2025-11-15','0af1a455-491f-4653-b0d3-1a142b30b3bc','{}','2026-05-27 22:34:50','2026-05-27 22:34:50',1,NULL,NULL,NULL,NULL,'659a72a6-284a-4b1b-b460-018096237cb9'),('491598d9-1ca9-4402-86f3-87b92cf96f11','70cb91f6-d3c2-4af3-bf06-6319c2d58eac','6cd5cf45-a2ca-4ad6-89bb-7873731490f2','f55f47c2-6286-478e-b218-8f97ed41cd31','Coordinate Geometry','Complete Coordinate Geometry. Show all working steps.','2025-08-15',100.00,'Active','2025-08-08','3061f10f-4eb8-43f1-b5e6-c37b6fa72c86','{}','2026-05-27 22:34:50','2026-05-27 22:34:50',1,NULL,NULL,NULL,NULL,'659a72a6-284a-4b1b-b460-018096237cb9'),('491598d9-1ca9-4402-86f3-87b92cf96f11','09db56bb-57e7-4569-9086-fd2b2fa5ec5a','6cd5cf45-a2ca-4ad6-89bb-7873731490f2','f55f47c2-6286-478e-b218-8f97ed41cd31','Algebra Homework Ch.3','Complete Algebra Homework Ch.3. Show all working steps.','2025-09-10',100.00,'Active','2025-09-03','3187ced1-46d6-4a86-bca6-60bbde021710','{}','2026-05-27 22:34:50','2026-05-27 22:34:50',1,NULL,NULL,NULL,NULL,'659a72a6-284a-4b1b-b460-018096237cb9'),('491598d9-1ca9-4402-86f3-87b92cf96f11','70cb91f6-d3c2-4af3-bf06-6319c2d58eac','6cd5cf45-a2ca-4ad6-89bb-7873731490f2','f55f47c2-6286-478e-b218-8f97ed41cd31','Surface Area & Volume','Complete Surface Area & Volume. Show all working steps.','2025-10-30',100.00,'Active','2025-10-23','33f5d11a-33af-4c45-9ae1-13770de7a079','{}','2026-05-27 22:34:50','2026-05-27 22:34:50',1,NULL,NULL,NULL,NULL,'659a72a6-284a-4b1b-b460-018096237cb9'),('491598d9-1ca9-4402-86f3-87b92cf96f11','70cb91f6-d3c2-4af3-bf06-6319c2d58eac','58bb8ece-bcf5-4d9a-ba24-f381cbfdfbd2','639dbabd-3949-40c2-9f62-e0f517926145','Photosynthesis Diagram','Complete Photosynthesis Diagram and submit before due date.','2025-10-10',100.00,'Active','2025-10-03','368f5994-0e87-49be-9fd1-552d23df908c','{}','2026-05-27 22:34:50','2026-05-27 22:34:50',1,NULL,NULL,NULL,NULL,'659a72a6-284a-4b1b-b460-018096237cb9'),('491598d9-1ca9-4402-86f3-87b92cf96f11','09db56bb-57e7-4569-9086-fd2b2fa5ec5a','6cd5cf45-a2ca-4ad6-89bb-7873731490f2','f55f47c2-6286-478e-b218-8f97ed41cd31','Trigonometry Basics','Complete Trigonometry Basics. Show all working steps.','2025-11-20',100.00,'Active','2025-11-13','36a5b488-951d-43ff-ab3e-58cc4aeb2187','{}','2026-05-27 22:34:50','2026-05-27 22:34:50',1,NULL,NULL,NULL,NULL,'659a72a6-284a-4b1b-b460-018096237cb9'),('491598d9-1ca9-4402-86f3-87b92cf96f11','09db56bb-57e7-4569-9086-fd2b2fa5ec5a','cbdf9dac-d844-4a62-8f63-edbd580764c3','a2ccc78c-972b-4b82-9a5c-21317170b66e','Grammar Exercises Ch.4','Complete Grammar Exercises Ch.4 and submit before due date.','2025-10-15',100.00,'Active','2025-10-08','51c92579-d746-4436-a231-b195a06e6425','{}','2026-05-27 22:34:50','2026-05-27 22:34:50',1,NULL,NULL,NULL,NULL,'659a72a6-284a-4b1b-b460-018096237cb9'),('491598d9-1ca9-4402-86f3-87b92cf96f11','09db56bb-57e7-4569-9086-fd2b2fa5ec5a','6cd5cf45-a2ca-4ad6-89bb-7873731490f2','f55f47c2-6286-478e-b218-8f97ed41cd31','Algebra Homework Ch.2','Complete Algebra Homework Ch.2. Show all working steps.','2025-08-05',100.00,'Active','2025-07-29','647508c8-cd2a-428e-b5f2-28da9ff9df2e','{}','2026-05-27 22:34:50','2026-05-27 22:34:50',1,NULL,NULL,NULL,NULL,'659a72a6-284a-4b1b-b460-018096237cb9'),('491598d9-1ca9-4402-86f3-87b92cf96f11','ce8a260c-5b81-4f5e-9c6f-76b80e239974','6cd5cf45-a2ca-4ad6-89bb-7873731490f2','f55f47c2-6286-478e-b218-8f97ed41cd31','Data Handling','Complete Data Handling. Show all working steps.','2025-09-30',100.00,'Active','2025-09-23','6eb57260-2586-4fb2-aab4-76e624c2171a','{}','2026-05-27 22:34:50','2026-05-27 22:34:50',1,NULL,NULL,NULL,NULL,'659a72a6-284a-4b1b-b460-018096237cb9'),('491598d9-1ca9-4402-86f3-87b92cf96f11','70cb91f6-d3c2-4af3-bf06-6319c2d58eac','6cd5cf45-a2ca-4ad6-89bb-7873731490f2','f55f47c2-6286-478e-b218-8f97ed41cd31','Triangles Worksheet','Complete Triangles Worksheet. Show all working steps.','2025-10-05',100.00,'Active','2025-09-28','70625f72-fab5-4ecd-bf1c-8b303e02d739','{}','2026-05-27 22:34:50','2026-05-27 22:34:50',1,NULL,NULL,NULL,NULL,'659a72a6-284a-4b1b-b460-018096237cb9'),('491598d9-1ca9-4402-86f3-87b92cf96f11','70cb91f6-d3c2-4af3-bf06-6319c2d58eac','6cd5cf45-a2ca-4ad6-89bb-7873731490f2','f55f47c2-6286-478e-b218-8f97ed41cd31','Linear Equations in Two Variables','Complete Linear Equations in Two Variables. Show all working steps.','2025-09-10',100.00,'Active','2025-09-03','7b713b1b-bd2f-46bf-8a66-f8eed53882cf','{}','2026-05-27 22:34:50','2026-05-27 22:34:50',1,NULL,NULL,NULL,NULL,'659a72a6-284a-4b1b-b460-018096237cb9'),('491598d9-1ca9-4402-86f3-87b92cf96f11','268cd0ee-f598-4156-b4bb-194eb2b64a0b','6cd5cf45-a2ca-4ad6-89bb-7873731490f2','f55f47c2-6286-478e-b218-8f97ed41cd31','Quadratic Equations','Complete Quadratic Equations. Show all working steps.','2025-08-01',100.00,'Active','2025-07-25','7f8a8828-c4d1-4f63-8538-6fa378a158e6','{}','2026-05-27 22:34:50','2026-05-27 22:34:50',1,NULL,NULL,NULL,NULL,'659a72a6-284a-4b1b-b460-018096237cb9'),('491598d9-1ca9-4402-86f3-87b92cf96f11','09db56bb-57e7-4569-9086-fd2b2fa5ec5a','6cd5cf45-a2ca-4ad6-89bb-7873731490f2','f55f47c2-6286-478e-b218-8f97ed41cd31','Algebra Homework Ch.5','Complete Algebra Homework Ch.5. Show all working steps.','2025-10-25',100.00,'Active','2025-10-18','84199d93-211b-472c-944f-c1034cbbea42','{}','2026-05-27 22:34:50','2026-05-27 22:34:50',1,NULL,NULL,NULL,NULL,'659a72a6-284a-4b1b-b460-018096237cb9'),('491598d9-1ca9-4402-86f3-87b92cf96f11','09db56bb-57e7-4569-9086-fd2b2fa5ec5a','9a2d7073-5dbd-4a32-84bc-ae46a94e1053','9661495d-82cb-4b3d-b9fe-1505e81cb8f1','Hindi Nibandh','Complete Hindi Nibandh and submit before due date.','2025-11-10',100.00,'Active','2025-11-03','89cc8b4e-419b-4098-9927-6cb54d53c1ef','{}','2026-05-27 22:34:50','2026-05-27 22:34:50',1,NULL,NULL,NULL,NULL,'659a72a6-284a-4b1b-b460-018096237cb9'),('491598d9-1ca9-4402-86f3-87b92cf96f11','09db56bb-57e7-4569-9086-fd2b2fa5ec5a','6cd5cf45-a2ca-4ad6-89bb-7873731490f2','f55f47c2-6286-478e-b218-8f97ed41cd31','Algebra Homework Ch.1','Complete Algebra Homework Ch.1. Show all working steps.','2025-07-15',100.00,'Active','2025-07-08','8baad351-bc24-4cda-8d1a-a01d0ca7757c','{}','2026-05-27 22:34:50','2026-05-27 22:34:50',1,NULL,NULL,NULL,NULL,'659a72a6-284a-4b1b-b460-018096237cb9'),('491598d9-1ca9-4402-86f3-87b92cf96f11','09db56bb-57e7-4569-9086-fd2b2fa5ec5a','6cd5cf45-a2ca-4ad6-89bb-7873731490f2','f55f47c2-6286-478e-b218-8f97ed41cd31','Statistics Project','Complete Statistics Project. Show all working steps.','2025-12-05',100.00,'Active','2025-11-28','a4208155-0ea7-43d8-bbb5-047a56e7650c','{}','2026-05-27 22:34:50','2026-05-27 22:34:50',1,NULL,NULL,NULL,NULL,'659a72a6-284a-4b1b-b460-018096237cb9'),('491598d9-1ca9-4402-86f3-87b92cf96f11','268cd0ee-f598-4156-b4bb-194eb2b64a0b','6cd5cf45-a2ca-4ad6-89bb-7873731490f2','f55f47c2-6286-478e-b218-8f97ed41cd31','Circles Assignment','Complete Circles Assignment. Show all working steps.','2025-10-01',100.00,'Active','2025-09-24','ab1d7de7-487f-44f7-9aef-3c4bdb53a43b','{}','2026-05-27 22:34:50','2026-05-27 22:34:50',1,NULL,NULL,NULL,NULL,'659a72a6-284a-4b1b-b460-018096237cb9'),('491598d9-1ca9-4402-86f3-87b92cf96f11','70cb91f6-d3c2-4af3-bf06-6319c2d58eac','6cd5cf45-a2ca-4ad6-89bb-7873731490f2','f55f47c2-6286-478e-b218-8f97ed41cd31','Polynomials Ch.1','Complete Polynomials Ch.1. Show all working steps.','2025-07-25',100.00,'Active','2025-07-18','b0fa82b9-5dd6-4781-bc27-e7f6c7e9aeb1','{}','2026-05-27 22:34:50','2026-05-27 22:34:50',1,NULL,NULL,NULL,NULL,'659a72a6-284a-4b1b-b460-018096237cb9'),('491598d9-1ca9-4402-86f3-87b92cf96f11','ce8a260c-5b81-4f5e-9c6f-76b80e239974','6cd5cf45-a2ca-4ad6-89bb-7873731490f2','f55f47c2-6286-478e-b218-8f97ed41cd31','Quadrilaterals','Complete Quadrilaterals. Show all working steps.','2025-09-05',100.00,'Active','2025-08-29','b20059f6-ac50-48d9-b7b6-0b5ae2eb4c5f','{}','2026-05-27 22:34:50','2026-05-27 22:34:50',1,NULL,NULL,NULL,NULL,'659a72a6-284a-4b1b-b460-018096237cb9'),('491598d9-1ca9-4402-86f3-87b92cf96f11','09db56bb-57e7-4569-9086-fd2b2fa5ec5a','6cd5cf45-a2ca-4ad6-89bb-7873731490f2','f55f47c2-6286-478e-b218-8f97ed41cd31','Geometry Worksheet','Complete Geometry Worksheet. Show all working steps.','2025-08-20',100.00,'Active','2025-08-13','c4b0caee-988d-4b6c-9ad0-7d6c6048bb46','{}','2026-05-27 22:34:50','2026-05-27 22:34:50',1,NULL,NULL,NULL,NULL,'659a72a6-284a-4b1b-b460-018096237cb9'),('491598d9-1ca9-4402-86f3-87b92cf96f11','ce8a260c-5b81-4f5e-9c6f-76b80e239974','6cd5cf45-a2ca-4ad6-89bb-7873731490f2','f55f47c2-6286-478e-b218-8f97ed41cd31','Exponents & Powers','Complete Exponents & Powers. Show all working steps.','2025-10-20',100.00,'Active','2025-10-13','c4ca6710-0185-44ba-81d8-e6863cde7d48','{}','2026-05-27 22:34:50','2026-05-27 22:34:50',1,NULL,NULL,NULL,NULL,'659a72a6-284a-4b1b-b460-018096237cb9'),('491598d9-1ca9-4402-86f3-87b92cf96f11','268cd0ee-f598-4156-b4bb-194eb2b64a0b','6cd5cf45-a2ca-4ad6-89bb-7873731490f2','f55f47c2-6286-478e-b218-8f97ed41cd31','Arithmetic Progressions','Complete Arithmetic Progressions. Show all working steps.','2025-09-01',100.00,'Active','2025-08-25','eb78ac58-29e2-48d4-aefb-91a2fda77070','{}','2026-05-27 22:34:50','2026-05-27 22:34:50',1,NULL,NULL,NULL,NULL,'659a72a6-284a-4b1b-b460-018096237cb9'),('491598d9-1ca9-4402-86f3-87b92cf96f11','70cb91f6-d3c2-4af3-bf06-6319c2d58eac','6cd5cf45-a2ca-4ad6-89bb-7873731490f2','f55f47c2-6286-478e-b218-8f97ed41cd31','Probability Assignment','Complete Probability Assignment. Show all working steps.','2025-11-15',100.00,'Active','2025-11-08','eba74c79-ea0b-4f67-922c-e9094f7bf389','{}','2026-05-27 22:34:50','2026-05-27 22:34:50',1,NULL,NULL,NULL,NULL,'659a72a6-284a-4b1b-b460-018096237cb9'),('491598d9-1ca9-4402-86f3-87b92cf96f11','09db56bb-57e7-4569-9086-fd2b2fa5ec5a','6cd5cf45-a2ca-4ad6-89bb-7873731490f2','f55f47c2-6286-478e-b218-8f97ed41cd31','Mensuration Problems','Complete Mensuration Problems. Show all working steps.','2025-09-25',100.00,'Active','2025-09-18','ee7ea3f9-f768-4fdb-ad51-064ecf0d23ac','{}','2026-05-27 22:34:50','2026-05-27 22:34:50',1,NULL,NULL,NULL,NULL,'659a72a6-284a-4b1b-b460-018096237cb9'),('491598d9-1ca9-4402-86f3-87b92cf96f11','70cb91f6-d3c2-4af3-bf06-6319c2d58eac','58bb8ece-bcf5-4d9a-ba24-f381cbfdfbd2','639dbabd-3949-40c2-9f62-e0f517926145','Science Lab Report - Acids','Complete Science Lab Report - Acids and submit before due date.','2025-11-25',100.00,'Active','2025-11-18','f3d674c1-e431-4601-b870-6be9694e2ec7','{}','2026-05-27 22:34:50','2026-05-27 22:34:50',1,NULL,NULL,NULL,NULL,'659a72a6-284a-4b1b-b460-018096237cb9'),('491598d9-1ca9-4402-86f3-87b92cf96f11','09db56bb-57e7-4569-9086-fd2b2fa5ec5a','6cd5cf45-a2ca-4ad6-89bb-7873731490f2','f55f47c2-6286-478e-b218-8f97ed41cd31','Mid-Term Practice Set','Complete Mid-Term Practice Set. Show all working steps.','2025-11-05',100.00,'Active','2025-10-29','f431e1cc-1ea3-4b86-a950-956ebfeef88e','{}','2026-05-27 22:34:50','2026-05-27 22:34:50',1,NULL,NULL,NULL,NULL,'659a72a6-284a-4b1b-b460-018096237cb9');
/*!40000 ALTER TABLE `assignments` ENABLE KEYS */;
UNLOCK TABLES;

--
-- Table structure for table `attendance_records`
--

DROP TABLE IF EXISTS `attendance_records`;
/*!40101 SET @saved_cs_client     = @@character_set_client */;
/*!50503 SET character_set_client = utf8mb4 */;
CREATE TABLE `attendance_records` (
  `attendance_session_id` char(36) CHARACTER SET utf8mb4 COLLATE utf8mb4_unicode_ci NOT NULL,
  `student_id` char(36) CHARACTER SET utf8mb4 COLLATE utf8mb4_unicode_ci NOT NULL,
  `status` varchar(10) CHARACTER SET utf8mb4 COLLATE utf8mb4_unicode_ci NOT NULL,
  `remarks` text CHARACTER SET utf8mb4 COLLATE utf8mb4_unicode_ci,
  `id` char(36) CHARACTER SET utf8mb4 COLLATE utf8mb4_unicode_ci NOT NULL,
  `metadata` json NOT NULL,
  `created_at` datetime NOT NULL DEFAULT (now()),
  `updated_at` datetime NOT NULL DEFAULT (now()),
  `is_active` tinyint(1) NOT NULL,
  `deleted_at` datetime DEFAULT NULL,
  `deleted_by` char(36) CHARACTER SET utf8mb4 COLLATE utf8mb4_unicode_ci DEFAULT NULL,
  `created_by` char(36) CHARACTER SET utf8mb4 COLLATE utf8mb4_unicode_ci DEFAULT NULL,
  `updated_by` char(36) CHARACTER SET utf8mb4 COLLATE utf8mb4_unicode_ci DEFAULT NULL,
  `school_id` char(36) CHARACTER SET utf8mb4 COLLATE utf8mb4_unicode_ci NOT NULL,
  PRIMARY KEY (`id`),
  UNIQUE KEY `uq_attendance_records_session_student` (`school_id`,`attendance_session_id`,`student_id`),
  KEY `idx_attendance_records_status` (`attendance_session_id`,`status`),
  KEY `ix_attendance_records_school_id` (`school_id`),
  KEY `ix_attendance_records_is_active` (`is_active`),
  KEY `idx_attendance_records_student` (`student_id`),
  CONSTRAINT `fk_attendance_records_attendance_session_id_attendance_sessions` FOREIGN KEY (`attendance_session_id`) REFERENCES `attendance_sessions` (`id`) ON DELETE CASCADE,
  CONSTRAINT `fk_attendance_records_school_id_schools` FOREIGN KEY (`school_id`) REFERENCES `schools` (`id`),
  CONSTRAINT `fk_attendance_records_student_id_students` FOREIGN KEY (`student_id`) REFERENCES `students` (`id`)
) ENGINE=InnoDB DEFAULT CHARSET=utf8mb4 COLLATE=utf8mb4_unicode_ci;
/*!40101 SET character_set_client = @saved_cs_client */;

--
-- Dumping data for table `attendance_records`
--

LOCK TABLES `attendance_records` WRITE;
/*!40000 ALTER TABLE `attendance_records` DISABLE KEYS */;
INSERT INTO `attendance_records` VALUES ('d22cc835-2f2b-40a9-a5d7-af6787944461','a81dcd18-15ed-467b-8583-60cbf3665752','Present',NULL,'00318e0b-5149-4623-8d8b-99df2fba0519','{}','2026-05-27 22:34:50','2026-05-27 22:34:50',1,NULL,NULL,NULL,NULL,'659a72a6-284a-4b1b-b460-018096237cb9'),('1ce3b51f-12e4-4a2f-9c2a-98407e506163','9398407c-f2ab-4629-b6a0-9b843f8761fb','Present',NULL,'003fbc8f-0ef1-49c4-a7b3-cab7cd346acc','{}','2026-05-27 22:34:50','2026-05-27 22:34:50',1,NULL,NULL,NULL,NULL,'659a72a6-284a-4b1b-b460-018096237cb9'),('6ad83e08-cd39-4981-97ba-c8666687c54a','b656d8da-0176-43e6-b53d-0cb4c7bab509','Present',NULL,'00548265-2a85-4d37-b8c4-5642195b0be4','{}','2026-05-27 22:34:50','2026-05-27 22:34:50',1,NULL,NULL,NULL,NULL,'659a72a6-284a-4b1b-b460-018096237cb9'),('34ed69ef-2de6-4144-ab15-aa255b5b10c8','4297c48a-a425-4828-961d-1e09369bda04','Present',NULL,'00c78d52-0d06-4bb2-9196-6a0bc37f456c','{}','2026-05-27 22:34:50','2026-05-27 22:34:50',1,NULL,NULL,NULL,NULL,'659a72a6-284a-4b1b-b460-018096237cb9'),('d27af7e8-7e9e-4275-a3ab-2bc4616796e3','ff8d12ed-6489-43dd-b2b1-88c02d42f826','Present',NULL,'00e996da-a968-4bf5-8e58-a1706df58510','{}','2026-05-27 22:34:50','2026-05-27 22:34:50',1,NULL,NULL,NULL,NULL,'659a72a6-284a-4b1b-b460-018096237cb9'),('41a8a99b-15dc-4fd1-b9ee-1d2ca278a42f','a0a7ebf8-7824-4bf1-a8b3-401b0fcf1801','Present',NULL,'012152b9-a65a-4a7d-94fe-bba9f8327bd2','{}','2026-05-27 22:34:50','2026-05-27 22:34:50',1,NULL,NULL,NULL,NULL,'659a72a6-284a-4b1b-b460-018096237cb9'),('6bef5d95-0834-4c9b-9fd8-94ceac62b09f','ff8d12ed-6489-43dd-b2b1-88c02d42f826','Present',NULL,'017ecb6d-450f-49d2-a7b2-8067d6d5f53e','{}','2026-05-27 22:34:50','2026-05-27 22:34:50',1,NULL,NULL,NULL,NULL,'659a72a6-284a-4b1b-b460-018096237cb9'),('ff779a98-16d7-4817-9055-34fafd02d3b0','0a3f6d58-7348-4c37-ab09-ebe0238a3b1f','Present',NULL,'027a84fd-25ef-4119-8c37-991f90a84255','{}','2026-05-27 22:34:50','2026-05-27 22:34:50',1,NULL,NULL,NULL,NULL,'659a72a6-284a-4b1b-b460-018096237cb9'),('2b580851-cdd7-44f9-878c-b997440c4639','a8cc521b-8de9-42c5-8500-6c7c0638d050','Present',NULL,'027b417f-80fe-4c55-9d19-476574791ec8','{}','2026-05-27 22:34:50','2026-05-27 22:34:50',1,NULL,NULL,NULL,NULL,'659a72a6-284a-4b1b-b460-018096237cb9'),('e645fec6-5af5-4ffc-b417-25956ba230b4','8439d760-20b7-4d8f-a0c9-40e1b2dfba6a','Present',NULL,'02d79abd-b905-490b-8ab5-ef53e2a8ac45','{}','2026-05-27 22:34:50','2026-05-27 22:34:50',1,NULL,NULL,NULL,NULL,'659a72a6-284a-4b1b-b460-018096237cb9'),('41a8a99b-15dc-4fd1-b9ee-1d2ca278a42f','cff46e7b-0ff3-4ed5-84d8-f64ec9ce9811','Absent',NULL,'039d62e7-3155-4ff0-af1b-5faa57fd8c44','{}','2026-05-27 22:34:50','2026-05-27 22:34:50',1,NULL,NULL,NULL,NULL,'659a72a6-284a-4b1b-b460-018096237cb9'),('34688610-371e-4392-a2c9-b4ba7dc21380','a0a7ebf8-7824-4bf1-a8b3-401b0fcf1801','Present',NULL,'0462cefe-3126-43c9-93b1-88bd42e13204','{}','2026-05-27 22:34:50','2026-05-27 22:34:50',1,NULL,NULL,NULL,NULL,'659a72a6-284a-4b1b-b460-018096237cb9'),('bd378643-e675-4525-8ab5-d6e82a30df4d','154dba0d-46f1-4ba7-a1a6-6f5bc2ed051c','Present',NULL,'0555dd61-04a6-4f20-889f-1173ed13b11a','{}','2026-05-27 22:34:50','2026-05-27 22:34:50',1,NULL,NULL,NULL,NULL,'659a72a6-284a-4b1b-b460-018096237cb9'),('6bef5d95-0834-4c9b-9fd8-94ceac62b09f','35fee766-a623-4c7f-acd1-aad490913162','Present',NULL,'05fb746e-980d-47b3-8da4-849fd89ddef5','{}','2026-05-27 22:34:50','2026-05-27 22:34:50',1,NULL,NULL,NULL,NULL,'659a72a6-284a-4b1b-b460-018096237cb9'),('4205f322-de91-425b-be4e-49e996d70e08','1db8fd34-b725-4da4-8665-a5534238f137','Present',NULL,'0698e6c7-4b1d-4f5a-91a2-3d6e5399b951','{}','2026-05-27 22:34:50','2026-05-27 22:34:50',1,NULL,NULL,NULL,NULL,'659a72a6-284a-4b1b-b460-018096237cb9'),('c48a9cf6-fcba-4595-aeb2-d4b9f64cf0d6','20ae1e67-5fb3-48ac-89f7-f47dda7407c1','Present',NULL,'08c94cde-a6a8-4dd0-959a-731789454296','{}','2026-05-27 22:34:50','2026-05-27 22:34:50',1,NULL,NULL,NULL,NULL,'659a72a6-284a-4b1b-b460-018096237cb9'),('68c047f0-dce2-4950-be90-1fa282873c54','e81f6d5a-d28d-4aea-9771-ca26ef984530','Present',NULL,'098612fe-e617-473c-91ff-4c5d4ea35016','{}','2026-05-27 22:34:50','2026-05-27 22:34:50',1,NULL,NULL,NULL,NULL,'659a72a6-284a-4b1b-b460-018096237cb9'),('1837a3f4-dbc5-421c-9ace-58f8a6fffee9','a81dcd18-15ed-467b-8583-60cbf3665752','Present',NULL,'09abf939-5217-48ef-9a02-964c591feef6','{}','2026-05-27 22:34:50','2026-05-27 22:34:50',1,NULL,NULL,NULL,NULL,'659a72a6-284a-4b1b-b460-018096237cb9'),('3e14f76d-73fd-4b2f-8b16-af697ebb615f','6bc40a80-af77-4da5-b009-098e08d37281','Present',NULL,'09c15cca-6d29-4fab-9b09-60e863345f50','{}','2026-05-27 22:34:50','2026-05-27 22:34:50',1,NULL,NULL,NULL,NULL,'659a72a6-284a-4b1b-b460-018096237cb9'),('80cfd292-b17c-42c3-8191-4d72674466e7','cff46e7b-0ff3-4ed5-84d8-f64ec9ce9811','Present',NULL,'09ddf5af-6641-46c6-8f86-86205dedf696','{}','2026-05-27 22:34:50','2026-05-27 22:34:50',1,NULL,NULL,NULL,NULL,'659a72a6-284a-4b1b-b460-018096237cb9'),('727a2a1e-4872-479d-a12d-1ac2586db27a','a81dcd18-15ed-467b-8583-60cbf3665752','Present',NULL,'0a0c85b2-aab9-4a7f-88e5-9b8ad5ecd042','{}','2026-05-27 22:34:50','2026-05-27 22:34:50',1,NULL,NULL,NULL,NULL,'659a72a6-284a-4b1b-b460-018096237cb9'),('ff779a98-16d7-4817-9055-34fafd02d3b0','8439d760-20b7-4d8f-a0c9-40e1b2dfba6a','Present',NULL,'0a325aff-6d01-4612-a460-fc8c599b6173','{}','2026-05-27 22:34:50','2026-05-27 22:34:50',1,NULL,NULL,NULL,NULL,'659a72a6-284a-4b1b-b460-018096237cb9'),('133c4980-58b7-4051-9b5f-6c968e7b1e1e','35fee766-a623-4c7f-acd1-aad490913162','Present',NULL,'0a3b3166-c34a-4c7c-8f26-ed7865e3d5d6','{}','2026-05-27 22:34:50','2026-05-27 22:34:50',1,NULL,NULL,NULL,NULL,'659a72a6-284a-4b1b-b460-018096237cb9'),('f6c02c42-b7ae-4ef0-9b41-11f6f53d4db4','e77aeb23-e06c-4060-940b-e98c6076ae15','Present',NULL,'0a735dba-5d44-4443-b801-d725c75275e6','{}','2026-05-27 22:34:50','2026-05-27 22:34:50',1,NULL,NULL,NULL,NULL,'659a72a6-284a-4b1b-b460-018096237cb9'),('2b580851-cdd7-44f9-878c-b997440c4639','1db8fd34-b725-4da4-8665-a5534238f137','Present',NULL,'0abe2f5d-f056-48e3-9a03-392f439c9697','{}','2026-05-27 22:34:50','2026-05-27 22:34:50',1,NULL,NULL,NULL,NULL,'659a72a6-284a-4b1b-b460-018096237cb9'),('ce69c72a-7cc1-44eb-bbff-8295a6884ff8','a81dcd18-15ed-467b-8583-60cbf3665752','Present',NULL,'0ae90b9b-ec40-4b30-98ff-f3b18ffb6d6e','{}','2026-05-27 22:34:50','2026-05-27 22:34:50',1,NULL,NULL,NULL,NULL,'659a72a6-284a-4b1b-b460-018096237cb9'),('a1f4ae84-4480-40e9-a366-7c966d0d53c5','e32641ce-926f-4338-ac29-3f2a89e94524','Present',NULL,'0b07085a-a8d8-4124-830e-3f421dc6e91c','{}','2026-05-27 22:34:50','2026-05-27 22:34:50',1,NULL,NULL,NULL,NULL,'659a72a6-284a-4b1b-b460-018096237cb9'),('1b9fe487-79ef-4012-8ec5-464c62c6660d','154dba0d-46f1-4ba7-a1a6-6f5bc2ed051c','Absent',NULL,'0be69e8e-4235-49e3-ae90-9000e265708e','{}','2026-05-27 22:34:50','2026-05-27 22:34:50',1,NULL,NULL,NULL,NULL,'659a72a6-284a-4b1b-b460-018096237cb9'),('bd378643-e675-4525-8ab5-d6e82a30df4d','8439d760-20b7-4d8f-a0c9-40e1b2dfba6a','Present',NULL,'0c9730bf-4dcd-4eaf-9d6a-cfafbd7f3991','{}','2026-05-27 22:34:50','2026-05-27 22:34:50',1,NULL,NULL,NULL,NULL,'659a72a6-284a-4b1b-b460-018096237cb9'),('bd378643-e675-4525-8ab5-d6e82a30df4d','35fee766-a623-4c7f-acd1-aad490913162','Present',NULL,'0d77eb26-a06c-4c52-88ce-040f2467de9a','{}','2026-05-27 22:34:50','2026-05-27 22:34:50',1,NULL,NULL,NULL,NULL,'659a72a6-284a-4b1b-b460-018096237cb9'),('d2f092ea-daaa-416f-9ed9-2e052cbe6e8c','21a9a63c-efc4-4459-b072-61b898412a5a','Present',NULL,'0e5de6f8-0114-48e5-aec4-94e867318189','{}','2026-05-27 22:34:50','2026-05-27 22:34:50',1,NULL,NULL,NULL,NULL,'659a72a6-284a-4b1b-b460-018096237cb9'),('71711433-2f69-48e3-8979-d0ac34d70935','4a81aff3-2e60-460f-98e1-fd7afc013c21','Present',NULL,'0e7e1bae-7b48-418e-8ef3-3f641b1f236d','{}','2026-05-27 22:34:50','2026-05-27 22:34:50',1,NULL,NULL,NULL,NULL,'659a72a6-284a-4b1b-b460-018096237cb9'),('b18b714a-637e-4d0e-a7a0-c9d746f0903c','154dba0d-46f1-4ba7-a1a6-6f5bc2ed051c','Present',NULL,'0f5a59e6-b289-42c2-adf5-4f4cc23d00f9','{}','2026-05-27 22:34:50','2026-05-27 22:34:50',1,NULL,NULL,NULL,NULL,'659a72a6-284a-4b1b-b460-018096237cb9'),('5754890c-7259-4052-af3c-a2ee82ddcde3','e81f6d5a-d28d-4aea-9771-ca26ef984530','Present',NULL,'0f67d267-2184-4218-b780-98b935f278e2','{}','2026-05-27 22:34:50','2026-05-27 22:34:50',1,NULL,NULL,NULL,NULL,'659a72a6-284a-4b1b-b460-018096237cb9'),('621529b4-0bfe-4116-8f37-523b36025ae0','467b52aa-b799-43d5-b6cc-ca9f96b7a907','Present',NULL,'1000bed2-0008-48d3-aa20-91180e11a343','{}','2026-05-27 22:34:50','2026-05-27 22:34:50',1,NULL,NULL,NULL,NULL,'659a72a6-284a-4b1b-b460-018096237cb9'),('727a2a1e-4872-479d-a12d-1ac2586db27a','4a81aff3-2e60-460f-98e1-fd7afc013c21','Present',NULL,'102e2d9e-6b52-47ab-af16-88dd17102b69','{}','2026-05-27 22:34:50','2026-05-27 22:34:50',1,NULL,NULL,NULL,NULL,'659a72a6-284a-4b1b-b460-018096237cb9'),('b1350074-5951-4ea7-a248-6e68eafaebdb','96cc2aff-1541-447c-8d31-35c2f80d4428','Present',NULL,'103a50fe-62d3-4db6-b5d0-5c6c6f25c151','{}','2026-05-27 22:34:50','2026-05-27 22:34:50',1,NULL,NULL,NULL,NULL,'659a72a6-284a-4b1b-b460-018096237cb9'),('68282cc4-ab3a-49d1-855d-7a4ae61ab702','fea91fe4-40b6-422d-b549-b4089cc7223d','Present',NULL,'10a0eab6-b54d-4f3f-8aa9-9a5557d5d3d7','{}','2026-05-27 22:34:50','2026-05-27 22:34:50',1,NULL,NULL,NULL,NULL,'659a72a6-284a-4b1b-b460-018096237cb9'),('96e50448-fad2-4cbc-b326-2e5aafb34896','c590e7e3-c666-4da3-8a68-91f07dbbbadf','Absent',NULL,'10e97154-2319-4c36-a1e2-8bd2b6bc438b','{}','2026-05-27 22:34:50','2026-05-27 22:34:50',1,NULL,NULL,NULL,NULL,'659a72a6-284a-4b1b-b460-018096237cb9'),('6bef5d95-0834-4c9b-9fd8-94ceac62b09f','dac10e09-9beb-4354-afaf-4f4bd6dc23a6','Absent',NULL,'11574f58-9c99-486f-8547-68bb6392356d','{}','2026-05-27 22:34:50','2026-05-27 22:34:50',1,NULL,NULL,NULL,NULL,'659a72a6-284a-4b1b-b460-018096237cb9'),('97c19c8c-475b-484e-8105-38f748b7e8eb','154dba0d-46f1-4ba7-a1a6-6f5bc2ed051c','Absent',NULL,'115d9ba2-eea0-44fa-90b4-216c93519945','{}','2026-05-27 22:34:50','2026-05-27 22:34:50',1,NULL,NULL,NULL,NULL,'659a72a6-284a-4b1b-b460-018096237cb9'),('133c4980-58b7-4051-9b5f-6c968e7b1e1e','ff8d12ed-6489-43dd-b2b1-88c02d42f826','Present',NULL,'1193bf1b-11d2-43f7-bd0f-09d422bc42da','{}','2026-05-27 22:34:50','2026-05-27 22:34:50',1,NULL,NULL,NULL,NULL,'659a72a6-284a-4b1b-b460-018096237cb9'),('68282cc4-ab3a-49d1-855d-7a4ae61ab702','21a9a63c-efc4-4459-b072-61b898412a5a','Present',NULL,'11dec919-802c-4b43-aef7-bff698f07adc','{}','2026-05-27 22:34:50','2026-05-27 22:34:50',1,NULL,NULL,NULL,NULL,'659a72a6-284a-4b1b-b460-018096237cb9'),('530c782c-b694-4522-83ea-2814c458864b','a0a7ebf8-7824-4bf1-a8b3-401b0fcf1801','Present',NULL,'124cec10-d28a-45a3-ba2a-46ef09a69cad','{}','2026-05-27 22:34:50','2026-05-27 22:34:50',1,NULL,NULL,NULL,NULL,'659a72a6-284a-4b1b-b460-018096237cb9'),('48058cf1-a88c-4785-927d-52c8dae943e7','4a81aff3-2e60-460f-98e1-fd7afc013c21','Present',NULL,'1280a5ab-54b2-479f-a550-f03ccf9487b0','{}','2026-05-27 22:34:50','2026-05-27 22:34:50',1,NULL,NULL,NULL,NULL,'659a72a6-284a-4b1b-b460-018096237cb9'),('3cd161ab-2720-45fa-9131-8195e90f5de4','d1ca8baf-ef87-4b9a-84fc-694cde5ad95f','Absent',NULL,'12f57695-eefb-425e-92cc-219e48d45f68','{}','2026-05-27 22:34:50','2026-05-27 22:34:50',1,NULL,NULL,NULL,NULL,'659a72a6-284a-4b1b-b460-018096237cb9'),('b18b714a-637e-4d0e-a7a0-c9d746f0903c','ff8d12ed-6489-43dd-b2b1-88c02d42f826','Present',NULL,'13240d51-f6c1-4659-957f-349541ee05e6','{}','2026-05-27 22:34:50','2026-05-27 22:34:50',1,NULL,NULL,NULL,NULL,'659a72a6-284a-4b1b-b460-018096237cb9'),('d22cc835-2f2b-40a9-a5d7-af6787944461','718e064c-26d8-4d8e-8bbb-fcebd31f70b1','Present',NULL,'13f6dcfb-8a32-4f72-8da6-41ff85600c01','{}','2026-05-27 22:34:50','2026-05-27 22:34:50',1,NULL,NULL,NULL,NULL,'659a72a6-284a-4b1b-b460-018096237cb9'),('80cfd292-b17c-42c3-8191-4d72674466e7','467b52aa-b799-43d5-b6cc-ca9f96b7a907','Absent',NULL,'146565fe-d361-446d-9023-83f33beea525','{}','2026-05-27 22:34:50','2026-05-27 22:34:50',1,NULL,NULL,NULL,NULL,'659a72a6-284a-4b1b-b460-018096237cb9'),('b3b54a97-b0d3-4223-acf7-434d0949f64e','e77aeb23-e06c-4060-940b-e98c6076ae15','Present',NULL,'15327095-7e0a-4b4d-adfd-556e9c63b9b2','{}','2026-05-27 22:34:50','2026-05-27 22:34:50',1,NULL,NULL,NULL,NULL,'659a72a6-284a-4b1b-b460-018096237cb9'),('5754890c-7259-4052-af3c-a2ee82ddcde3','a81dcd18-15ed-467b-8583-60cbf3665752','Present',NULL,'15682f83-0e64-47b2-915e-4eab91f7d97c','{}','2026-05-27 22:34:50','2026-05-27 22:34:50',1,NULL,NULL,NULL,NULL,'659a72a6-284a-4b1b-b460-018096237cb9'),('133c4980-58b7-4051-9b5f-6c968e7b1e1e','dac10e09-9beb-4354-afaf-4f4bd6dc23a6','Present',NULL,'1574d4ba-9d46-4029-8cde-f526e3676b67','{}','2026-05-27 22:34:50','2026-05-27 22:34:50',1,NULL,NULL,NULL,NULL,'659a72a6-284a-4b1b-b460-018096237cb9'),('96e50448-fad2-4cbc-b326-2e5aafb34896','467b52aa-b799-43d5-b6cc-ca9f96b7a907','Present',NULL,'168d2f93-9573-4955-9351-6a7f630a20ec','{}','2026-05-27 22:34:50','2026-05-27 22:34:50',1,NULL,NULL,NULL,NULL,'659a72a6-284a-4b1b-b460-018096237cb9'),('50e27ed3-7404-48b8-9740-1ed70bc89cf5','ff8d12ed-6489-43dd-b2b1-88c02d42f826','Present',NULL,'1772b58f-b0b3-4b4c-9410-ec6dd7c98888','{}','2026-05-27 22:34:50','2026-05-27 22:34:50',1,NULL,NULL,NULL,NULL,'659a72a6-284a-4b1b-b460-018096237cb9'),('80cfd292-b17c-42c3-8191-4d72674466e7','0e9e1858-b649-4961-8e79-561f6e058836','Present',NULL,'18b5c8c6-8e87-4a6f-989e-a3d3a3a5011d','{}','2026-05-27 22:34:50','2026-05-27 22:34:50',1,NULL,NULL,NULL,NULL,'659a72a6-284a-4b1b-b460-018096237cb9'),('b3b54a97-b0d3-4223-acf7-434d0949f64e','718e064c-26d8-4d8e-8bbb-fcebd31f70b1','Present',NULL,'18d8cf24-ba83-41d7-8d35-b8f5a0069af2','{}','2026-05-27 22:34:50','2026-05-27 22:34:50',1,NULL,NULL,NULL,NULL,'659a72a6-284a-4b1b-b460-018096237cb9'),('50e27ed3-7404-48b8-9740-1ed70bc89cf5','154dba0d-46f1-4ba7-a1a6-6f5bc2ed051c','Present',NULL,'191e4ae7-da3a-4f24-b6d5-9e7907a2f6f8','{}','2026-05-27 22:34:50','2026-05-27 22:34:50',1,NULL,NULL,NULL,NULL,'659a72a6-284a-4b1b-b460-018096237cb9'),('3b0f36ec-65ed-4a07-8cdb-cdf662608cae','42e817b5-8abc-43aa-8a80-3e98221c4ab6','Present',NULL,'19a6ebd6-60c1-4d6b-ba5b-55ba9022b5af','{}','2026-05-27 22:34:50','2026-05-27 22:34:50',1,NULL,NULL,NULL,NULL,'659a72a6-284a-4b1b-b460-018096237cb9'),('3cd161ab-2720-45fa-9131-8195e90f5de4','b656d8da-0176-43e6-b53d-0cb4c7bab509','Present',NULL,'19b3a3f5-37d1-475e-b678-ad499c3abb40','{}','2026-05-27 22:34:50','2026-05-27 22:34:50',1,NULL,NULL,NULL,NULL,'659a72a6-284a-4b1b-b460-018096237cb9'),('96e50448-fad2-4cbc-b326-2e5aafb34896','0e9e1858-b649-4961-8e79-561f6e058836','Present',NULL,'19e46737-0cf4-4d3e-82a3-907ab0ab5d82','{}','2026-05-27 22:34:50','2026-05-27 22:34:50',1,NULL,NULL,NULL,NULL,'659a72a6-284a-4b1b-b460-018096237cb9'),('48058cf1-a88c-4785-927d-52c8dae943e7','42e817b5-8abc-43aa-8a80-3e98221c4ab6','Present',NULL,'1b76f17d-1673-4c98-b9c1-07647a8cc694','{}','2026-05-27 22:34:50','2026-05-27 22:34:50',1,NULL,NULL,NULL,NULL,'659a72a6-284a-4b1b-b460-018096237cb9'),('a6a39092-4cf7-4ebd-83f1-c67c89516b4d','42e817b5-8abc-43aa-8a80-3e98221c4ab6','Present',NULL,'1baa5510-77af-4c5c-975c-1975f0e5066c','{}','2026-05-27 22:34:50','2026-05-27 22:34:50',1,NULL,NULL,NULL,NULL,'659a72a6-284a-4b1b-b460-018096237cb9'),('d27af7e8-7e9e-4275-a3ab-2bc4616796e3','35fee766-a623-4c7f-acd1-aad490913162','Present',NULL,'1bf04856-eecb-466d-8b50-6b07a8870622','{}','2026-05-27 22:34:50','2026-05-27 22:34:50',1,NULL,NULL,NULL,NULL,'659a72a6-284a-4b1b-b460-018096237cb9'),('b1350074-5951-4ea7-a248-6e68eafaebdb','d1ca8baf-ef87-4b9a-84fc-694cde5ad95f','Present',NULL,'1bf23d6a-f491-4a4d-9d0a-17c976e2099a','{}','2026-05-27 22:34:50','2026-05-27 22:34:50',1,NULL,NULL,NULL,NULL,'659a72a6-284a-4b1b-b460-018096237cb9'),('90487e89-debb-4ede-844d-5bd2eecbb4af','cff46e7b-0ff3-4ed5-84d8-f64ec9ce9811','Present',NULL,'1c07538b-5324-4b61-bd8d-8ed3af875f8d','{}','2026-05-27 22:34:50','2026-05-27 22:34:50',1,NULL,NULL,NULL,NULL,'659a72a6-284a-4b1b-b460-018096237cb9'),('3cd161ab-2720-45fa-9131-8195e90f5de4','21a9a63c-efc4-4459-b072-61b898412a5a','Present',NULL,'1c10df73-0a50-4730-aa95-f2e5d654f4ab','{}','2026-05-27 22:34:50','2026-05-27 22:34:50',1,NULL,NULL,NULL,NULL,'659a72a6-284a-4b1b-b460-018096237cb9'),('68c047f0-dce2-4950-be90-1fa282873c54','42e817b5-8abc-43aa-8a80-3e98221c4ab6','Present',NULL,'1c26df55-2f02-4255-98bc-5aee81513847','{}','2026-05-27 22:34:50','2026-05-27 22:34:50',1,NULL,NULL,NULL,NULL,'659a72a6-284a-4b1b-b460-018096237cb9'),('99da4c20-d042-4c93-9378-997540423871','c590e7e3-c666-4da3-8a68-91f07dbbbadf','Present',NULL,'1c52dbb2-06c7-4270-a1b7-ca0366fa0760','{}','2026-05-27 22:34:50','2026-05-27 22:34:50',1,NULL,NULL,NULL,NULL,'659a72a6-284a-4b1b-b460-018096237cb9'),('530c782c-b694-4522-83ea-2814c458864b','cff46e7b-0ff3-4ed5-84d8-f64ec9ce9811','Present',NULL,'1ce92fa1-af5c-4656-b640-cbf834833572','{}','2026-05-27 22:34:50','2026-05-27 22:34:50',1,NULL,NULL,NULL,NULL,'659a72a6-284a-4b1b-b460-018096237cb9'),('80e76bd8-aa84-4a8f-ba69-e77807d507e9','21a9a63c-efc4-4459-b072-61b898412a5a','Present',NULL,'1cfb447d-de65-440f-86a4-94690383c2ae','{}','2026-05-27 22:34:50','2026-05-27 22:34:50',1,NULL,NULL,NULL,NULL,'659a72a6-284a-4b1b-b460-018096237cb9'),('9c814653-b80a-4d21-875f-c9cd2bb32768','4297c48a-a425-4828-961d-1e09369bda04','Absent',NULL,'1dd63ab8-1feb-4743-b2e4-28eaaef6ca51','{}','2026-05-27 22:34:50','2026-05-27 22:34:50',1,NULL,NULL,NULL,NULL,'659a72a6-284a-4b1b-b460-018096237cb9'),('d9d5f52d-f132-4a27-bae3-d2339cd48b04','9398407c-f2ab-4629-b6a0-9b843f8761fb','Present',NULL,'1e1bdecf-88f3-4bff-a6be-a6bfa0533e94','{}','2026-05-27 22:34:50','2026-05-27 22:34:50',1,NULL,NULL,NULL,NULL,'659a72a6-284a-4b1b-b460-018096237cb9'),('51ee81c1-5f8b-4163-8963-cf0ab8d161b0','e77aeb23-e06c-4060-940b-e98c6076ae15','Present',NULL,'1ec81dd7-2f03-4780-ba07-2548108b83a8','{}','2026-05-27 22:34:50','2026-05-27 22:34:50',1,NULL,NULL,NULL,NULL,'659a72a6-284a-4b1b-b460-018096237cb9'),('727a2a1e-4872-479d-a12d-1ac2586db27a','e81f6d5a-d28d-4aea-9771-ca26ef984530','Present',NULL,'1ed0474e-31cf-4865-9396-dacb95b43cf1','{}','2026-05-27 22:34:50','2026-05-27 22:34:50',1,NULL,NULL,NULL,NULL,'659a72a6-284a-4b1b-b460-018096237cb9'),('5754890c-7259-4052-af3c-a2ee82ddcde3','dcd9ac28-b22f-41ce-90e8-46b4dfae4799','Present',NULL,'1f15fae3-0562-4076-8370-bc77cd452227','{}','2026-05-27 22:34:50','2026-05-27 22:34:50',1,NULL,NULL,NULL,NULL,'659a72a6-284a-4b1b-b460-018096237cb9'),('92bcd926-714f-432d-be3f-86c1ff75cbfb','9398407c-f2ab-4629-b6a0-9b843f8761fb','Absent',NULL,'1f60b7c4-1063-41a7-8a76-fffbce09adf2','{}','2026-05-27 22:34:50','2026-05-27 22:34:50',1,NULL,NULL,NULL,NULL,'659a72a6-284a-4b1b-b460-018096237cb9'),('bd378643-e675-4525-8ab5-d6e82a30df4d','0a3f6d58-7348-4c37-ab09-ebe0238a3b1f','Present',NULL,'1fbda17e-e2a1-4c9a-ad0c-191616d713ac','{}','2026-05-27 22:34:50','2026-05-27 22:34:50',1,NULL,NULL,NULL,NULL,'659a72a6-284a-4b1b-b460-018096237cb9'),('1ce3b51f-12e4-4a2f-9c2a-98407e506163','d1ca8baf-ef87-4b9a-84fc-694cde5ad95f','Present',NULL,'1fbf689d-b320-4e5b-852c-92e904f55a8a','{}','2026-05-27 22:34:50','2026-05-27 22:34:50',1,NULL,NULL,NULL,NULL,'659a72a6-284a-4b1b-b460-018096237cb9'),('af900836-200c-41a1-9978-6ce34a26d603','dac10e09-9beb-4354-afaf-4f4bd6dc23a6','Present',NULL,'202cd9e8-5b3a-497e-b96e-b6e86e6f4864','{}','2026-05-27 22:34:50','2026-05-27 22:34:50',1,NULL,NULL,NULL,NULL,'659a72a6-284a-4b1b-b460-018096237cb9'),('3e14f76d-73fd-4b2f-8b16-af697ebb615f','a8cc521b-8de9-42c5-8500-6c7c0638d050','Present',NULL,'20487dba-a1a8-46b1-8369-39f0cd8f43a8','{}','2026-05-27 22:34:50','2026-05-27 22:34:50',1,NULL,NULL,NULL,NULL,'659a72a6-284a-4b1b-b460-018096237cb9'),('5f3c2f8c-bb69-48a9-85e8-77147fc1d7e3','e32641ce-926f-4338-ac29-3f2a89e94524','Present',NULL,'22c34c60-e708-4289-bbd5-f2e5928e2010','{}','2026-05-27 22:34:50','2026-05-27 22:34:50',1,NULL,NULL,NULL,NULL,'659a72a6-284a-4b1b-b460-018096237cb9'),('92bcd926-714f-432d-be3f-86c1ff75cbfb','ac753b58-b0cf-49a4-bb08-399faee3076d','Present',NULL,'231022cb-54c5-4f25-933c-cd0b43784fb6','{}','2026-05-27 22:34:50','2026-05-27 22:34:50',1,NULL,NULL,NULL,NULL,'659a72a6-284a-4b1b-b460-018096237cb9'),('621529b4-0bfe-4116-8f37-523b36025ae0','a8cc521b-8de9-42c5-8500-6c7c0638d050','Present',NULL,'23103903-fa41-46cf-9f7d-d74331a2f4c6','{}','2026-05-27 22:34:50','2026-05-27 22:34:50',1,NULL,NULL,NULL,NULL,'659a72a6-284a-4b1b-b460-018096237cb9'),('d7217aa2-38b5-4d78-8ac0-cda58c9b0e40','21a9a63c-efc4-4459-b072-61b898412a5a','Present',NULL,'23132464-6384-4182-a483-502b727f2ffb','{}','2026-05-27 22:34:50','2026-05-27 22:34:50',1,NULL,NULL,NULL,NULL,'659a72a6-284a-4b1b-b460-018096237cb9'),('68c047f0-dce2-4950-be90-1fa282873c54','dcd9ac28-b22f-41ce-90e8-46b4dfae4799','Present',NULL,'231f2f45-79cb-448c-aca7-63597b06a0d8','{}','2026-05-27 22:34:50','2026-05-27 22:34:50',1,NULL,NULL,NULL,NULL,'659a72a6-284a-4b1b-b460-018096237cb9'),('b18b714a-637e-4d0e-a7a0-c9d746f0903c','0a3f6d58-7348-4c37-ab09-ebe0238a3b1f','Absent',NULL,'2357ba26-e6d2-450a-9adc-70957a0f1c6a','{}','2026-05-27 22:34:50','2026-05-27 22:34:50',1,NULL,NULL,NULL,NULL,'659a72a6-284a-4b1b-b460-018096237cb9'),('51ee81c1-5f8b-4163-8963-cf0ab8d161b0','dcd9ac28-b22f-41ce-90e8-46b4dfae4799','Present',NULL,'242e2745-8dfe-4237-9105-fb1c29175cef','{}','2026-05-27 22:34:50','2026-05-27 22:34:50',1,NULL,NULL,NULL,NULL,'659a72a6-284a-4b1b-b460-018096237cb9'),('5754890c-7259-4052-af3c-a2ee82ddcde3','e77aeb23-e06c-4060-940b-e98c6076ae15','Present',NULL,'248e9e25-472d-4926-a474-11aff0a5b03c','{}','2026-05-27 22:34:50','2026-05-27 22:34:50',1,NULL,NULL,NULL,NULL,'659a72a6-284a-4b1b-b460-018096237cb9'),('51ee81c1-5f8b-4163-8963-cf0ab8d161b0','e81f6d5a-d28d-4aea-9771-ca26ef984530','Present',NULL,'252950d3-e9bf-4653-8b29-76533b90303e','{}','2026-05-27 22:34:50','2026-05-27 22:34:50',1,NULL,NULL,NULL,NULL,'659a72a6-284a-4b1b-b460-018096237cb9'),('1ce3b51f-12e4-4a2f-9c2a-98407e506163','96cc2aff-1541-447c-8d31-35c2f80d4428','Present',NULL,'264d86da-d892-4bf5-b8ae-11aee4c2f0b9','{}','2026-05-27 22:34:50','2026-05-27 22:34:50',1,NULL,NULL,NULL,NULL,'659a72a6-284a-4b1b-b460-018096237cb9'),('2b580851-cdd7-44f9-878c-b997440c4639','a0a7ebf8-7824-4bf1-a8b3-401b0fcf1801','Present',NULL,'27000af5-06f5-4267-a23a-45a8a1379a03','{}','2026-05-27 22:34:50','2026-05-27 22:34:50',1,NULL,NULL,NULL,NULL,'659a72a6-284a-4b1b-b460-018096237cb9'),('d7217aa2-38b5-4d78-8ac0-cda58c9b0e40','b656d8da-0176-43e6-b53d-0cb4c7bab509','Present',NULL,'271b4580-9ad1-4964-89eb-2d72b00e0365','{}','2026-05-27 22:34:50','2026-05-27 22:34:50',1,NULL,NULL,NULL,NULL,'659a72a6-284a-4b1b-b460-018096237cb9'),('4205f322-de91-425b-be4e-49e996d70e08','cff46e7b-0ff3-4ed5-84d8-f64ec9ce9811','Present',NULL,'2730f215-f565-4867-a0a5-8e47dc939afc','{}','2026-05-27 22:34:50','2026-05-27 22:34:50',1,NULL,NULL,NULL,NULL,'659a72a6-284a-4b1b-b460-018096237cb9'),('e645fec6-5af5-4ffc-b417-25956ba230b4','35fee766-a623-4c7f-acd1-aad490913162','Present',NULL,'29048f18-1ad4-435c-8078-012c23abc38c','{}','2026-05-27 22:34:50','2026-05-27 22:34:50',1,NULL,NULL,NULL,NULL,'659a72a6-284a-4b1b-b460-018096237cb9'),('8b970940-5480-4d5a-8dce-3135149be747','42e817b5-8abc-43aa-8a80-3e98221c4ab6','Present',NULL,'2924b854-5e21-481f-9d76-3903ee4d6a33','{}','2026-05-27 22:34:50','2026-05-27 22:34:50',1,NULL,NULL,NULL,NULL,'659a72a6-284a-4b1b-b460-018096237cb9'),('41a8a99b-15dc-4fd1-b9ee-1d2ca278a42f','0e9e1858-b649-4961-8e79-561f6e058836','Present',NULL,'299fdd9d-9702-42c8-9a70-c149b8739dc6','{}','2026-05-27 22:34:50','2026-05-27 22:34:50',1,NULL,NULL,NULL,NULL,'659a72a6-284a-4b1b-b460-018096237cb9'),('99da4c20-d042-4c93-9378-997540423871','a8cc521b-8de9-42c5-8500-6c7c0638d050','Present',NULL,'29cf5ed3-967b-4c14-a092-ffd61d5ceb23','{}','2026-05-27 22:34:50','2026-05-27 22:34:50',1,NULL,NULL,NULL,NULL,'659a72a6-284a-4b1b-b460-018096237cb9'),('71711433-2f69-48e3-8979-d0ac34d70935','718e064c-26d8-4d8e-8bbb-fcebd31f70b1','Present',NULL,'2a154f68-c703-46fd-8f53-117e7e074f69','{}','2026-05-27 22:34:50','2026-05-27 22:34:50',1,NULL,NULL,NULL,NULL,'659a72a6-284a-4b1b-b460-018096237cb9'),('68282cc4-ab3a-49d1-855d-7a4ae61ab702','ac753b58-b0cf-49a4-bb08-399faee3076d','Present',NULL,'2a2436aa-4e34-4306-a294-168e51537a53','{}','2026-05-27 22:34:50','2026-05-27 22:34:50',1,NULL,NULL,NULL,NULL,'659a72a6-284a-4b1b-b460-018096237cb9'),('b18b714a-637e-4d0e-a7a0-c9d746f0903c','20ae1e67-5fb3-48ac-89f7-f47dda7407c1','Present',NULL,'2a7dff1a-2859-4808-b427-1c4a0469062f','{}','2026-05-27 22:34:50','2026-05-27 22:34:50',1,NULL,NULL,NULL,NULL,'659a72a6-284a-4b1b-b460-018096237cb9'),('30053e19-84f0-4620-aeb3-bcc3c9883859','20ae1e67-5fb3-48ac-89f7-f47dda7407c1','Present',NULL,'2ae039d3-193a-4064-ad8a-c182c00513bc','{}','2026-05-27 22:34:50','2026-05-27 22:34:50',1,NULL,NULL,NULL,NULL,'659a72a6-284a-4b1b-b460-018096237cb9'),('5754890c-7259-4052-af3c-a2ee82ddcde3','4a81aff3-2e60-460f-98e1-fd7afc013c21','Present',NULL,'2aedca1f-0824-4ebf-97d3-b0b62afee2d6','{}','2026-05-27 22:34:50','2026-05-27 22:34:50',1,NULL,NULL,NULL,NULL,'659a72a6-284a-4b1b-b460-018096237cb9'),('3b0f36ec-65ed-4a07-8cdb-cdf662608cae','718e064c-26d8-4d8e-8bbb-fcebd31f70b1','Absent',NULL,'2b1056ac-bcd2-4666-9935-81073a605930','{}','2026-05-27 22:34:50','2026-05-27 22:34:50',1,NULL,NULL,NULL,NULL,'659a72a6-284a-4b1b-b460-018096237cb9'),('3e14f76d-73fd-4b2f-8b16-af697ebb615f','0e9e1858-b649-4961-8e79-561f6e058836','Present',NULL,'2b5ea624-c910-4725-b752-c7b3cb40cd58','{}','2026-05-27 22:34:50','2026-05-27 22:34:50',1,NULL,NULL,NULL,NULL,'659a72a6-284a-4b1b-b460-018096237cb9'),('dff06825-5384-44fb-999d-65e5597b3d38','e81f6d5a-d28d-4aea-9771-ca26ef984530','Absent',NULL,'2be08481-bd9b-46cb-8f26-44308b503d0e','{}','2026-05-27 22:34:50','2026-05-27 22:34:50',1,NULL,NULL,NULL,NULL,'659a72a6-284a-4b1b-b460-018096237cb9'),('96e50448-fad2-4cbc-b326-2e5aafb34896','1db8fd34-b725-4da4-8665-a5534238f137','Present',NULL,'2be8b31e-c0d9-4eb3-90d8-9dfa7be72e14','{}','2026-05-27 22:34:50','2026-05-27 22:34:50',1,NULL,NULL,NULL,NULL,'659a72a6-284a-4b1b-b460-018096237cb9'),('976b573c-96a2-4c1f-b5c7-0e197cecfba9','a81dcd18-15ed-467b-8583-60cbf3665752','Present',NULL,'2d6e2749-0c6e-45f5-9329-b20f9e42646c','{}','2026-05-27 22:34:50','2026-05-27 22:34:50',1,NULL,NULL,NULL,NULL,'659a72a6-284a-4b1b-b460-018096237cb9'),('90487e89-debb-4ede-844d-5bd2eecbb4af','c590e7e3-c666-4da3-8a68-91f07dbbbadf','Present',NULL,'2da4d6b4-0655-4d14-aff8-0a3761a2159e','{}','2026-05-27 22:34:50','2026-05-27 22:34:50',1,NULL,NULL,NULL,NULL,'659a72a6-284a-4b1b-b460-018096237cb9'),('ccb8d6ad-7610-4cf8-b651-d1208fb140cc','0a3f6d58-7348-4c37-ab09-ebe0238a3b1f','Absent',NULL,'2dac5954-30a5-4f44-8114-d33ea58a9d5c','{}','2026-05-27 22:34:50','2026-05-27 22:34:50',1,NULL,NULL,NULL,NULL,'659a72a6-284a-4b1b-b460-018096237cb9'),('34688610-371e-4392-a2c9-b4ba7dc21380','cff46e7b-0ff3-4ed5-84d8-f64ec9ce9811','Absent',NULL,'2e0a9dde-a452-456f-b63c-ac538bc236d7','{}','2026-05-27 22:34:50','2026-05-27 22:34:50',1,NULL,NULL,NULL,NULL,'659a72a6-284a-4b1b-b460-018096237cb9'),('133c4980-58b7-4051-9b5f-6c968e7b1e1e','e32641ce-926f-4338-ac29-3f2a89e94524','Present',NULL,'2e46d93e-1bf9-422d-8669-4e75015792e6','{}','2026-05-27 22:34:50','2026-05-27 22:34:50',1,NULL,NULL,NULL,NULL,'659a72a6-284a-4b1b-b460-018096237cb9'),('5abdc7af-b5ed-4187-a308-337d456e4348','a0a7ebf8-7824-4bf1-a8b3-401b0fcf1801','Present',NULL,'2ef8272c-20ab-4f68-9e3f-63ef01313ed2','{}','2026-05-27 22:34:50','2026-05-27 22:34:50',1,NULL,NULL,NULL,NULL,'659a72a6-284a-4b1b-b460-018096237cb9'),('80e76bd8-aa84-4a8f-ba69-e77807d507e9','b656d8da-0176-43e6-b53d-0cb4c7bab509','Present',NULL,'2f2ce7d6-302d-4f53-a935-ac9b7625a863','{}','2026-05-27 22:34:50','2026-05-27 22:34:50',1,NULL,NULL,NULL,NULL,'659a72a6-284a-4b1b-b460-018096237cb9'),('80e76bd8-aa84-4a8f-ba69-e77807d507e9','fea91fe4-40b6-422d-b549-b4089cc7223d','Present',NULL,'2f3d932b-4f2a-4507-845b-3ada0e0f37bd','{}','2026-05-27 22:34:50','2026-05-27 22:34:50',1,NULL,NULL,NULL,NULL,'659a72a6-284a-4b1b-b460-018096237cb9'),('a1f4ae84-4480-40e9-a366-7c966d0d53c5','8439d760-20b7-4d8f-a0c9-40e1b2dfba6a','Present',NULL,'3060a412-e7be-46e6-aedc-0e598a4be29f','{}','2026-05-27 22:34:50','2026-05-27 22:34:50',1,NULL,NULL,NULL,NULL,'659a72a6-284a-4b1b-b460-018096237cb9'),('3cd161ab-2720-45fa-9131-8195e90f5de4','ac753b58-b0cf-49a4-bb08-399faee3076d','Present',NULL,'30ed866d-51fa-4ee8-9d89-ed25b40a2cef','{}','2026-05-27 22:34:50','2026-05-27 22:34:50',1,NULL,NULL,NULL,NULL,'659a72a6-284a-4b1b-b460-018096237cb9'),('6e3a3ca7-5bed-4e0c-a543-24d6afd592ed','a8cc521b-8de9-42c5-8500-6c7c0638d050','Present',NULL,'3124b1d6-caae-429c-9313-b5aa65ea50a1','{}','2026-05-27 22:34:50','2026-05-27 22:34:50',1,NULL,NULL,NULL,NULL,'659a72a6-284a-4b1b-b460-018096237cb9'),('90487e89-debb-4ede-844d-5bd2eecbb4af','467b52aa-b799-43d5-b6cc-ca9f96b7a907','Present',NULL,'31390f50-fce5-4e6f-a970-d06e6cdc0214','{}','2026-05-27 22:34:50','2026-05-27 22:34:50',1,NULL,NULL,NULL,NULL,'659a72a6-284a-4b1b-b460-018096237cb9'),('6af7e2cc-6dec-486f-901a-6904dc262e58','ff8d12ed-6489-43dd-b2b1-88c02d42f826','Present',NULL,'31c953bd-2eea-41a6-aeb7-5e6eaa985531','{}','2026-05-27 22:34:50','2026-05-27 22:34:50',1,NULL,NULL,NULL,NULL,'659a72a6-284a-4b1b-b460-018096237cb9'),('9c814653-b80a-4d21-875f-c9cd2bb32768','4a81aff3-2e60-460f-98e1-fd7afc013c21','Present',NULL,'31fbc9ff-07a5-42f6-97c2-cecab2b09d2b','{}','2026-05-27 22:34:50','2026-05-27 22:34:50',1,NULL,NULL,NULL,NULL,'659a72a6-284a-4b1b-b460-018096237cb9'),('d27af7e8-7e9e-4275-a3ab-2bc4616796e3','20ae1e67-5fb3-48ac-89f7-f47dda7407c1','Present',NULL,'3224bab5-a4cc-4759-822d-8ded386d1583','{}','2026-05-27 22:34:50','2026-05-27 22:34:50',1,NULL,NULL,NULL,NULL,'659a72a6-284a-4b1b-b460-018096237cb9'),('2b580851-cdd7-44f9-878c-b997440c4639','c590e7e3-c666-4da3-8a68-91f07dbbbadf','Present',NULL,'33084d30-898d-4b83-b4cf-f4f576cb5ae4','{}','2026-05-27 22:34:50','2026-05-27 22:34:50',1,NULL,NULL,NULL,NULL,'659a72a6-284a-4b1b-b460-018096237cb9'),('e1b06ea1-f676-49ae-a495-12f0436f4452','fea91fe4-40b6-422d-b549-b4089cc7223d','Present',NULL,'333ee264-fd96-4bd2-9a87-6fd68afb1b17','{}','2026-05-27 22:34:50','2026-05-27 22:34:50',1,NULL,NULL,NULL,NULL,'659a72a6-284a-4b1b-b460-018096237cb9'),('f6c02c42-b7ae-4ef0-9b41-11f6f53d4db4','dcd9ac28-b22f-41ce-90e8-46b4dfae4799','Present',NULL,'342aa2a3-94e8-425d-b597-f6863791d5b7','{}','2026-05-27 22:34:50','2026-05-27 22:34:50',1,NULL,NULL,NULL,NULL,'659a72a6-284a-4b1b-b460-018096237cb9'),('41a8a99b-15dc-4fd1-b9ee-1d2ca278a42f','6bc40a80-af77-4da5-b009-098e08d37281','Present',NULL,'34441d2d-97d4-4538-a293-c68faa2f6075','{}','2026-05-27 22:34:50','2026-05-27 22:34:50',1,NULL,NULL,NULL,NULL,'659a72a6-284a-4b1b-b460-018096237cb9'),('3cd161ab-2720-45fa-9131-8195e90f5de4','fea91fe4-40b6-422d-b549-b4089cc7223d','Present',NULL,'344a3824-4cc8-4d75-af7e-4383c9d51816','{}','2026-05-27 22:34:50','2026-05-27 22:34:50',1,NULL,NULL,NULL,NULL,'659a72a6-284a-4b1b-b460-018096237cb9'),('6e3a3ca7-5bed-4e0c-a543-24d6afd592ed','0e9e1858-b649-4961-8e79-561f6e058836','Present',NULL,'348754b5-57fc-41fe-b360-0f9bc10455f0','{}','2026-05-27 22:34:50','2026-05-27 22:34:50',1,NULL,NULL,NULL,NULL,'659a72a6-284a-4b1b-b460-018096237cb9'),('6ad83e08-cd39-4981-97ba-c8666687c54a','21a9a63c-efc4-4459-b072-61b898412a5a','Absent',NULL,'348f5312-db1f-45c5-b8f4-bd733fdc7d66','{}','2026-05-27 22:34:50','2026-05-27 22:34:50',1,NULL,NULL,NULL,NULL,'659a72a6-284a-4b1b-b460-018096237cb9'),('d7217aa2-38b5-4d78-8ac0-cda58c9b0e40','96cc2aff-1541-447c-8d31-35c2f80d4428','Present',NULL,'34db2668-2d5f-43e5-9618-7d067262e98d','{}','2026-05-27 22:34:50','2026-05-27 22:34:50',1,NULL,NULL,NULL,NULL,'659a72a6-284a-4b1b-b460-018096237cb9'),('b9d18ccf-43e5-4c51-ad7c-027246e66d55','718e064c-26d8-4d8e-8bbb-fcebd31f70b1','Present',NULL,'34e029e4-8159-4901-97af-715c91e448e4','{}','2026-05-27 22:34:50','2026-05-27 22:34:50',1,NULL,NULL,NULL,NULL,'659a72a6-284a-4b1b-b460-018096237cb9'),('621529b4-0bfe-4116-8f37-523b36025ae0','a0a7ebf8-7824-4bf1-a8b3-401b0fcf1801','Present',NULL,'35174a5a-3d58-442d-b914-ea4f220f35db','{}','2026-05-27 22:34:50','2026-05-27 22:34:50',1,NULL,NULL,NULL,NULL,'659a72a6-284a-4b1b-b460-018096237cb9'),('68c047f0-dce2-4950-be90-1fa282873c54','4a81aff3-2e60-460f-98e1-fd7afc013c21','Present',NULL,'35829d59-6988-4929-9f24-f7faca693c26','{}','2026-05-27 22:34:50','2026-05-27 22:34:50',1,NULL,NULL,NULL,NULL,'659a72a6-284a-4b1b-b460-018096237cb9'),('bf191d38-a6ce-4e36-aba7-0a460945e45a','0e9e1858-b649-4961-8e79-561f6e058836','Present',NULL,'35ab421c-8d19-47bf-95ff-4d47c118145d','{}','2026-05-27 22:34:50','2026-05-27 22:34:50',1,NULL,NULL,NULL,NULL,'659a72a6-284a-4b1b-b460-018096237cb9'),('d22cc835-2f2b-40a9-a5d7-af6787944461','4a81aff3-2e60-460f-98e1-fd7afc013c21','Present',NULL,'3603d642-3fec-4d53-bee9-1beaf0a548b4','{}','2026-05-27 22:34:50','2026-05-27 22:34:50',1,NULL,NULL,NULL,NULL,'659a72a6-284a-4b1b-b460-018096237cb9'),('dff06825-5384-44fb-999d-65e5597b3d38','4297c48a-a425-4828-961d-1e09369bda04','Present',NULL,'36c9a9d1-3be4-476f-84b0-a6c0231ffa3d','{}','2026-05-27 22:34:50','2026-05-27 22:34:50',1,NULL,NULL,NULL,NULL,'659a72a6-284a-4b1b-b460-018096237cb9'),('1b9fe487-79ef-4012-8ec5-464c62c6660d','20ae1e67-5fb3-48ac-89f7-f47dda7407c1','Present',NULL,'37213180-6bd1-4b7d-98fb-b8e3425d693e','{}','2026-05-27 22:34:50','2026-05-27 22:34:50',1,NULL,NULL,NULL,NULL,'659a72a6-284a-4b1b-b460-018096237cb9'),('80e76bd8-aa84-4a8f-ba69-e77807d507e9','d1ca8baf-ef87-4b9a-84fc-694cde5ad95f','Present',NULL,'374fc9d9-f9c1-419f-9655-27a3de90d48f','{}','2026-05-27 22:34:50','2026-05-27 22:34:50',1,NULL,NULL,NULL,NULL,'659a72a6-284a-4b1b-b460-018096237cb9'),('f642d557-0ac7-4271-b393-aaead8e34c5d','ff8d12ed-6489-43dd-b2b1-88c02d42f826','Present',NULL,'37a8fb71-5cf6-4882-abd4-8e90dde23b36','{}','2026-05-27 22:34:50','2026-05-27 22:34:50',1,NULL,NULL,NULL,NULL,'659a72a6-284a-4b1b-b460-018096237cb9'),('6e3a3ca7-5bed-4e0c-a543-24d6afd592ed','c590e7e3-c666-4da3-8a68-91f07dbbbadf','Present',NULL,'3812aeba-3e71-453b-b58c-d695f29fbe03','{}','2026-05-27 22:34:50','2026-05-27 22:34:50',1,NULL,NULL,NULL,NULL,'659a72a6-284a-4b1b-b460-018096237cb9'),('1b9fe487-79ef-4012-8ec5-464c62c6660d','35fee766-a623-4c7f-acd1-aad490913162','Present',NULL,'385fb19b-1821-49f2-81cd-3dfe2618eeaf','{}','2026-05-27 22:34:50','2026-05-27 22:34:50',1,NULL,NULL,NULL,NULL,'659a72a6-284a-4b1b-b460-018096237cb9'),('8a9aaf32-b754-40d3-96b8-5826afecd008','42e817b5-8abc-43aa-8a80-3e98221c4ab6','Present',NULL,'3909f6e8-9a7e-4af5-974e-1535828ffbf6','{}','2026-05-27 22:34:50','2026-05-27 22:34:50',1,NULL,NULL,NULL,NULL,'659a72a6-284a-4b1b-b460-018096237cb9'),('3e14f76d-73fd-4b2f-8b16-af697ebb615f','cff46e7b-0ff3-4ed5-84d8-f64ec9ce9811','Present',NULL,'39a7206a-9bfa-4985-94fb-ec93dc7cf302','{}','2026-05-27 22:34:50','2026-05-27 22:34:50',1,NULL,NULL,NULL,NULL,'659a72a6-284a-4b1b-b460-018096237cb9'),('ccb8d6ad-7610-4cf8-b651-d1208fb140cc','20ae1e67-5fb3-48ac-89f7-f47dda7407c1','Present',NULL,'3a05cd34-62a4-4ab1-b800-188577b9afc3','{}','2026-05-27 22:34:50','2026-05-27 22:34:50',1,NULL,NULL,NULL,NULL,'659a72a6-284a-4b1b-b460-018096237cb9'),('8b970940-5480-4d5a-8dce-3135149be747','4a81aff3-2e60-460f-98e1-fd7afc013c21','Present',NULL,'3ac42034-48eb-4deb-9ed9-c5b922901f1f','{}','2026-05-27 22:34:50','2026-05-27 22:34:50',1,NULL,NULL,NULL,NULL,'659a72a6-284a-4b1b-b460-018096237cb9'),('bed71593-5a68-4c0a-9f10-ae21bcf3a392','d1ca8baf-ef87-4b9a-84fc-694cde5ad95f','Absent',NULL,'3b3d17ed-3bf2-4a96-9aa4-bc1e8fe1ffc0','{}','2026-05-27 22:34:50','2026-05-27 22:34:50',1,NULL,NULL,NULL,NULL,'659a72a6-284a-4b1b-b460-018096237cb9'),('a6a39092-4cf7-4ebd-83f1-c67c89516b4d','4a81aff3-2e60-460f-98e1-fd7afc013c21','Present',NULL,'3b839a85-20e7-4c5a-a369-85570116ea8f','{}','2026-05-27 22:34:50','2026-05-27 22:34:50',1,NULL,NULL,NULL,NULL,'659a72a6-284a-4b1b-b460-018096237cb9'),('4d4c8e1d-4217-4284-bc39-38407abba02a','35fee766-a623-4c7f-acd1-aad490913162','Present',NULL,'3bd331c5-03d2-4fbe-a107-314d7e023932','{}','2026-05-27 22:34:50','2026-05-27 22:34:50',1,NULL,NULL,NULL,NULL,'659a72a6-284a-4b1b-b460-018096237cb9'),('295a8b4e-2db4-4481-9357-068abf641ce4','980a5137-5d5f-48de-927d-f2d2db672c2f','Present',NULL,'3c870dd5-cd24-4be9-b99f-adcacbdb5316','{}','2026-05-27 22:34:50','2026-05-27 22:34:50',1,NULL,NULL,NULL,NULL,'659a72a6-284a-4b1b-b460-018096237cb9'),('1b9fe487-79ef-4012-8ec5-464c62c6660d','dac10e09-9beb-4354-afaf-4f4bd6dc23a6','Present',NULL,'3c9676be-dae4-4aff-98a8-929adbb7092d','{}','2026-05-27 22:34:50','2026-05-27 22:34:50',1,NULL,NULL,NULL,NULL,'659a72a6-284a-4b1b-b460-018096237cb9'),('30053e19-84f0-4620-aeb3-bcc3c9883859','dac10e09-9beb-4354-afaf-4f4bd6dc23a6','Present',NULL,'3d1f785d-01a5-4034-8a66-2944c169452e','{}','2026-05-27 22:34:50','2026-05-27 22:34:50',1,NULL,NULL,NULL,NULL,'659a72a6-284a-4b1b-b460-018096237cb9'),('3b0f36ec-65ed-4a07-8cdb-cdf662608cae','4a81aff3-2e60-460f-98e1-fd7afc013c21','Present',NULL,'3da1c445-1a5b-4323-9a22-b25bdecdce62','{}','2026-05-27 22:34:50','2026-05-27 22:34:50',1,NULL,NULL,NULL,NULL,'659a72a6-284a-4b1b-b460-018096237cb9'),('a1f4ae84-4480-40e9-a366-7c966d0d53c5','20ae1e67-5fb3-48ac-89f7-f47dda7407c1','Present',NULL,'3da30f8c-6189-465c-8236-9c6e532dfe37','{}','2026-05-27 22:34:50','2026-05-27 22:34:50',1,NULL,NULL,NULL,NULL,'659a72a6-284a-4b1b-b460-018096237cb9'),('80cfd292-b17c-42c3-8191-4d72674466e7','6bc40a80-af77-4da5-b009-098e08d37281','Present',NULL,'3df2ff10-c630-400a-bb02-b20b1a34479f','{}','2026-05-27 22:34:50','2026-05-27 22:34:50',1,NULL,NULL,NULL,NULL,'659a72a6-284a-4b1b-b460-018096237cb9'),('bd378643-e675-4525-8ab5-d6e82a30df4d','e32641ce-926f-4338-ac29-3f2a89e94524','Present',NULL,'3f498b9b-c17f-44b1-a80b-173093ea5b07','{}','2026-05-27 22:34:50','2026-05-27 22:34:50',1,NULL,NULL,NULL,NULL,'659a72a6-284a-4b1b-b460-018096237cb9'),('5f3c2f8c-bb69-48a9-85e8-77147fc1d7e3','8439d760-20b7-4d8f-a0c9-40e1b2dfba6a','Present',NULL,'3ff07a13-bb6b-4bb9-8dd7-6cc0bf73c7ab','{}','2026-05-27 22:34:50','2026-05-27 22:34:50',1,NULL,NULL,NULL,NULL,'659a72a6-284a-4b1b-b460-018096237cb9'),('3b0f36ec-65ed-4a07-8cdb-cdf662608cae','a81dcd18-15ed-467b-8583-60cbf3665752','Present',NULL,'3ffccc3f-6334-428b-b0a9-c1c1120fce95','{}','2026-05-27 22:34:50','2026-05-27 22:34:50',1,NULL,NULL,NULL,NULL,'659a72a6-284a-4b1b-b460-018096237cb9'),('b3b54a97-b0d3-4223-acf7-434d0949f64e','42e817b5-8abc-43aa-8a80-3e98221c4ab6','Present',NULL,'409f98ea-b75c-4599-bb22-fbed8f77442e','{}','2026-05-27 22:34:50','2026-05-27 22:34:50',1,NULL,NULL,NULL,NULL,'659a72a6-284a-4b1b-b460-018096237cb9'),('68c047f0-dce2-4950-be90-1fa282873c54','a81dcd18-15ed-467b-8583-60cbf3665752','Present',NULL,'40a743ee-fa83-4124-871f-11640629bc40','{}','2026-05-27 22:34:50','2026-05-27 22:34:50',1,NULL,NULL,NULL,NULL,'659a72a6-284a-4b1b-b460-018096237cb9'),('d27af7e8-7e9e-4275-a3ab-2bc4616796e3','154dba0d-46f1-4ba7-a1a6-6f5bc2ed051c','Present',NULL,'42a0da81-2aee-4977-8739-9db4c4f3fb98','{}','2026-05-27 22:34:50','2026-05-27 22:34:50',1,NULL,NULL,NULL,NULL,'659a72a6-284a-4b1b-b460-018096237cb9'),('1837a3f4-dbc5-421c-9ace-58f8a6fffee9','4a81aff3-2e60-460f-98e1-fd7afc013c21','Present',NULL,'42c4d1f5-b154-4715-9fe5-2079502bbca6','{}','2026-05-27 22:34:50','2026-05-27 22:34:50',1,NULL,NULL,NULL,NULL,'659a72a6-284a-4b1b-b460-018096237cb9'),('af900836-200c-41a1-9978-6ce34a26d603','8439d760-20b7-4d8f-a0c9-40e1b2dfba6a','Present',NULL,'4301f34f-2a6f-4f0f-8b3e-f4de6c6011cc','{}','2026-05-27 22:34:50','2026-05-27 22:34:50',1,NULL,NULL,NULL,NULL,'659a72a6-284a-4b1b-b460-018096237cb9'),('5abdc7af-b5ed-4187-a308-337d456e4348','6bc40a80-af77-4da5-b009-098e08d37281','Present',NULL,'43150173-e4ca-44fa-88df-62db89cf6302','{}','2026-05-27 22:34:50','2026-05-27 22:34:50',1,NULL,NULL,NULL,NULL,'659a72a6-284a-4b1b-b460-018096237cb9'),('dff06825-5384-44fb-999d-65e5597b3d38','718e064c-26d8-4d8e-8bbb-fcebd31f70b1','Present',NULL,'4375ea24-8b67-4ccc-99ad-4757d7cc271d','{}','2026-05-27 22:34:50','2026-05-27 22:34:50',1,NULL,NULL,NULL,NULL,'659a72a6-284a-4b1b-b460-018096237cb9'),('4d4c8e1d-4217-4284-bc39-38407abba02a','dac10e09-9beb-4354-afaf-4f4bd6dc23a6','Present',NULL,'43f21cd1-c677-4e5e-a515-aa75ae091edb','{}','2026-05-27 22:34:50','2026-05-27 22:34:50',1,NULL,NULL,NULL,NULL,'659a72a6-284a-4b1b-b460-018096237cb9'),('3b0f36ec-65ed-4a07-8cdb-cdf662608cae','4297c48a-a425-4828-961d-1e09369bda04','Present',NULL,'444b0272-cade-4c36-b104-4093cdf6ef09','{}','2026-05-27 22:34:50','2026-05-27 22:34:50',1,NULL,NULL,NULL,NULL,'659a72a6-284a-4b1b-b460-018096237cb9'),('90487e89-debb-4ede-844d-5bd2eecbb4af','a0a7ebf8-7824-4bf1-a8b3-401b0fcf1801','Present',NULL,'4647e7b0-b7dc-47c2-a357-c82895fd16ff','{}','2026-05-27 22:34:50','2026-05-27 22:34:50',1,NULL,NULL,NULL,NULL,'659a72a6-284a-4b1b-b460-018096237cb9'),('8a7ef304-cb51-4c0a-82e5-3f3660fc8736','e32641ce-926f-4338-ac29-3f2a89e94524','Present',NULL,'46bbc844-2ed2-4b1d-9d95-756f32740657','{}','2026-05-27 22:34:50','2026-05-27 22:34:50',1,NULL,NULL,NULL,NULL,'659a72a6-284a-4b1b-b460-018096237cb9'),('621529b4-0bfe-4116-8f37-523b36025ae0','1db8fd34-b725-4da4-8665-a5534238f137','Present',NULL,'47dcb3d7-1e4c-463a-8be1-34d4c3d93613','{}','2026-05-27 22:34:50','2026-05-27 22:34:50',1,NULL,NULL,NULL,NULL,'659a72a6-284a-4b1b-b460-018096237cb9'),('41a8a99b-15dc-4fd1-b9ee-1d2ca278a42f','a8cc521b-8de9-42c5-8500-6c7c0638d050','Present',NULL,'4928937b-468d-4757-8716-df2c8394e041','{}','2026-05-27 22:34:50','2026-05-27 22:34:50',1,NULL,NULL,NULL,NULL,'659a72a6-284a-4b1b-b460-018096237cb9'),('dff06825-5384-44fb-999d-65e5597b3d38','42e817b5-8abc-43aa-8a80-3e98221c4ab6','Present',NULL,'499e4a5f-fad2-47f3-963d-b0c19d591450','{}','2026-05-27 22:34:50','2026-05-27 22:34:50',1,NULL,NULL,NULL,NULL,'659a72a6-284a-4b1b-b460-018096237cb9'),('530c782c-b694-4522-83ea-2814c458864b','a8cc521b-8de9-42c5-8500-6c7c0638d050','Present',NULL,'49f21e63-8c2c-40cb-9461-f962e382d2c8','{}','2026-05-27 22:34:50','2026-05-27 22:34:50',1,NULL,NULL,NULL,NULL,'659a72a6-284a-4b1b-b460-018096237cb9'),('6ad83e08-cd39-4981-97ba-c8666687c54a','ac753b58-b0cf-49a4-bb08-399faee3076d','Present',NULL,'4a224f68-8145-46b3-9325-a2cf586bd8ad','{}','2026-05-27 22:34:50','2026-05-27 22:34:50',1,NULL,NULL,NULL,NULL,'659a72a6-284a-4b1b-b460-018096237cb9'),('d2f092ea-daaa-416f-9ed9-2e052cbe6e8c','9398407c-f2ab-4629-b6a0-9b843f8761fb','Present',NULL,'4b059d75-2fd8-44f2-872b-e2cdf9783310','{}','2026-05-27 22:34:50','2026-05-27 22:34:50',1,NULL,NULL,NULL,NULL,'659a72a6-284a-4b1b-b460-018096237cb9'),('8a9aaf32-b754-40d3-96b8-5826afecd008','dcd9ac28-b22f-41ce-90e8-46b4dfae4799','Present',NULL,'4bba4a7d-33eb-4351-826f-9958df032a4b','{}','2026-05-27 22:34:50','2026-05-27 22:34:50',1,NULL,NULL,NULL,NULL,'659a72a6-284a-4b1b-b460-018096237cb9'),('d9d5f52d-f132-4a27-bae3-d2339cd48b04','ac753b58-b0cf-49a4-bb08-399faee3076d','Present',NULL,'4bbf48e3-867a-4ab8-99a0-32831aeb6cd3','{}','2026-05-27 22:34:50','2026-05-27 22:34:50',1,NULL,NULL,NULL,NULL,'659a72a6-284a-4b1b-b460-018096237cb9'),('621529b4-0bfe-4116-8f37-523b36025ae0','0e9e1858-b649-4961-8e79-561f6e058836','Present',NULL,'4c00bef3-0191-461c-ac01-a36856838401','{}','2026-05-27 22:34:50','2026-05-27 22:34:50',1,NULL,NULL,NULL,NULL,'659a72a6-284a-4b1b-b460-018096237cb9'),('b3b54a97-b0d3-4223-acf7-434d0949f64e','a81dcd18-15ed-467b-8583-60cbf3665752','Present',NULL,'4c627c44-d64c-4355-87aa-881ce1ec22da','{}','2026-05-27 22:34:50','2026-05-27 22:34:50',1,NULL,NULL,NULL,NULL,'659a72a6-284a-4b1b-b460-018096237cb9'),('b3b54a97-b0d3-4223-acf7-434d0949f64e','4297c48a-a425-4828-961d-1e09369bda04','Absent',NULL,'4cb9df70-3039-4d23-ac95-7e5c8d9d2ddf','{}','2026-05-27 22:34:50','2026-05-27 22:34:50',1,NULL,NULL,NULL,NULL,'659a72a6-284a-4b1b-b460-018096237cb9'),('51ee81c1-5f8b-4163-8963-cf0ab8d161b0','a81dcd18-15ed-467b-8583-60cbf3665752','Present',NULL,'4cbedc6f-3838-4006-910f-9fc31a0ad128','{}','2026-05-27 22:34:50','2026-05-27 22:34:50',1,NULL,NULL,NULL,NULL,'659a72a6-284a-4b1b-b460-018096237cb9'),('b1350074-5951-4ea7-a248-6e68eafaebdb','21a9a63c-efc4-4459-b072-61b898412a5a','Present',NULL,'4cc818d1-4169-4fc6-95aa-f8542daabffb','{}','2026-05-27 22:34:50','2026-05-27 22:34:50',1,NULL,NULL,NULL,NULL,'659a72a6-284a-4b1b-b460-018096237cb9'),('48058cf1-a88c-4785-927d-52c8dae943e7','e81f6d5a-d28d-4aea-9771-ca26ef984530','Present',NULL,'4cf43665-a19a-48a7-ab7c-a90926917170','{}','2026-05-27 22:34:50','2026-05-27 22:34:50',1,NULL,NULL,NULL,NULL,'659a72a6-284a-4b1b-b460-018096237cb9'),('295a8b4e-2db4-4481-9357-068abf641ce4','21a9a63c-efc4-4459-b072-61b898412a5a','Present',NULL,'4e81c943-ba22-4e25-bfe8-818a161de820','{}','2026-05-27 22:34:50','2026-05-27 22:34:50',1,NULL,NULL,NULL,NULL,'659a72a6-284a-4b1b-b460-018096237cb9'),('4d4c8e1d-4217-4284-bc39-38407abba02a','ff8d12ed-6489-43dd-b2b1-88c02d42f826','Present',NULL,'4e8af7f9-1633-4e7d-9284-54dff5cda906','{}','2026-05-27 22:34:50','2026-05-27 22:34:50',1,NULL,NULL,NULL,NULL,'659a72a6-284a-4b1b-b460-018096237cb9'),('edf0c198-4034-4c13-b203-42b7c009d2b5','e77aeb23-e06c-4060-940b-e98c6076ae15','Present',NULL,'4e972a3d-d0ad-4024-81b9-101b2717fade','{}','2026-05-27 22:34:50','2026-05-27 22:34:50',1,NULL,NULL,NULL,NULL,'659a72a6-284a-4b1b-b460-018096237cb9'),('34688610-371e-4392-a2c9-b4ba7dc21380','467b52aa-b799-43d5-b6cc-ca9f96b7a907','Present',NULL,'4ea58754-bb15-4b69-8f30-24bcb8f90ba3','{}','2026-05-27 22:34:50','2026-05-27 22:34:50',1,NULL,NULL,NULL,NULL,'659a72a6-284a-4b1b-b460-018096237cb9'),('8b970940-5480-4d5a-8dce-3135149be747','a81dcd18-15ed-467b-8583-60cbf3665752','Present',NULL,'4eea1725-7031-48e7-b00f-a8e43a982a45','{}','2026-05-27 22:34:50','2026-05-27 22:34:50',1,NULL,NULL,NULL,NULL,'659a72a6-284a-4b1b-b460-018096237cb9'),('6e3a3ca7-5bed-4e0c-a543-24d6afd592ed','a0a7ebf8-7824-4bf1-a8b3-401b0fcf1801','Present',NULL,'4ef31dc1-2226-40e4-a0e2-9ea4fe10c564','{}','2026-05-27 22:34:50','2026-05-27 22:34:50',1,NULL,NULL,NULL,NULL,'659a72a6-284a-4b1b-b460-018096237cb9'),('a6a39092-4cf7-4ebd-83f1-c67c89516b4d','a81dcd18-15ed-467b-8583-60cbf3665752','Absent',NULL,'4fe5cccd-4bd2-4c44-8d80-7b2507d063ed','{}','2026-05-27 22:34:50','2026-05-27 22:34:50',1,NULL,NULL,NULL,NULL,'659a72a6-284a-4b1b-b460-018096237cb9'),('71711433-2f69-48e3-8979-d0ac34d70935','a81dcd18-15ed-467b-8583-60cbf3665752','Present',NULL,'50474f4b-a96c-4ba2-8195-85d484c45851','{}','2026-05-27 22:34:50','2026-05-27 22:34:50',1,NULL,NULL,NULL,NULL,'659a72a6-284a-4b1b-b460-018096237cb9'),('edf0c198-4034-4c13-b203-42b7c009d2b5','dcd9ac28-b22f-41ce-90e8-46b4dfae4799','Present',NULL,'505683c5-cc6b-4f0b-a824-8edc88fc860d','{}','2026-05-27 22:34:50','2026-05-27 22:34:50',1,NULL,NULL,NULL,NULL,'659a72a6-284a-4b1b-b460-018096237cb9'),('f642d557-0ac7-4271-b393-aaead8e34c5d','154dba0d-46f1-4ba7-a1a6-6f5bc2ed051c','Present',NULL,'50604fb0-9c3b-48e6-b754-cff213a99f75','{}','2026-05-27 22:34:50','2026-05-27 22:34:50',1,NULL,NULL,NULL,NULL,'659a72a6-284a-4b1b-b460-018096237cb9'),('af900836-200c-41a1-9978-6ce34a26d603','0a3f6d58-7348-4c37-ab09-ebe0238a3b1f','Present',NULL,'5063c488-63bb-47ad-be13-3b1c69342532','{}','2026-05-27 22:34:50','2026-05-27 22:34:50',1,NULL,NULL,NULL,NULL,'659a72a6-284a-4b1b-b460-018096237cb9'),('6af7e2cc-6dec-486f-901a-6904dc262e58','dac10e09-9beb-4354-afaf-4f4bd6dc23a6','Present',NULL,'518f8ebe-1ef2-4abd-a0fe-673cd9352a29','{}','2026-05-27 22:34:50','2026-05-27 22:34:50',1,NULL,NULL,NULL,NULL,'659a72a6-284a-4b1b-b460-018096237cb9'),('9c814653-b80a-4d21-875f-c9cd2bb32768','e81f6d5a-d28d-4aea-9771-ca26ef984530','Present',NULL,'519f296c-4820-40af-831e-ceb1b7d9c13e','{}','2026-05-27 22:34:50','2026-05-27 22:34:50',1,NULL,NULL,NULL,NULL,'659a72a6-284a-4b1b-b460-018096237cb9'),('8a7ef304-cb51-4c0a-82e5-3f3660fc8736','dac10e09-9beb-4354-afaf-4f4bd6dc23a6','Absent',NULL,'51dad71c-62ea-4319-96d7-2b5aaa22a0ed','{}','2026-05-27 22:34:50','2026-05-27 22:34:50',1,NULL,NULL,NULL,NULL,'659a72a6-284a-4b1b-b460-018096237cb9'),('1837a3f4-dbc5-421c-9ace-58f8a6fffee9','e77aeb23-e06c-4060-940b-e98c6076ae15','Present',NULL,'51dea2a3-4a72-4814-b92c-866e8bc61f73','{}','2026-05-27 22:34:50','2026-05-27 22:34:50',1,NULL,NULL,NULL,NULL,'659a72a6-284a-4b1b-b460-018096237cb9'),('e1b06ea1-f676-49ae-a495-12f0436f4452','980a5137-5d5f-48de-927d-f2d2db672c2f','Present',NULL,'53d4874c-7f51-4b4e-8630-4ff423372e7c','{}','2026-05-27 22:34:50','2026-05-27 22:34:50',1,NULL,NULL,NULL,NULL,'659a72a6-284a-4b1b-b460-018096237cb9'),('e645fec6-5af5-4ffc-b417-25956ba230b4','154dba0d-46f1-4ba7-a1a6-6f5bc2ed051c','Present',NULL,'5428dbdf-3b74-4dd5-85d9-52c3ea637032','{}','2026-05-27 22:34:50','2026-05-27 22:34:50',1,NULL,NULL,NULL,NULL,'659a72a6-284a-4b1b-b460-018096237cb9'),('41a5c8f9-8c8c-4c61-aff8-71c4e74f0be1','e81f6d5a-d28d-4aea-9771-ca26ef984530','Present',NULL,'542e9c4e-0f4c-4fa7-a286-3b9bfe5f495b','{}','2026-05-27 22:34:50','2026-05-27 22:34:50',1,NULL,NULL,NULL,NULL,'659a72a6-284a-4b1b-b460-018096237cb9'),('a6a39092-4cf7-4ebd-83f1-c67c89516b4d','dcd9ac28-b22f-41ce-90e8-46b4dfae4799','Present',NULL,'544b9183-e9cb-417b-b943-aa6985b06e1f','{}','2026-05-27 22:34:50','2026-05-27 22:34:50',1,NULL,NULL,NULL,NULL,'659a72a6-284a-4b1b-b460-018096237cb9'),('1b9fe487-79ef-4012-8ec5-464c62c6660d','0a3f6d58-7348-4c37-ab09-ebe0238a3b1f','Present',NULL,'553115eb-cfd5-4c05-a832-f60b0f42f58a','{}','2026-05-27 22:34:50','2026-05-27 22:34:50',1,NULL,NULL,NULL,NULL,'659a72a6-284a-4b1b-b460-018096237cb9'),('d2f092ea-daaa-416f-9ed9-2e052cbe6e8c','980a5137-5d5f-48de-927d-f2d2db672c2f','Present',NULL,'55baf0f2-2827-4374-bb92-4335d1595fc4','{}','2026-05-27 22:34:50','2026-05-27 22:34:50',1,NULL,NULL,NULL,NULL,'659a72a6-284a-4b1b-b460-018096237cb9'),('9c814653-b80a-4d21-875f-c9cd2bb32768','718e064c-26d8-4d8e-8bbb-fcebd31f70b1','Present',NULL,'55dd441a-13df-4821-b72f-b0050cba315e','{}','2026-05-27 22:34:50','2026-05-27 22:34:50',1,NULL,NULL,NULL,NULL,'659a72a6-284a-4b1b-b460-018096237cb9'),('48058cf1-a88c-4785-927d-52c8dae943e7','a81dcd18-15ed-467b-8583-60cbf3665752','Absent',NULL,'55e2656b-69eb-4220-8ef4-1a92b304f49a','{}','2026-05-27 22:34:50','2026-05-27 22:34:50',1,NULL,NULL,NULL,NULL,'659a72a6-284a-4b1b-b460-018096237cb9'),('80e76bd8-aa84-4a8f-ba69-e77807d507e9','980a5137-5d5f-48de-927d-f2d2db672c2f','Present',NULL,'56195945-c42b-420e-ad73-c79020eb8ad0','{}','2026-05-27 22:34:50','2026-05-27 22:34:50',1,NULL,NULL,NULL,NULL,'659a72a6-284a-4b1b-b460-018096237cb9'),('6e3a3ca7-5bed-4e0c-a543-24d6afd592ed','1db8fd34-b725-4da4-8665-a5534238f137','Present',NULL,'591c8ad3-77f1-41c0-bf72-040644788a77','{}','2026-05-27 22:34:50','2026-05-27 22:34:50',1,NULL,NULL,NULL,NULL,'659a72a6-284a-4b1b-b460-018096237cb9'),('c686996a-6bdb-45a7-98ba-4019dbd86f12','fea91fe4-40b6-422d-b549-b4089cc7223d','Present',NULL,'59e2bfe3-e230-46e0-bf52-d1d98c501199','{}','2026-05-27 22:34:50','2026-05-27 22:34:50',1,NULL,NULL,NULL,NULL,'659a72a6-284a-4b1b-b460-018096237cb9'),('f6c02c42-b7ae-4ef0-9b41-11f6f53d4db4','e81f6d5a-d28d-4aea-9771-ca26ef984530','Present',NULL,'5a0f9da9-c0a5-435b-b166-d0c02a820a22','{}','2026-05-27 22:34:50','2026-05-27 22:34:50',1,NULL,NULL,NULL,NULL,'659a72a6-284a-4b1b-b460-018096237cb9'),('432f6dcf-49bc-44e4-849a-c9ba32e0e211','dac10e09-9beb-4354-afaf-4f4bd6dc23a6','Present',NULL,'5a1e5834-7e1c-4cfc-ad59-27dfa0c6acdb','{}','2026-05-27 22:34:50','2026-05-27 22:34:50',1,NULL,NULL,NULL,NULL,'659a72a6-284a-4b1b-b460-018096237cb9'),('f5846463-f4ac-4fcc-88a5-1175fe460bd3','20ae1e67-5fb3-48ac-89f7-f47dda7407c1','Present',NULL,'5a417a06-3458-46e7-94f5-9d18ad431606','{}','2026-05-27 22:34:50','2026-05-27 22:34:50',1,NULL,NULL,NULL,NULL,'659a72a6-284a-4b1b-b460-018096237cb9'),('ccb8d6ad-7610-4cf8-b651-d1208fb140cc','dac10e09-9beb-4354-afaf-4f4bd6dc23a6','Present',NULL,'5a8224a4-16c2-4b27-ad5a-6c1bb79d91d5','{}','2026-05-27 22:34:50','2026-05-27 22:34:50',1,NULL,NULL,NULL,NULL,'659a72a6-284a-4b1b-b460-018096237cb9'),('f5846463-f4ac-4fcc-88a5-1175fe460bd3','0a3f6d58-7348-4c37-ab09-ebe0238a3b1f','Present',NULL,'5b1e718b-fc17-4d81-ac1f-82d2d6ae8e7e','{}','2026-05-27 22:34:50','2026-05-27 22:34:50',1,NULL,NULL,NULL,NULL,'659a72a6-284a-4b1b-b460-018096237cb9'),('51ee81c1-5f8b-4163-8963-cf0ab8d161b0','4a81aff3-2e60-460f-98e1-fd7afc013c21','Present',NULL,'5bccde6e-939a-49b9-afb2-07650dcdae60','{}','2026-05-27 22:34:50','2026-05-27 22:34:50',1,NULL,NULL,NULL,NULL,'659a72a6-284a-4b1b-b460-018096237cb9'),('34ed69ef-2de6-4144-ab15-aa255b5b10c8','dcd9ac28-b22f-41ce-90e8-46b4dfae4799','Present',NULL,'5bcd75e3-903f-4128-9891-5cb5f9e48f07','{}','2026-05-27 22:34:50','2026-05-27 22:34:50',1,NULL,NULL,NULL,NULL,'659a72a6-284a-4b1b-b460-018096237cb9'),('ff779a98-16d7-4817-9055-34fafd02d3b0','154dba0d-46f1-4ba7-a1a6-6f5bc2ed051c','Absent',NULL,'5c79e2b4-83fa-44b7-aa81-ebe223bff1bc','{}','2026-05-27 22:34:50','2026-05-27 22:34:50',1,NULL,NULL,NULL,NULL,'659a72a6-284a-4b1b-b460-018096237cb9'),('f6c02c42-b7ae-4ef0-9b41-11f6f53d4db4','a81dcd18-15ed-467b-8583-60cbf3665752','Present',NULL,'5c851fde-6965-42b5-a89d-74983e2a8c77','{}','2026-05-27 22:34:50','2026-05-27 22:34:50',1,NULL,NULL,NULL,NULL,'659a72a6-284a-4b1b-b460-018096237cb9'),('8a9aaf32-b754-40d3-96b8-5826afecd008','4297c48a-a425-4828-961d-1e09369bda04','Present',NULL,'5c9729cb-62e5-4641-b2b7-c65aed369ed1','{}','2026-05-27 22:34:50','2026-05-27 22:34:50',1,NULL,NULL,NULL,NULL,'659a72a6-284a-4b1b-b460-018096237cb9'),('d7217aa2-38b5-4d78-8ac0-cda58c9b0e40','d1ca8baf-ef87-4b9a-84fc-694cde5ad95f','Absent',NULL,'5dd2e492-b25a-482b-a6d3-f0db80156951','{}','2026-05-27 22:34:50','2026-05-27 22:34:50',1,NULL,NULL,NULL,NULL,'659a72a6-284a-4b1b-b460-018096237cb9'),('e1b06ea1-f676-49ae-a495-12f0436f4452','9398407c-f2ab-4629-b6a0-9b843f8761fb','Present',NULL,'5dda207f-7128-4dca-af9d-e42904fd5592','{}','2026-05-27 22:34:50','2026-05-27 22:34:50',1,NULL,NULL,NULL,NULL,'659a72a6-284a-4b1b-b460-018096237cb9'),('90487e89-debb-4ede-844d-5bd2eecbb4af','0e9e1858-b649-4961-8e79-561f6e058836','Present',NULL,'5df0308a-b6db-4bb7-bed1-0c74b26f33ee','{}','2026-05-27 22:34:50','2026-05-27 22:34:50',1,NULL,NULL,NULL,NULL,'659a72a6-284a-4b1b-b460-018096237cb9'),('c48a9cf6-fcba-4595-aeb2-d4b9f64cf0d6','0a3f6d58-7348-4c37-ab09-ebe0238a3b1f','Present',NULL,'5e61ef41-d62b-49e8-bc71-b00159a55aa5','{}','2026-05-27 22:34:50','2026-05-27 22:34:50',1,NULL,NULL,NULL,NULL,'659a72a6-284a-4b1b-b460-018096237cb9'),('c48a9cf6-fcba-4595-aeb2-d4b9f64cf0d6','35fee766-a623-4c7f-acd1-aad490913162','Absent',NULL,'5f016107-6d4b-4002-95b1-9c24a982f62c','{}','2026-05-27 22:34:50','2026-05-27 22:34:50',1,NULL,NULL,NULL,NULL,'659a72a6-284a-4b1b-b460-018096237cb9'),('133c4980-58b7-4051-9b5f-6c968e7b1e1e','8439d760-20b7-4d8f-a0c9-40e1b2dfba6a','Present',NULL,'5f945483-11ad-4f35-84fb-fef779a392f8','{}','2026-05-27 22:34:50','2026-05-27 22:34:50',1,NULL,NULL,NULL,NULL,'659a72a6-284a-4b1b-b460-018096237cb9'),('8b970940-5480-4d5a-8dce-3135149be747','dcd9ac28-b22f-41ce-90e8-46b4dfae4799','Present',NULL,'5fc73559-3f09-4d85-bad4-69b6f1e12b5a','{}','2026-05-27 22:34:50','2026-05-27 22:34:50',1,NULL,NULL,NULL,NULL,'659a72a6-284a-4b1b-b460-018096237cb9'),('a6a39092-4cf7-4ebd-83f1-c67c89516b4d','e77aeb23-e06c-4060-940b-e98c6076ae15','Present',NULL,'5fec08e4-a1db-4d0c-8221-fc08ddbd3c31','{}','2026-05-27 22:34:50','2026-05-27 22:34:50',1,NULL,NULL,NULL,NULL,'659a72a6-284a-4b1b-b460-018096237cb9'),('50e27ed3-7404-48b8-9740-1ed70bc89cf5','35fee766-a623-4c7f-acd1-aad490913162','Absent',NULL,'601ee5f4-27eb-43e9-ae7d-db72424f01cd','{}','2026-05-27 22:34:50','2026-05-27 22:34:50',1,NULL,NULL,NULL,NULL,'659a72a6-284a-4b1b-b460-018096237cb9'),('4205f322-de91-425b-be4e-49e996d70e08','a0a7ebf8-7824-4bf1-a8b3-401b0fcf1801','Present',NULL,'603b4de6-dad9-4318-b3ef-15b9a63138eb','{}','2026-05-27 22:34:50','2026-05-27 22:34:50',1,NULL,NULL,NULL,NULL,'659a72a6-284a-4b1b-b460-018096237cb9'),('6bef5d95-0834-4c9b-9fd8-94ceac62b09f','e32641ce-926f-4338-ac29-3f2a89e94524','Absent',NULL,'605205b9-3ea7-42be-ae5b-a12ed8d3898d','{}','2026-05-27 22:34:50','2026-05-27 22:34:50',1,NULL,NULL,NULL,NULL,'659a72a6-284a-4b1b-b460-018096237cb9'),('dff06825-5384-44fb-999d-65e5597b3d38','a81dcd18-15ed-467b-8583-60cbf3665752','Present',NULL,'60840a61-a14a-4e6f-98a2-0e81d5f40b4b','{}','2026-05-27 22:34:50','2026-05-27 22:34:50',1,NULL,NULL,NULL,NULL,'659a72a6-284a-4b1b-b460-018096237cb9'),('34688610-371e-4392-a2c9-b4ba7dc21380','1db8fd34-b725-4da4-8665-a5534238f137','Present',NULL,'60c40166-c49d-4440-ac22-1ad9f24f17c0','{}','2026-05-27 22:34:50','2026-05-27 22:34:50',1,NULL,NULL,NULL,NULL,'659a72a6-284a-4b1b-b460-018096237cb9'),('f6c02c42-b7ae-4ef0-9b41-11f6f53d4db4','42e817b5-8abc-43aa-8a80-3e98221c4ab6','Absent',NULL,'62dfdb77-4e1e-4d56-8316-ec3e72097406','{}','2026-05-27 22:34:50','2026-05-27 22:34:50',1,NULL,NULL,NULL,NULL,'659a72a6-284a-4b1b-b460-018096237cb9'),('96e50448-fad2-4cbc-b326-2e5aafb34896','a8cc521b-8de9-42c5-8500-6c7c0638d050','Absent',NULL,'62ff5607-2c56-4dff-a6b2-9d76c65b5977','{}','2026-05-27 22:34:50','2026-05-27 22:34:50',1,NULL,NULL,NULL,NULL,'659a72a6-284a-4b1b-b460-018096237cb9'),('97c19c8c-475b-484e-8105-38f748b7e8eb','8439d760-20b7-4d8f-a0c9-40e1b2dfba6a','Present',NULL,'63127342-9b08-48b4-ba58-37b9be65ac44','{}','2026-05-27 22:34:50','2026-05-27 22:34:50',1,NULL,NULL,NULL,NULL,'659a72a6-284a-4b1b-b460-018096237cb9'),('30053e19-84f0-4620-aeb3-bcc3c9883859','35fee766-a623-4c7f-acd1-aad490913162','Absent',NULL,'63c712b7-c83d-45f8-ac6b-2e93808c488d','{}','2026-05-27 22:34:50','2026-05-27 22:34:50',1,NULL,NULL,NULL,NULL,'659a72a6-284a-4b1b-b460-018096237cb9'),('41a8a99b-15dc-4fd1-b9ee-1d2ca278a42f','467b52aa-b799-43d5-b6cc-ca9f96b7a907','Present',NULL,'65390aa5-1cd5-4698-a09b-5d66e89739c6','{}','2026-05-27 22:34:50','2026-05-27 22:34:50',1,NULL,NULL,NULL,NULL,'659a72a6-284a-4b1b-b460-018096237cb9'),('1b9fe487-79ef-4012-8ec5-464c62c6660d','e32641ce-926f-4338-ac29-3f2a89e94524','Present',NULL,'658b1ce9-b5fa-46a7-be9a-b3ca1411663b','{}','2026-05-27 22:34:50','2026-05-27 22:34:50',1,NULL,NULL,NULL,NULL,'659a72a6-284a-4b1b-b460-018096237cb9'),('5abdc7af-b5ed-4187-a308-337d456e4348','1db8fd34-b725-4da4-8665-a5534238f137','Present',NULL,'66027bf1-1854-40d0-8e99-8daab2cb48b9','{}','2026-05-27 22:34:50','2026-05-27 22:34:50',1,NULL,NULL,NULL,NULL,'659a72a6-284a-4b1b-b460-018096237cb9'),('b1350074-5951-4ea7-a248-6e68eafaebdb','b656d8da-0176-43e6-b53d-0cb4c7bab509','Present',NULL,'6698c396-5928-4a20-8855-6cfa41d0f80f','{}','2026-05-27 22:34:50','2026-05-27 22:34:50',1,NULL,NULL,NULL,NULL,'659a72a6-284a-4b1b-b460-018096237cb9'),('8a9aaf32-b754-40d3-96b8-5826afecd008','4a81aff3-2e60-460f-98e1-fd7afc013c21','Present',NULL,'66eb1498-b7da-4c30-b06e-64bdfb2442a7','{}','2026-05-27 22:34:50','2026-05-27 22:34:50',1,NULL,NULL,NULL,NULL,'659a72a6-284a-4b1b-b460-018096237cb9'),('432f6dcf-49bc-44e4-849a-c9ba32e0e211','0a3f6d58-7348-4c37-ab09-ebe0238a3b1f','Present',NULL,'675f7e95-bc18-4b76-9d53-4480a28d3477','{}','2026-05-27 22:34:50','2026-05-27 22:34:50',1,NULL,NULL,NULL,NULL,'659a72a6-284a-4b1b-b460-018096237cb9'),('b1350074-5951-4ea7-a248-6e68eafaebdb','fea91fe4-40b6-422d-b549-b4089cc7223d','Present',NULL,'682457aa-425a-4b62-94af-89dc04a14b96','{}','2026-05-27 22:34:50','2026-05-27 22:34:50',1,NULL,NULL,NULL,NULL,'659a72a6-284a-4b1b-b460-018096237cb9'),('a1f4ae84-4480-40e9-a366-7c966d0d53c5','154dba0d-46f1-4ba7-a1a6-6f5bc2ed051c','Absent',NULL,'6969eb3c-e6d4-4d61-a30b-9c0060be2f03','{}','2026-05-27 22:34:50','2026-05-27 22:34:50',1,NULL,NULL,NULL,NULL,'659a72a6-284a-4b1b-b460-018096237cb9'),('ccb8d6ad-7610-4cf8-b651-d1208fb140cc','8439d760-20b7-4d8f-a0c9-40e1b2dfba6a','Present',NULL,'6a216042-2ebd-4c4d-a4d1-53a8ac16976a','{}','2026-05-27 22:34:50','2026-05-27 22:34:50',1,NULL,NULL,NULL,NULL,'659a72a6-284a-4b1b-b460-018096237cb9'),('c686996a-6bdb-45a7-98ba-4019dbd86f12','9398407c-f2ab-4629-b6a0-9b843f8761fb','Present',NULL,'6ae76f9e-a609-4060-b9ec-675cfcdb1bc4','{}','2026-05-27 22:34:50','2026-05-27 22:34:50',1,NULL,NULL,NULL,NULL,'659a72a6-284a-4b1b-b460-018096237cb9'),('8a9aaf32-b754-40d3-96b8-5826afecd008','e77aeb23-e06c-4060-940b-e98c6076ae15','Present',NULL,'6c59b524-2700-4dae-bf46-38f0952585dd','{}','2026-05-27 22:34:50','2026-05-27 22:34:50',1,NULL,NULL,NULL,NULL,'659a72a6-284a-4b1b-b460-018096237cb9'),('71711433-2f69-48e3-8979-d0ac34d70935','dcd9ac28-b22f-41ce-90e8-46b4dfae4799','Present',NULL,'6ca55386-8b41-4fdb-91e4-da4fe57fd8fa','{}','2026-05-27 22:34:50','2026-05-27 22:34:50',1,NULL,NULL,NULL,NULL,'659a72a6-284a-4b1b-b460-018096237cb9'),('530c782c-b694-4522-83ea-2814c458864b','c590e7e3-c666-4da3-8a68-91f07dbbbadf','Present',NULL,'6e706d34-7f16-4807-8d38-000fb01dc3f0','{}','2026-05-27 22:34:50','2026-05-27 22:34:50',1,NULL,NULL,NULL,NULL,'659a72a6-284a-4b1b-b460-018096237cb9'),('48058cf1-a88c-4785-927d-52c8dae943e7','4297c48a-a425-4828-961d-1e09369bda04','Present',NULL,'6ee272e2-289e-4f7f-87fe-54efb716ec1a','{}','2026-05-27 22:34:50','2026-05-27 22:34:50',1,NULL,NULL,NULL,NULL,'659a72a6-284a-4b1b-b460-018096237cb9'),('976b573c-96a2-4c1f-b5c7-0e197cecfba9','4a81aff3-2e60-460f-98e1-fd7afc013c21','Present',NULL,'7085d441-12e1-43eb-9f57-f1d4fc1e9579','{}','2026-05-27 22:34:50','2026-05-27 22:34:50',1,NULL,NULL,NULL,NULL,'659a72a6-284a-4b1b-b460-018096237cb9'),('bd378643-e675-4525-8ab5-d6e82a30df4d','dac10e09-9beb-4354-afaf-4f4bd6dc23a6','Present',NULL,'70e76db9-501b-4426-9a5c-a3880a84f604','{}','2026-05-27 22:34:50','2026-05-27 22:34:50',1,NULL,NULL,NULL,NULL,'659a72a6-284a-4b1b-b460-018096237cb9'),('ff779a98-16d7-4817-9055-34fafd02d3b0','20ae1e67-5fb3-48ac-89f7-f47dda7407c1','Present',NULL,'70ea67bc-2dc9-4dbd-bfe8-b863d8b36164','{}','2026-05-27 22:34:50','2026-05-27 22:34:50',1,NULL,NULL,NULL,NULL,'659a72a6-284a-4b1b-b460-018096237cb9'),('d27af7e8-7e9e-4275-a3ab-2bc4616796e3','8439d760-20b7-4d8f-a0c9-40e1b2dfba6a','Present',NULL,'71262ba8-a1b4-4490-9405-466b303aaeb5','{}','2026-05-27 22:34:50','2026-05-27 22:34:50',1,NULL,NULL,NULL,NULL,'659a72a6-284a-4b1b-b460-018096237cb9'),('621529b4-0bfe-4116-8f37-523b36025ae0','6bc40a80-af77-4da5-b009-098e08d37281','Present',NULL,'712e6d62-80df-4846-a5ca-aa026bdac51e','{}','2026-05-27 22:34:50','2026-05-27 22:34:50',1,NULL,NULL,NULL,NULL,'659a72a6-284a-4b1b-b460-018096237cb9'),('295a8b4e-2db4-4481-9357-068abf641ce4','fea91fe4-40b6-422d-b549-b4089cc7223d','Present',NULL,'715068ad-449c-4f02-80c3-fe56a11b9377','{}','2026-05-27 22:34:50','2026-05-27 22:34:50',1,NULL,NULL,NULL,NULL,'659a72a6-284a-4b1b-b460-018096237cb9'),('f642d557-0ac7-4271-b393-aaead8e34c5d','dac10e09-9beb-4354-afaf-4f4bd6dc23a6','Present',NULL,'715ea34c-1840-4a06-b2e2-b0b6494935c7','{}','2026-05-27 22:34:50','2026-05-27 22:34:50',1,NULL,NULL,NULL,NULL,'659a72a6-284a-4b1b-b460-018096237cb9'),('30053e19-84f0-4620-aeb3-bcc3c9883859','e32641ce-926f-4338-ac29-3f2a89e94524','Present',NULL,'71dbb41f-c665-439c-8197-1be13e4c401b','{}','2026-05-27 22:34:50','2026-05-27 22:34:50',1,NULL,NULL,NULL,NULL,'659a72a6-284a-4b1b-b460-018096237cb9'),('6af7e2cc-6dec-486f-901a-6904dc262e58','0a3f6d58-7348-4c37-ab09-ebe0238a3b1f','Present',NULL,'71eb68fe-5c08-4f44-846d-0a50c4dc80ac','{}','2026-05-27 22:34:50','2026-05-27 22:34:50',1,NULL,NULL,NULL,NULL,'659a72a6-284a-4b1b-b460-018096237cb9'),('41a5c8f9-8c8c-4c61-aff8-71c4e74f0be1','4a81aff3-2e60-460f-98e1-fd7afc013c21','Present',NULL,'72114758-890f-4456-9921-34bfb83059b0','{}','2026-05-27 22:34:50','2026-05-27 22:34:50',1,NULL,NULL,NULL,NULL,'659a72a6-284a-4b1b-b460-018096237cb9'),('ff779a98-16d7-4817-9055-34fafd02d3b0','35fee766-a623-4c7f-acd1-aad490913162','Present',NULL,'72c2c76a-8479-4d17-bd09-67cfba0c1fe6','{}','2026-05-27 22:34:50','2026-05-27 22:34:50',1,NULL,NULL,NULL,NULL,'659a72a6-284a-4b1b-b460-018096237cb9'),('e645fec6-5af5-4ffc-b417-25956ba230b4','0a3f6d58-7348-4c37-ab09-ebe0238a3b1f','Present',NULL,'733cb63a-1a12-4416-bd1b-30830db53c48','{}','2026-05-27 22:34:50','2026-05-27 22:34:50',1,NULL,NULL,NULL,NULL,'659a72a6-284a-4b1b-b460-018096237cb9'),('d2f092ea-daaa-416f-9ed9-2e052cbe6e8c','ac753b58-b0cf-49a4-bb08-399faee3076d','Present',NULL,'73548d8f-56f1-443c-9011-3ab1264ef697','{}','2026-05-27 22:34:50','2026-05-27 22:34:50',1,NULL,NULL,NULL,NULL,'659a72a6-284a-4b1b-b460-018096237cb9'),('68282cc4-ab3a-49d1-855d-7a4ae61ab702','9398407c-f2ab-4629-b6a0-9b843f8761fb','Present',NULL,'73a0ba8a-0615-4b45-a47f-049ad27a5b14','{}','2026-05-27 22:34:50','2026-05-27 22:34:50',1,NULL,NULL,NULL,NULL,'659a72a6-284a-4b1b-b460-018096237cb9'),('a1f4ae84-4480-40e9-a366-7c966d0d53c5','ff8d12ed-6489-43dd-b2b1-88c02d42f826','Present',NULL,'73aa2b83-4d75-465d-941d-b1c99a72b80b','{}','2026-05-27 22:34:50','2026-05-27 22:34:50',1,NULL,NULL,NULL,NULL,'659a72a6-284a-4b1b-b460-018096237cb9'),('432f6dcf-49bc-44e4-849a-c9ba32e0e211','20ae1e67-5fb3-48ac-89f7-f47dda7407c1','Present',NULL,'74914e05-4679-4269-a44d-f5810b812beb','{}','2026-05-27 22:34:50','2026-05-27 22:34:50',1,NULL,NULL,NULL,NULL,'659a72a6-284a-4b1b-b460-018096237cb9'),('d9d5f52d-f132-4a27-bae3-d2339cd48b04','fea91fe4-40b6-422d-b549-b4089cc7223d','Present',NULL,'74b1c3a3-ff4c-4e5d-96dc-b34afb713aeb','{}','2026-05-27 22:34:50','2026-05-27 22:34:50',1,NULL,NULL,NULL,NULL,'659a72a6-284a-4b1b-b460-018096237cb9'),('d7217aa2-38b5-4d78-8ac0-cda58c9b0e40','ac753b58-b0cf-49a4-bb08-399faee3076d','Present',NULL,'74b91455-3561-4f68-afce-3c8dd32da8d7','{}','2026-05-27 22:34:50','2026-05-27 22:34:50',1,NULL,NULL,NULL,NULL,'659a72a6-284a-4b1b-b460-018096237cb9'),('6af7e2cc-6dec-486f-901a-6904dc262e58','154dba0d-46f1-4ba7-a1a6-6f5bc2ed051c','Present',NULL,'757b2e79-da26-44fa-aca8-a5dee2acd597','{}','2026-05-27 22:34:50','2026-05-27 22:34:50',1,NULL,NULL,NULL,NULL,'659a72a6-284a-4b1b-b460-018096237cb9'),('96e50448-fad2-4cbc-b326-2e5aafb34896','cff46e7b-0ff3-4ed5-84d8-f64ec9ce9811','Present',NULL,'75f201f6-7993-456a-bc3e-a3374eb836c4','{}','2026-05-27 22:34:50','2026-05-27 22:34:50',1,NULL,NULL,NULL,NULL,'659a72a6-284a-4b1b-b460-018096237cb9'),('34ed69ef-2de6-4144-ab15-aa255b5b10c8','4a81aff3-2e60-460f-98e1-fd7afc013c21','Present',NULL,'7671f949-5465-4739-9ad5-2ce51d39a0df','{}','2026-05-27 22:34:50','2026-05-27 22:34:50',1,NULL,NULL,NULL,NULL,'659a72a6-284a-4b1b-b460-018096237cb9'),('99da4c20-d042-4c93-9378-997540423871','a0a7ebf8-7824-4bf1-a8b3-401b0fcf1801','Present',NULL,'767734aa-ed15-4990-a1bd-a449b5ef4ab8','{}','2026-05-27 22:34:50','2026-05-27 22:34:50',1,NULL,NULL,NULL,NULL,'659a72a6-284a-4b1b-b460-018096237cb9'),('727a2a1e-4872-479d-a12d-1ac2586db27a','4297c48a-a425-4828-961d-1e09369bda04','Absent',NULL,'767e38f6-f919-479f-8ae8-598f8511228b','{}','2026-05-27 22:34:50','2026-05-27 22:34:50',1,NULL,NULL,NULL,NULL,'659a72a6-284a-4b1b-b460-018096237cb9'),('d22cc835-2f2b-40a9-a5d7-af6787944461','e77aeb23-e06c-4060-940b-e98c6076ae15','Present',NULL,'77b5c53f-8b01-4351-a73c-05149204e810','{}','2026-05-27 22:34:50','2026-05-27 22:34:50',1,NULL,NULL,NULL,NULL,'659a72a6-284a-4b1b-b460-018096237cb9'),('d7217aa2-38b5-4d78-8ac0-cda58c9b0e40','9398407c-f2ab-4629-b6a0-9b843f8761fb','Present',NULL,'787ed1f3-e6a3-4189-b3f9-13443e54a51f','{}','2026-05-27 22:34:50','2026-05-27 22:34:50',1,NULL,NULL,NULL,NULL,'659a72a6-284a-4b1b-b460-018096237cb9'),('432f6dcf-49bc-44e4-849a-c9ba32e0e211','35fee766-a623-4c7f-acd1-aad490913162','Present',NULL,'7a37c026-d1bd-4ff9-a98e-ddd43cb47e34','{}','2026-05-27 22:34:50','2026-05-27 22:34:50',1,NULL,NULL,NULL,NULL,'659a72a6-284a-4b1b-b460-018096237cb9'),('b18b714a-637e-4d0e-a7a0-c9d746f0903c','dac10e09-9beb-4354-afaf-4f4bd6dc23a6','Absent',NULL,'7ac1696c-75a6-4e01-8873-b3a9fca23c0b','{}','2026-05-27 22:34:50','2026-05-27 22:34:50',1,NULL,NULL,NULL,NULL,'659a72a6-284a-4b1b-b460-018096237cb9'),('97c19c8c-475b-484e-8105-38f748b7e8eb','35fee766-a623-4c7f-acd1-aad490913162','Present',NULL,'7bd65afa-2e78-46a5-921f-19c13a74b968','{}','2026-05-27 22:34:50','2026-05-27 22:34:50',1,NULL,NULL,NULL,NULL,'659a72a6-284a-4b1b-b460-018096237cb9'),('d27af7e8-7e9e-4275-a3ab-2bc4616796e3','dac10e09-9beb-4354-afaf-4f4bd6dc23a6','Present',NULL,'7bee44e1-c60c-4f41-96ce-3f610b87de1f','{}','2026-05-27 22:34:50','2026-05-27 22:34:50',1,NULL,NULL,NULL,NULL,'659a72a6-284a-4b1b-b460-018096237cb9'),('9c814653-b80a-4d21-875f-c9cd2bb32768','42e817b5-8abc-43aa-8a80-3e98221c4ab6','Present',NULL,'7bfba8c1-af38-4418-8617-5736dd09ac5d','{}','2026-05-27 22:34:50','2026-05-27 22:34:50',1,NULL,NULL,NULL,NULL,'659a72a6-284a-4b1b-b460-018096237cb9'),('edf0c198-4034-4c13-b203-42b7c009d2b5','718e064c-26d8-4d8e-8bbb-fcebd31f70b1','Present',NULL,'7c66fbfc-604c-4997-b3c1-6a0c2aece2da','{}','2026-05-27 22:34:50','2026-05-27 22:34:50',1,NULL,NULL,NULL,NULL,'659a72a6-284a-4b1b-b460-018096237cb9'),('b18b714a-637e-4d0e-a7a0-c9d746f0903c','8439d760-20b7-4d8f-a0c9-40e1b2dfba6a','Present',NULL,'7c844ba8-7a41-405a-b853-897df82d1f5d','{}','2026-05-27 22:34:50','2026-05-27 22:34:50',1,NULL,NULL,NULL,NULL,'659a72a6-284a-4b1b-b460-018096237cb9'),('5f3c2f8c-bb69-48a9-85e8-77147fc1d7e3','20ae1e67-5fb3-48ac-89f7-f47dda7407c1','Present',NULL,'7d02e2b7-22f1-4e29-950e-7a722aa47736','{}','2026-05-27 22:34:50','2026-05-27 22:34:50',1,NULL,NULL,NULL,NULL,'659a72a6-284a-4b1b-b460-018096237cb9'),('68c047f0-dce2-4950-be90-1fa282873c54','e77aeb23-e06c-4060-940b-e98c6076ae15','Present',NULL,'7d2572b2-a33a-450f-8693-96b8acf9ef7d','{}','2026-05-27 22:34:50','2026-05-27 22:34:50',1,NULL,NULL,NULL,NULL,'659a72a6-284a-4b1b-b460-018096237cb9'),('432f6dcf-49bc-44e4-849a-c9ba32e0e211','154dba0d-46f1-4ba7-a1a6-6f5bc2ed051c','Present',NULL,'7d535a4a-98b1-444a-846c-d19065ff9eaf','{}','2026-05-27 22:34:50','2026-05-27 22:34:50',1,NULL,NULL,NULL,NULL,'659a72a6-284a-4b1b-b460-018096237cb9'),('8b970940-5480-4d5a-8dce-3135149be747','4297c48a-a425-4828-961d-1e09369bda04','Present',NULL,'7d6f2061-39e8-4cfb-8f42-e6dd1c763ec0','{}','2026-05-27 22:34:50','2026-05-27 22:34:50',1,NULL,NULL,NULL,NULL,'659a72a6-284a-4b1b-b460-018096237cb9'),('976b573c-96a2-4c1f-b5c7-0e197cecfba9','4297c48a-a425-4828-961d-1e09369bda04','Absent',NULL,'7ddd48f5-29be-43fc-9cb2-641173317bf8','{}','2026-05-27 22:34:50','2026-05-27 22:34:50',1,NULL,NULL,NULL,NULL,'659a72a6-284a-4b1b-b460-018096237cb9'),('68282cc4-ab3a-49d1-855d-7a4ae61ab702','d1ca8baf-ef87-4b9a-84fc-694cde5ad95f','Present',NULL,'808e1c5e-9fd7-47ed-a0e7-4e2da74c1c3f','{}','2026-05-27 22:34:50','2026-05-27 22:34:50',1,NULL,NULL,NULL,NULL,'659a72a6-284a-4b1b-b460-018096237cb9'),('530c782c-b694-4522-83ea-2814c458864b','467b52aa-b799-43d5-b6cc-ca9f96b7a907','Present',NULL,'82558fc5-beca-4721-9f74-c9121584ef01','{}','2026-05-27 22:34:50','2026-05-27 22:34:50',1,NULL,NULL,NULL,NULL,'659a72a6-284a-4b1b-b460-018096237cb9'),('bed71593-5a68-4c0a-9f10-ae21bcf3a392','21a9a63c-efc4-4459-b072-61b898412a5a','Present',NULL,'82a705ae-9c37-4c9d-9114-12bbb805dff6','{}','2026-05-27 22:34:50','2026-05-27 22:34:50',1,NULL,NULL,NULL,NULL,'659a72a6-284a-4b1b-b460-018096237cb9'),('530c782c-b694-4522-83ea-2814c458864b','0e9e1858-b649-4961-8e79-561f6e058836','Present',NULL,'82d8ebe3-5d87-4d49-aefc-0a4733fe4954','{}','2026-05-27 22:34:50','2026-05-27 22:34:50',1,NULL,NULL,NULL,NULL,'659a72a6-284a-4b1b-b460-018096237cb9'),('ff779a98-16d7-4817-9055-34fafd02d3b0','e32641ce-926f-4338-ac29-3f2a89e94524','Present',NULL,'83d962de-ece3-4f84-800a-423b403eaa2d','{}','2026-05-27 22:34:50','2026-05-27 22:34:50',1,NULL,NULL,NULL,NULL,'659a72a6-284a-4b1b-b460-018096237cb9'),('b9d18ccf-43e5-4c51-ad7c-027246e66d55','4a81aff3-2e60-460f-98e1-fd7afc013c21','Present',NULL,'84019f72-a19c-4980-b81d-9001b0c6533e','{}','2026-05-27 22:34:50','2026-05-27 22:34:50',1,NULL,NULL,NULL,NULL,'659a72a6-284a-4b1b-b460-018096237cb9'),('1ce3b51f-12e4-4a2f-9c2a-98407e506163','fea91fe4-40b6-422d-b549-b4089cc7223d','Present',NULL,'8418d3ff-49ef-4a28-bacb-d7cc8a3c81d2','{}','2026-05-27 22:34:50','2026-05-27 22:34:50',1,NULL,NULL,NULL,NULL,'659a72a6-284a-4b1b-b460-018096237cb9'),('ff779a98-16d7-4817-9055-34fafd02d3b0','ff8d12ed-6489-43dd-b2b1-88c02d42f826','Present',NULL,'8455c5ee-c175-40bc-a267-0f331d51dbb3','{}','2026-05-27 22:34:50','2026-05-27 22:34:50',1,NULL,NULL,NULL,NULL,'659a72a6-284a-4b1b-b460-018096237cb9'),('f642d557-0ac7-4271-b393-aaead8e34c5d','0a3f6d58-7348-4c37-ab09-ebe0238a3b1f','Present',NULL,'84bd0515-304b-4643-ab75-fb6a2c926165','{}','2026-05-27 22:34:50','2026-05-27 22:34:50',1,NULL,NULL,NULL,NULL,'659a72a6-284a-4b1b-b460-018096237cb9'),('b9d18ccf-43e5-4c51-ad7c-027246e66d55','4297c48a-a425-4828-961d-1e09369bda04','Present',NULL,'8525243c-75f3-4053-9126-e16b07a152f6','{}','2026-05-27 22:34:50','2026-05-27 22:34:50',1,NULL,NULL,NULL,NULL,'659a72a6-284a-4b1b-b460-018096237cb9'),('96e50448-fad2-4cbc-b326-2e5aafb34896','a0a7ebf8-7824-4bf1-a8b3-401b0fcf1801','Present',NULL,'85fb3275-4efc-4bd4-a59e-e4e824e67854','{}','2026-05-27 22:34:50','2026-05-27 22:34:50',1,NULL,NULL,NULL,NULL,'659a72a6-284a-4b1b-b460-018096237cb9'),('6e3a3ca7-5bed-4e0c-a543-24d6afd592ed','cff46e7b-0ff3-4ed5-84d8-f64ec9ce9811','Present',NULL,'864a8acd-31f6-4efd-9db4-31b44acacceb','{}','2026-05-27 22:34:50','2026-05-27 22:34:50',1,NULL,NULL,NULL,NULL,'659a72a6-284a-4b1b-b460-018096237cb9'),('50e27ed3-7404-48b8-9740-1ed70bc89cf5','0a3f6d58-7348-4c37-ab09-ebe0238a3b1f','Present',NULL,'864adcfa-96cf-4685-9736-a7e02aa55c9a','{}','2026-05-27 22:34:50','2026-05-27 22:34:50',1,NULL,NULL,NULL,NULL,'659a72a6-284a-4b1b-b460-018096237cb9'),('34688610-371e-4392-a2c9-b4ba7dc21380','0e9e1858-b649-4961-8e79-561f6e058836','Absent',NULL,'87c2254c-fbf3-41fe-980d-4ff23479d660','{}','2026-05-27 22:34:50','2026-05-27 22:34:50',1,NULL,NULL,NULL,NULL,'659a72a6-284a-4b1b-b460-018096237cb9'),('a1f4ae84-4480-40e9-a366-7c966d0d53c5','dac10e09-9beb-4354-afaf-4f4bd6dc23a6','Present',NULL,'88486e86-42ec-4678-8534-3df38888bf08','{}','2026-05-27 22:34:50','2026-05-27 22:34:50',1,NULL,NULL,NULL,NULL,'659a72a6-284a-4b1b-b460-018096237cb9'),('92bcd926-714f-432d-be3f-86c1ff75cbfb','d1ca8baf-ef87-4b9a-84fc-694cde5ad95f','Absent',NULL,'88942581-6cff-4be5-8c91-b440a45b3a34','{}','2026-05-27 22:34:50','2026-05-27 22:34:50',1,NULL,NULL,NULL,NULL,'659a72a6-284a-4b1b-b460-018096237cb9'),('8a7ef304-cb51-4c0a-82e5-3f3660fc8736','35fee766-a623-4c7f-acd1-aad490913162','Present',NULL,'8983c548-756a-4d47-b923-b9368cdae375','{}','2026-05-27 22:34:50','2026-05-27 22:34:50',1,NULL,NULL,NULL,NULL,'659a72a6-284a-4b1b-b460-018096237cb9'),('4d4c8e1d-4217-4284-bc39-38407abba02a','20ae1e67-5fb3-48ac-89f7-f47dda7407c1','Absent',NULL,'89bfa221-0bbe-488f-950e-61fb0b1546d3','{}','2026-05-27 22:34:50','2026-05-27 22:34:50',1,NULL,NULL,NULL,NULL,'659a72a6-284a-4b1b-b460-018096237cb9'),('3cd161ab-2720-45fa-9131-8195e90f5de4','96cc2aff-1541-447c-8d31-35c2f80d4428','Present',NULL,'8a3318e8-108f-474a-b16f-e15fe706eb7a','{}','2026-05-27 22:34:50','2026-05-27 22:34:50',1,NULL,NULL,NULL,NULL,'659a72a6-284a-4b1b-b460-018096237cb9'),('e645fec6-5af5-4ffc-b417-25956ba230b4','20ae1e67-5fb3-48ac-89f7-f47dda7407c1','Present',NULL,'8c0d364c-af67-4e44-b94b-a6fdf424ddf7','{}','2026-05-27 22:34:50','2026-05-27 22:34:50',1,NULL,NULL,NULL,NULL,'659a72a6-284a-4b1b-b460-018096237cb9'),('5abdc7af-b5ed-4187-a308-337d456e4348','c590e7e3-c666-4da3-8a68-91f07dbbbadf','Present',NULL,'8c28716e-c17a-42f7-acf4-8e80681a9cd2','{}','2026-05-27 22:34:50','2026-05-27 22:34:50',1,NULL,NULL,NULL,NULL,'659a72a6-284a-4b1b-b460-018096237cb9'),('1b9fe487-79ef-4012-8ec5-464c62c6660d','8439d760-20b7-4d8f-a0c9-40e1b2dfba6a','Present',NULL,'8c47e8ec-3470-4236-b21a-d52df7dd1dc5','{}','2026-05-27 22:34:50','2026-05-27 22:34:50',1,NULL,NULL,NULL,NULL,'659a72a6-284a-4b1b-b460-018096237cb9'),('6ad83e08-cd39-4981-97ba-c8666687c54a','980a5137-5d5f-48de-927d-f2d2db672c2f','Present',NULL,'8dc821d4-3774-4c20-b61b-330ab22ae265','{}','2026-05-27 22:34:50','2026-05-27 22:34:50',1,NULL,NULL,NULL,NULL,'659a72a6-284a-4b1b-b460-018096237cb9'),('5f3c2f8c-bb69-48a9-85e8-77147fc1d7e3','ff8d12ed-6489-43dd-b2b1-88c02d42f826','Present',NULL,'8f2e4570-f61b-4fe7-a6ae-5559370ab911','{}','2026-05-27 22:34:50','2026-05-27 22:34:50',1,NULL,NULL,NULL,NULL,'659a72a6-284a-4b1b-b460-018096237cb9'),('976b573c-96a2-4c1f-b5c7-0e197cecfba9','42e817b5-8abc-43aa-8a80-3e98221c4ab6','Present',NULL,'8f93cf4b-e843-493f-986c-19ea442956b1','{}','2026-05-27 22:34:50','2026-05-27 22:34:50',1,NULL,NULL,NULL,NULL,'659a72a6-284a-4b1b-b460-018096237cb9'),('50e27ed3-7404-48b8-9740-1ed70bc89cf5','dac10e09-9beb-4354-afaf-4f4bd6dc23a6','Present',NULL,'8fcbc8e8-a61a-4fac-91ed-1ffa398b2164','{}','2026-05-27 22:34:50','2026-05-27 22:34:50',1,NULL,NULL,NULL,NULL,'659a72a6-284a-4b1b-b460-018096237cb9'),('3cd161ab-2720-45fa-9131-8195e90f5de4','980a5137-5d5f-48de-927d-f2d2db672c2f','Present',NULL,'90bc991d-b145-434e-b180-1f73617e4332','{}','2026-05-27 22:34:50','2026-05-27 22:34:50',1,NULL,NULL,NULL,NULL,'659a72a6-284a-4b1b-b460-018096237cb9'),('d9d5f52d-f132-4a27-bae3-d2339cd48b04','980a5137-5d5f-48de-927d-f2d2db672c2f','Present',NULL,'90c3014a-fde9-44e4-91d7-a376bb6432da','{}','2026-05-27 22:34:50','2026-05-27 22:34:50',1,NULL,NULL,NULL,NULL,'659a72a6-284a-4b1b-b460-018096237cb9'),('d2f092ea-daaa-416f-9ed9-2e052cbe6e8c','96cc2aff-1541-447c-8d31-35c2f80d4428','Present',NULL,'90d7f27f-8c3d-4552-bd7e-f102a4029205','{}','2026-05-27 22:34:50','2026-05-27 22:34:50',1,NULL,NULL,NULL,NULL,'659a72a6-284a-4b1b-b460-018096237cb9'),('30053e19-84f0-4620-aeb3-bcc3c9883859','ff8d12ed-6489-43dd-b2b1-88c02d42f826','Present',NULL,'91d33fb3-f248-4d73-bae5-d4ec8fd78bad','{}','2026-05-27 22:34:50','2026-05-27 22:34:50',1,NULL,NULL,NULL,NULL,'659a72a6-284a-4b1b-b460-018096237cb9'),('c48a9cf6-fcba-4595-aeb2-d4b9f64cf0d6','e32641ce-926f-4338-ac29-3f2a89e94524','Present',NULL,'9223787b-5e5f-4741-9582-c065510c32e3','{}','2026-05-27 22:34:50','2026-05-27 22:34:50',1,NULL,NULL,NULL,NULL,'659a72a6-284a-4b1b-b460-018096237cb9'),('1837a3f4-dbc5-421c-9ace-58f8a6fffee9','4297c48a-a425-4828-961d-1e09369bda04','Present',NULL,'92b05a9d-b0e2-4670-86c6-b2c216621e41','{}','2026-05-27 22:34:50','2026-05-27 22:34:50',1,NULL,NULL,NULL,NULL,'659a72a6-284a-4b1b-b460-018096237cb9'),('af900836-200c-41a1-9978-6ce34a26d603','154dba0d-46f1-4ba7-a1a6-6f5bc2ed051c','Present',NULL,'92bafbf6-2a3c-4698-92a6-07625bf9ef81','{}','2026-05-27 22:34:50','2026-05-27 22:34:50',1,NULL,NULL,NULL,NULL,'659a72a6-284a-4b1b-b460-018096237cb9'),('99da4c20-d042-4c93-9378-997540423871','1db8fd34-b725-4da4-8665-a5534238f137','Present',NULL,'92da95f2-b3df-4ac5-b145-510837177719','{}','2026-05-27 22:34:50','2026-05-27 22:34:50',1,NULL,NULL,NULL,NULL,'659a72a6-284a-4b1b-b460-018096237cb9'),('90487e89-debb-4ede-844d-5bd2eecbb4af','a8cc521b-8de9-42c5-8500-6c7c0638d050','Present',NULL,'93d0f4f8-178d-4080-bd97-5a901fa9b0d0','{}','2026-05-27 22:34:50','2026-05-27 22:34:50',1,NULL,NULL,NULL,NULL,'659a72a6-284a-4b1b-b460-018096237cb9'),('5abdc7af-b5ed-4187-a308-337d456e4348','467b52aa-b799-43d5-b6cc-ca9f96b7a907','Present',NULL,'94eb6cbd-5671-4e15-bc85-898b3302e403','{}','2026-05-27 22:34:50','2026-05-27 22:34:50',1,NULL,NULL,NULL,NULL,'659a72a6-284a-4b1b-b460-018096237cb9'),('4205f322-de91-425b-be4e-49e996d70e08','0e9e1858-b649-4961-8e79-561f6e058836','Present',NULL,'964bcc9f-1a25-4cb6-91dd-d84696ba1e1e','{}','2026-05-27 22:34:50','2026-05-27 22:34:50',1,NULL,NULL,NULL,NULL,'659a72a6-284a-4b1b-b460-018096237cb9'),('71711433-2f69-48e3-8979-d0ac34d70935','42e817b5-8abc-43aa-8a80-3e98221c4ab6','Present',NULL,'969017a9-1bd1-4f53-b386-2e40542e7246','{}','2026-05-27 22:34:50','2026-05-27 22:34:50',1,NULL,NULL,NULL,NULL,'659a72a6-284a-4b1b-b460-018096237cb9'),('bed71593-5a68-4c0a-9f10-ae21bcf3a392','9398407c-f2ab-4629-b6a0-9b843f8761fb','Present',NULL,'976e3562-2364-4bdb-b8e3-ab7af5eafa3f','{}','2026-05-27 22:34:50','2026-05-27 22:34:50',1,NULL,NULL,NULL,NULL,'659a72a6-284a-4b1b-b460-018096237cb9'),('6bef5d95-0834-4c9b-9fd8-94ceac62b09f','8439d760-20b7-4d8f-a0c9-40e1b2dfba6a','Present',NULL,'9819a096-d3c4-4a0e-b4ed-0794b109efde','{}','2026-05-27 22:34:50','2026-05-27 22:34:50',1,NULL,NULL,NULL,NULL,'659a72a6-284a-4b1b-b460-018096237cb9'),('c48a9cf6-fcba-4595-aeb2-d4b9f64cf0d6','8439d760-20b7-4d8f-a0c9-40e1b2dfba6a','Present',NULL,'9825f382-ca3f-4f7c-b34e-703b36d91d65','{}','2026-05-27 22:34:50','2026-05-27 22:34:50',1,NULL,NULL,NULL,NULL,'659a72a6-284a-4b1b-b460-018096237cb9'),('1ce3b51f-12e4-4a2f-9c2a-98407e506163','b656d8da-0176-43e6-b53d-0cb4c7bab509','Present',NULL,'9924a906-2c1e-4742-a503-fa072a017866','{}','2026-05-27 22:34:50','2026-05-27 22:34:50',1,NULL,NULL,NULL,NULL,'659a72a6-284a-4b1b-b460-018096237cb9'),('4d4c8e1d-4217-4284-bc39-38407abba02a','154dba0d-46f1-4ba7-a1a6-6f5bc2ed051c','Present',NULL,'99f3b680-9af3-4cd8-8dab-79d97f0dbe7e','{}','2026-05-27 22:34:50','2026-05-27 22:34:50',1,NULL,NULL,NULL,NULL,'659a72a6-284a-4b1b-b460-018096237cb9'),('727a2a1e-4872-479d-a12d-1ac2586db27a','718e064c-26d8-4d8e-8bbb-fcebd31f70b1','Present',NULL,'9a326e54-389e-46ab-a094-a7b6cb646384','{}','2026-05-27 22:34:50','2026-05-27 22:34:50',1,NULL,NULL,NULL,NULL,'659a72a6-284a-4b1b-b460-018096237cb9'),('80e76bd8-aa84-4a8f-ba69-e77807d507e9','9398407c-f2ab-4629-b6a0-9b843f8761fb','Present',NULL,'9baea362-e422-4f4e-a912-bca097fef1ea','{}','2026-05-27 22:34:50','2026-05-27 22:34:50',1,NULL,NULL,NULL,NULL,'659a72a6-284a-4b1b-b460-018096237cb9'),('41a8a99b-15dc-4fd1-b9ee-1d2ca278a42f','c590e7e3-c666-4da3-8a68-91f07dbbbadf','Present',NULL,'9bd101d8-aecb-4903-af37-2834a451fe22','{}','2026-05-27 22:34:50','2026-05-27 22:34:50',1,NULL,NULL,NULL,NULL,'659a72a6-284a-4b1b-b460-018096237cb9'),('d2f092ea-daaa-416f-9ed9-2e052cbe6e8c','b656d8da-0176-43e6-b53d-0cb4c7bab509','Present',NULL,'9c0cfed2-0917-4041-9283-2bfd352e4225','{}','2026-05-27 22:34:50','2026-05-27 22:34:50',1,NULL,NULL,NULL,NULL,'659a72a6-284a-4b1b-b460-018096237cb9'),('295a8b4e-2db4-4481-9357-068abf641ce4','ac753b58-b0cf-49a4-bb08-399faee3076d','Present',NULL,'9c16ffdc-aa13-4a7f-8292-7d4653f15046','{}','2026-05-27 22:34:50','2026-05-27 22:34:50',1,NULL,NULL,NULL,NULL,'659a72a6-284a-4b1b-b460-018096237cb9'),('92bcd926-714f-432d-be3f-86c1ff75cbfb','980a5137-5d5f-48de-927d-f2d2db672c2f','Present',NULL,'9d04f2b3-5e1a-46bd-85f1-0afaee13aac3','{}','2026-05-27 22:34:50','2026-05-27 22:34:50',1,NULL,NULL,NULL,NULL,'659a72a6-284a-4b1b-b460-018096237cb9'),('dff06825-5384-44fb-999d-65e5597b3d38','e77aeb23-e06c-4060-940b-e98c6076ae15','Present',NULL,'9daa0870-8add-4482-aa9a-5ec02b4beeae','{}','2026-05-27 22:34:50','2026-05-27 22:34:50',1,NULL,NULL,NULL,NULL,'659a72a6-284a-4b1b-b460-018096237cb9'),('97c19c8c-475b-484e-8105-38f748b7e8eb','0a3f6d58-7348-4c37-ab09-ebe0238a3b1f','Present',NULL,'9e9f9238-e5f7-40f7-84a2-e31b46d86ef2','{}','2026-05-27 22:34:50','2026-05-27 22:34:50',1,NULL,NULL,NULL,NULL,'659a72a6-284a-4b1b-b460-018096237cb9'),('5754890c-7259-4052-af3c-a2ee82ddcde3','4297c48a-a425-4828-961d-1e09369bda04','Present',NULL,'9f05fb6f-0bec-4906-8e65-b63e513cc5ef','{}','2026-05-27 22:34:50','2026-05-27 22:34:50',1,NULL,NULL,NULL,NULL,'659a72a6-284a-4b1b-b460-018096237cb9'),('30053e19-84f0-4620-aeb3-bcc3c9883859','8439d760-20b7-4d8f-a0c9-40e1b2dfba6a','Present',NULL,'9f5924bd-4861-4329-939a-392f0eabea44','{}','2026-05-27 22:34:50','2026-05-27 22:34:50',1,NULL,NULL,NULL,NULL,'659a72a6-284a-4b1b-b460-018096237cb9'),('71711433-2f69-48e3-8979-d0ac34d70935','e81f6d5a-d28d-4aea-9771-ca26ef984530','Present',NULL,'9ffecacd-1386-41e0-b852-2bcc2d0f3f88','{}','2026-05-27 22:34:50','2026-05-27 22:34:50',1,NULL,NULL,NULL,NULL,'659a72a6-284a-4b1b-b460-018096237cb9'),('6ad83e08-cd39-4981-97ba-c8666687c54a','9398407c-f2ab-4629-b6a0-9b843f8761fb','Present',NULL,'a0468334-765a-4ea9-a0a1-21165e97b858','{}','2026-05-27 22:34:50','2026-05-27 22:34:50',1,NULL,NULL,NULL,NULL,'659a72a6-284a-4b1b-b460-018096237cb9'),('295a8b4e-2db4-4481-9357-068abf641ce4','96cc2aff-1541-447c-8d31-35c2f80d4428','Present',NULL,'a068aed5-d617-4a34-a5f4-89250d290e34','{}','2026-05-27 22:34:50','2026-05-27 22:34:50',1,NULL,NULL,NULL,NULL,'659a72a6-284a-4b1b-b460-018096237cb9'),('f642d557-0ac7-4271-b393-aaead8e34c5d','e32641ce-926f-4338-ac29-3f2a89e94524','Present',NULL,'a0b6c192-0a69-4bf2-8f52-bc40a3d12eeb','{}','2026-05-27 22:34:50','2026-05-27 22:34:50',1,NULL,NULL,NULL,NULL,'659a72a6-284a-4b1b-b460-018096237cb9'),('727a2a1e-4872-479d-a12d-1ac2586db27a','42e817b5-8abc-43aa-8a80-3e98221c4ab6','Present',NULL,'a0c592a9-a657-48fd-955c-86b5c506427a','{}','2026-05-27 22:34:50','2026-05-27 22:34:50',1,NULL,NULL,NULL,NULL,'659a72a6-284a-4b1b-b460-018096237cb9'),('97c19c8c-475b-484e-8105-38f748b7e8eb','ff8d12ed-6489-43dd-b2b1-88c02d42f826','Absent',NULL,'a0e366c4-2125-4b38-b4a5-e5ba7221b3d5','{}','2026-05-27 22:34:50','2026-05-27 22:34:50',1,NULL,NULL,NULL,NULL,'659a72a6-284a-4b1b-b460-018096237cb9'),('976b573c-96a2-4c1f-b5c7-0e197cecfba9','718e064c-26d8-4d8e-8bbb-fcebd31f70b1','Present',NULL,'a131f445-8f3f-4d84-94c5-9fdd91487110','{}','2026-05-27 22:34:50','2026-05-27 22:34:50',1,NULL,NULL,NULL,NULL,'659a72a6-284a-4b1b-b460-018096237cb9'),('2b580851-cdd7-44f9-878c-b997440c4639','6bc40a80-af77-4da5-b009-098e08d37281','Present',NULL,'a13c1363-6085-49cd-bd92-481f69b06ce1','{}','2026-05-27 22:34:50','2026-05-27 22:34:50',1,NULL,NULL,NULL,NULL,'659a72a6-284a-4b1b-b460-018096237cb9'),('5abdc7af-b5ed-4187-a308-337d456e4348','a8cc521b-8de9-42c5-8500-6c7c0638d050','Present',NULL,'a1899ded-085c-45f4-85e1-4d5f99839ea9','{}','2026-05-27 22:34:50','2026-05-27 22:34:50',1,NULL,NULL,NULL,NULL,'659a72a6-284a-4b1b-b460-018096237cb9'),('8a7ef304-cb51-4c0a-82e5-3f3660fc8736','0a3f6d58-7348-4c37-ab09-ebe0238a3b1f','Present',NULL,'a1e7691a-0d10-4854-b617-30b351e94aa6','{}','2026-05-27 22:34:50','2026-05-27 22:34:50',1,NULL,NULL,NULL,NULL,'659a72a6-284a-4b1b-b460-018096237cb9'),('71711433-2f69-48e3-8979-d0ac34d70935','4297c48a-a425-4828-961d-1e09369bda04','Present',NULL,'a1fbf656-7916-47d5-9fb6-cab8d5905191','{}','2026-05-27 22:34:50','2026-05-27 22:34:50',1,NULL,NULL,NULL,NULL,'659a72a6-284a-4b1b-b460-018096237cb9'),('f5846463-f4ac-4fcc-88a5-1175fe460bd3','e32641ce-926f-4338-ac29-3f2a89e94524','Present',NULL,'a20d85c4-2898-4169-b8ad-e8be1355007d','{}','2026-05-27 22:34:50','2026-05-27 22:34:50',1,NULL,NULL,NULL,NULL,'659a72a6-284a-4b1b-b460-018096237cb9'),('bf191d38-a6ce-4e36-aba7-0a460945e45a','6bc40a80-af77-4da5-b009-098e08d37281','Present',NULL,'a2513c53-628f-482d-9c56-bc2544719e44','{}','2026-05-27 22:34:50','2026-05-27 22:34:50',1,NULL,NULL,NULL,NULL,'659a72a6-284a-4b1b-b460-018096237cb9'),('50e27ed3-7404-48b8-9740-1ed70bc89cf5','20ae1e67-5fb3-48ac-89f7-f47dda7407c1','Present',NULL,'a28902b7-6b30-4365-aa4a-6a90e71739ad','{}','2026-05-27 22:34:50','2026-05-27 22:34:50',1,NULL,NULL,NULL,NULL,'659a72a6-284a-4b1b-b460-018096237cb9'),('3e14f76d-73fd-4b2f-8b16-af697ebb615f','1db8fd34-b725-4da4-8665-a5534238f137','Present',NULL,'a2f5cb73-f5c6-4821-b09a-ea321c9f51e8','{}','2026-05-27 22:34:50','2026-05-27 22:34:50',1,NULL,NULL,NULL,NULL,'659a72a6-284a-4b1b-b460-018096237cb9'),('d27af7e8-7e9e-4275-a3ab-2bc4616796e3','0a3f6d58-7348-4c37-ab09-ebe0238a3b1f','Present',NULL,'a307e089-3eaf-4fa0-99e4-30d8c868e7e4','{}','2026-05-27 22:34:50','2026-05-27 22:34:50',1,NULL,NULL,NULL,NULL,'659a72a6-284a-4b1b-b460-018096237cb9'),('ff779a98-16d7-4817-9055-34fafd02d3b0','dac10e09-9beb-4354-afaf-4f4bd6dc23a6','Absent',NULL,'a34b6fbe-813f-42f8-9386-2e4307a1535a','{}','2026-05-27 22:34:50','2026-05-27 22:34:50',1,NULL,NULL,NULL,NULL,'659a72a6-284a-4b1b-b460-018096237cb9'),('97c19c8c-475b-484e-8105-38f748b7e8eb','e32641ce-926f-4338-ac29-3f2a89e94524','Present',NULL,'a38dc912-c497-4b91-9d23-f3d821bbdb40','{}','2026-05-27 22:34:50','2026-05-27 22:34:50',1,NULL,NULL,NULL,NULL,'659a72a6-284a-4b1b-b460-018096237cb9'),('30053e19-84f0-4620-aeb3-bcc3c9883859','0a3f6d58-7348-4c37-ab09-ebe0238a3b1f','Present',NULL,'a4cae32a-65a2-4cf9-b8e5-ddddbee321d0','{}','2026-05-27 22:34:50','2026-05-27 22:34:50',1,NULL,NULL,NULL,NULL,'659a72a6-284a-4b1b-b460-018096237cb9'),('3e14f76d-73fd-4b2f-8b16-af697ebb615f','467b52aa-b799-43d5-b6cc-ca9f96b7a907','Present',NULL,'a532cf6a-281e-4706-983e-405f475948c9','{}','2026-05-27 22:34:50','2026-05-27 22:34:50',1,NULL,NULL,NULL,NULL,'659a72a6-284a-4b1b-b460-018096237cb9'),('d9d5f52d-f132-4a27-bae3-d2339cd48b04','96cc2aff-1541-447c-8d31-35c2f80d4428','Present',NULL,'a543a813-8b93-4964-a4bd-615a4288db40','{}','2026-05-27 22:34:50','2026-05-27 22:34:50',1,NULL,NULL,NULL,NULL,'659a72a6-284a-4b1b-b460-018096237cb9'),('dff06825-5384-44fb-999d-65e5597b3d38','4a81aff3-2e60-460f-98e1-fd7afc013c21','Present',NULL,'a588cd74-5e74-4485-b771-db2a98abe6e6','{}','2026-05-27 22:34:50','2026-05-27 22:34:50',1,NULL,NULL,NULL,NULL,'659a72a6-284a-4b1b-b460-018096237cb9'),('41a5c8f9-8c8c-4c61-aff8-71c4e74f0be1','42e817b5-8abc-43aa-8a80-3e98221c4ab6','Present',NULL,'a70edf42-ebaa-481e-9bf2-5c1083404ae0','{}','2026-05-27 22:34:50','2026-05-27 22:34:50',1,NULL,NULL,NULL,NULL,'659a72a6-284a-4b1b-b460-018096237cb9'),('1837a3f4-dbc5-421c-9ace-58f8a6fffee9','718e064c-26d8-4d8e-8bbb-fcebd31f70b1','Present',NULL,'a78caa11-b3b4-4419-829c-3b3b79e8fe76','{}','2026-05-27 22:34:50','2026-05-27 22:34:50',1,NULL,NULL,NULL,NULL,'659a72a6-284a-4b1b-b460-018096237cb9'),('6bef5d95-0834-4c9b-9fd8-94ceac62b09f','20ae1e67-5fb3-48ac-89f7-f47dda7407c1','Present',NULL,'a7f9e990-fa4d-4e53-a416-60396b8b2efb','{}','2026-05-27 22:34:50','2026-05-27 22:34:50',1,NULL,NULL,NULL,NULL,'659a72a6-284a-4b1b-b460-018096237cb9'),('41a5c8f9-8c8c-4c61-aff8-71c4e74f0be1','e77aeb23-e06c-4060-940b-e98c6076ae15','Present',NULL,'a93504ce-2641-4eb9-b69e-39ffab50472d','{}','2026-05-27 22:34:50','2026-05-27 22:34:50',1,NULL,NULL,NULL,NULL,'659a72a6-284a-4b1b-b460-018096237cb9'),('c686996a-6bdb-45a7-98ba-4019dbd86f12','980a5137-5d5f-48de-927d-f2d2db672c2f','Present',NULL,'a9bef47e-bbed-4efe-ba58-eaded4323c6a','{}','2026-05-27 22:34:50','2026-05-27 22:34:50',1,NULL,NULL,NULL,NULL,'659a72a6-284a-4b1b-b460-018096237cb9'),('f6c02c42-b7ae-4ef0-9b41-11f6f53d4db4','718e064c-26d8-4d8e-8bbb-fcebd31f70b1','Present',NULL,'a9d1933b-27b2-448f-a45a-1184fb3f38ba','{}','2026-05-27 22:34:50','2026-05-27 22:34:50',1,NULL,NULL,NULL,NULL,'659a72a6-284a-4b1b-b460-018096237cb9'),('4d4c8e1d-4217-4284-bc39-38407abba02a','0a3f6d58-7348-4c37-ab09-ebe0238a3b1f','Present',NULL,'aa56cb14-c822-4e3c-b89b-8f06c7ff9a4f','{}','2026-05-27 22:34:50','2026-05-27 22:34:50',1,NULL,NULL,NULL,NULL,'659a72a6-284a-4b1b-b460-018096237cb9'),('5abdc7af-b5ed-4187-a308-337d456e4348','0e9e1858-b649-4961-8e79-561f6e058836','Present',NULL,'aa5c3020-f2f7-41b2-8349-2a4a8925d3dd','{}','2026-05-27 22:34:50','2026-05-27 22:34:50',1,NULL,NULL,NULL,NULL,'659a72a6-284a-4b1b-b460-018096237cb9'),('92bcd926-714f-432d-be3f-86c1ff75cbfb','21a9a63c-efc4-4459-b072-61b898412a5a','Present',NULL,'aa76d892-f674-40e1-9b85-f07a531f847f','{}','2026-05-27 22:34:50','2026-05-27 22:34:50',1,NULL,NULL,NULL,NULL,'659a72a6-284a-4b1b-b460-018096237cb9'),('a6a39092-4cf7-4ebd-83f1-c67c89516b4d','718e064c-26d8-4d8e-8bbb-fcebd31f70b1','Present',NULL,'aa9fc623-4c17-4e82-a3fe-741b52246606','{}','2026-05-27 22:34:50','2026-05-27 22:34:50',1,NULL,NULL,NULL,NULL,'659a72a6-284a-4b1b-b460-018096237cb9'),('af900836-200c-41a1-9978-6ce34a26d603','ff8d12ed-6489-43dd-b2b1-88c02d42f826','Present',NULL,'aab553cb-948d-48bd-b43c-6ac25f0922c9','{}','2026-05-27 22:34:50','2026-05-27 22:34:50',1,NULL,NULL,NULL,NULL,'659a72a6-284a-4b1b-b460-018096237cb9'),('4205f322-de91-425b-be4e-49e996d70e08','c590e7e3-c666-4da3-8a68-91f07dbbbadf','Present',NULL,'aaebc4da-391d-4b77-a48d-bc4194bddfd4','{}','2026-05-27 22:34:50','2026-05-27 22:34:50',1,NULL,NULL,NULL,NULL,'659a72a6-284a-4b1b-b460-018096237cb9'),('5f3c2f8c-bb69-48a9-85e8-77147fc1d7e3','0a3f6d58-7348-4c37-ab09-ebe0238a3b1f','Present',NULL,'ac6391ef-8e93-4d52-8228-e717bcbb35a9','{}','2026-05-27 22:34:50','2026-05-27 22:34:50',1,NULL,NULL,NULL,NULL,'659a72a6-284a-4b1b-b460-018096237cb9'),('c686996a-6bdb-45a7-98ba-4019dbd86f12','21a9a63c-efc4-4459-b072-61b898412a5a','Present',NULL,'ac8e2359-2c2d-4b6f-80a2-7a4e7f847386','{}','2026-05-27 22:34:50','2026-05-27 22:34:50',1,NULL,NULL,NULL,NULL,'659a72a6-284a-4b1b-b460-018096237cb9'),('8a7ef304-cb51-4c0a-82e5-3f3660fc8736','154dba0d-46f1-4ba7-a1a6-6f5bc2ed051c','Present',NULL,'ac9d96f3-8e73-4e11-a970-35cc7a13a9f2','{}','2026-05-27 22:34:50','2026-05-27 22:34:50',1,NULL,NULL,NULL,NULL,'659a72a6-284a-4b1b-b460-018096237cb9'),('edf0c198-4034-4c13-b203-42b7c009d2b5','4297c48a-a425-4828-961d-1e09369bda04','Present',NULL,'acb5d3ca-cc6b-4050-a801-ba2ad71cab9f','{}','2026-05-27 22:34:50','2026-05-27 22:34:50',1,NULL,NULL,NULL,NULL,'659a72a6-284a-4b1b-b460-018096237cb9'),('d2f092ea-daaa-416f-9ed9-2e052cbe6e8c','fea91fe4-40b6-422d-b549-b4089cc7223d','Present',NULL,'acc0015a-21ef-4cfa-8ef4-acdc9e40c637','{}','2026-05-27 22:34:50','2026-05-27 22:34:50',1,NULL,NULL,NULL,NULL,'659a72a6-284a-4b1b-b460-018096237cb9'),('bf191d38-a6ce-4e36-aba7-0a460945e45a','a0a7ebf8-7824-4bf1-a8b3-401b0fcf1801','Present',NULL,'acf393f8-48f9-42a4-a075-1c6263c8932e','{}','2026-05-27 22:34:50','2026-05-27 22:34:50',1,NULL,NULL,NULL,NULL,'659a72a6-284a-4b1b-b460-018096237cb9'),('6ad83e08-cd39-4981-97ba-c8666687c54a','fea91fe4-40b6-422d-b549-b4089cc7223d','Present',NULL,'ad4f353a-df06-47f9-9c1b-9960e0e22a6f','{}','2026-05-27 22:34:50','2026-05-27 22:34:50',1,NULL,NULL,NULL,NULL,'659a72a6-284a-4b1b-b460-018096237cb9'),('3e14f76d-73fd-4b2f-8b16-af697ebb615f','c590e7e3-c666-4da3-8a68-91f07dbbbadf','Present',NULL,'ae9e3bf3-3408-49b0-b8c6-6177a143bacd','{}','2026-05-27 22:34:50','2026-05-27 22:34:50',1,NULL,NULL,NULL,NULL,'659a72a6-284a-4b1b-b460-018096237cb9'),('2b580851-cdd7-44f9-878c-b997440c4639','0e9e1858-b649-4961-8e79-561f6e058836','Present',NULL,'b01b86f0-3829-4de4-960a-75bf14352ae3','{}','2026-05-27 22:34:50','2026-05-27 22:34:50',1,NULL,NULL,NULL,NULL,'659a72a6-284a-4b1b-b460-018096237cb9'),('8b970940-5480-4d5a-8dce-3135149be747','e77aeb23-e06c-4060-940b-e98c6076ae15','Present',NULL,'b03e8aaf-d6b1-4b33-843f-2a57a7458a81','{}','2026-05-27 22:34:50','2026-05-27 22:34:50',1,NULL,NULL,NULL,NULL,'659a72a6-284a-4b1b-b460-018096237cb9'),('727a2a1e-4872-479d-a12d-1ac2586db27a','e77aeb23-e06c-4060-940b-e98c6076ae15','Present',NULL,'b07aa1d4-f4eb-420a-971e-cd6719912066','{}','2026-05-27 22:34:50','2026-05-27 22:34:50',1,NULL,NULL,NULL,NULL,'659a72a6-284a-4b1b-b460-018096237cb9'),('d22cc835-2f2b-40a9-a5d7-af6787944461','4297c48a-a425-4828-961d-1e09369bda04','Present',NULL,'b1374dc9-848f-42ad-bc54-12fe9d6844f1','{}','2026-05-27 22:34:50','2026-05-27 22:34:50',1,NULL,NULL,NULL,NULL,'659a72a6-284a-4b1b-b460-018096237cb9'),('e1b06ea1-f676-49ae-a495-12f0436f4452','96cc2aff-1541-447c-8d31-35c2f80d4428','Present',NULL,'b1791e9e-dcbc-44fd-b41b-7666380bcf59','{}','2026-05-27 22:34:50','2026-05-27 22:34:50',1,NULL,NULL,NULL,NULL,'659a72a6-284a-4b1b-b460-018096237cb9'),('b9d18ccf-43e5-4c51-ad7c-027246e66d55','a81dcd18-15ed-467b-8583-60cbf3665752','Present',NULL,'b23383b1-a791-4f56-a60e-cae9ac381bd9','{}','2026-05-27 22:34:50','2026-05-27 22:34:50',1,NULL,NULL,NULL,NULL,'659a72a6-284a-4b1b-b460-018096237cb9'),('133c4980-58b7-4051-9b5f-6c968e7b1e1e','154dba0d-46f1-4ba7-a1a6-6f5bc2ed051c','Present',NULL,'b24dc4e9-c5ea-4447-8564-912caca020ef','{}','2026-05-27 22:34:50','2026-05-27 22:34:50',1,NULL,NULL,NULL,NULL,'659a72a6-284a-4b1b-b460-018096237cb9'),('f642d557-0ac7-4271-b393-aaead8e34c5d','8439d760-20b7-4d8f-a0c9-40e1b2dfba6a','Present',NULL,'b2b02ce8-12fe-421b-8779-e8fa2ec39b2c','{}','2026-05-27 22:34:50','2026-05-27 22:34:50',1,NULL,NULL,NULL,NULL,'659a72a6-284a-4b1b-b460-018096237cb9'),('5754890c-7259-4052-af3c-a2ee82ddcde3','718e064c-26d8-4d8e-8bbb-fcebd31f70b1','Present',NULL,'b2cdb758-ed7e-48c3-9d3b-ff25c49811d4','{}','2026-05-27 22:34:50','2026-05-27 22:34:50',1,NULL,NULL,NULL,NULL,'659a72a6-284a-4b1b-b460-018096237cb9'),('d22cc835-2f2b-40a9-a5d7-af6787944461','e81f6d5a-d28d-4aea-9771-ca26ef984530','Present',NULL,'b2d9f641-443d-4f22-8cfd-cc5e154914a0','{}','2026-05-27 22:34:50','2026-05-27 22:34:50',1,NULL,NULL,NULL,NULL,'659a72a6-284a-4b1b-b460-018096237cb9'),('432f6dcf-49bc-44e4-849a-c9ba32e0e211','8439d760-20b7-4d8f-a0c9-40e1b2dfba6a','Present',NULL,'b38495dc-a5b1-462c-a674-b914ebdd646f','{}','2026-05-27 22:34:50','2026-05-27 22:34:50',1,NULL,NULL,NULL,NULL,'659a72a6-284a-4b1b-b460-018096237cb9'),('ce69c72a-7cc1-44eb-bbff-8295a6884ff8','4a81aff3-2e60-460f-98e1-fd7afc013c21','Present',NULL,'b388a910-3b06-48b2-a8da-4fe5159846cf','{}','2026-05-27 22:34:50','2026-05-27 22:34:50',1,NULL,NULL,NULL,NULL,'659a72a6-284a-4b1b-b460-018096237cb9'),('68c047f0-dce2-4950-be90-1fa282873c54','718e064c-26d8-4d8e-8bbb-fcebd31f70b1','Present',NULL,'b3965c39-3a67-4d49-a43d-31bfc19932c1','{}','2026-05-27 22:34:50','2026-05-27 22:34:50',1,NULL,NULL,NULL,NULL,'659a72a6-284a-4b1b-b460-018096237cb9'),('b18b714a-637e-4d0e-a7a0-c9d746f0903c','35fee766-a623-4c7f-acd1-aad490913162','Present',NULL,'b3bf244f-fae9-476a-92fb-25872fb0e143','{}','2026-05-27 22:34:50','2026-05-27 22:34:50',1,NULL,NULL,NULL,NULL,'659a72a6-284a-4b1b-b460-018096237cb9'),('8a7ef304-cb51-4c0a-82e5-3f3660fc8736','ff8d12ed-6489-43dd-b2b1-88c02d42f826','Present',NULL,'b3fa8a47-1d0e-4188-96d4-37a734a68f75','{}','2026-05-27 22:34:50','2026-05-27 22:34:50',1,NULL,NULL,NULL,NULL,'659a72a6-284a-4b1b-b460-018096237cb9'),('ce69c72a-7cc1-44eb-bbff-8295a6884ff8','dcd9ac28-b22f-41ce-90e8-46b4dfae4799','Present',NULL,'b41606ce-29bb-4624-9705-98ba53b6e802','{}','2026-05-27 22:34:50','2026-05-27 22:34:50',1,NULL,NULL,NULL,NULL,'659a72a6-284a-4b1b-b460-018096237cb9'),('b9d18ccf-43e5-4c51-ad7c-027246e66d55','e81f6d5a-d28d-4aea-9771-ca26ef984530','Present',NULL,'b4928e20-cd00-4415-abf2-607d9d8b93dc','{}','2026-05-27 22:34:50','2026-05-27 22:34:50',1,NULL,NULL,NULL,NULL,'659a72a6-284a-4b1b-b460-018096237cb9'),('f642d557-0ac7-4271-b393-aaead8e34c5d','35fee766-a623-4c7f-acd1-aad490913162','Absent',NULL,'b4e10ecb-0357-46ce-9b8d-be00e88b3983','{}','2026-05-27 22:34:50','2026-05-27 22:34:50',1,NULL,NULL,NULL,NULL,'659a72a6-284a-4b1b-b460-018096237cb9'),('3cd161ab-2720-45fa-9131-8195e90f5de4','9398407c-f2ab-4629-b6a0-9b843f8761fb','Present',NULL,'b529b200-1e8e-47d8-9735-7351613e293b','{}','2026-05-27 22:34:50','2026-05-27 22:34:50',1,NULL,NULL,NULL,NULL,'659a72a6-284a-4b1b-b460-018096237cb9'),('a6a39092-4cf7-4ebd-83f1-c67c89516b4d','e81f6d5a-d28d-4aea-9771-ca26ef984530','Present',NULL,'b5397105-6d12-43e1-baa0-8db41b993e0f','{}','2026-05-27 22:34:50','2026-05-27 22:34:50',1,NULL,NULL,NULL,NULL,'659a72a6-284a-4b1b-b460-018096237cb9'),('295a8b4e-2db4-4481-9357-068abf641ce4','9398407c-f2ab-4629-b6a0-9b843f8761fb','Present',NULL,'b55eaaa3-11d3-4033-bb3a-892e69c98c2f','{}','2026-05-27 22:34:50','2026-05-27 22:34:50',1,NULL,NULL,NULL,NULL,'659a72a6-284a-4b1b-b460-018096237cb9'),('6e3a3ca7-5bed-4e0c-a543-24d6afd592ed','6bc40a80-af77-4da5-b009-098e08d37281','Present',NULL,'b570d566-3e00-4ffa-a8d7-ec22414e6f57','{}','2026-05-27 22:34:50','2026-05-27 22:34:50',1,NULL,NULL,NULL,NULL,'659a72a6-284a-4b1b-b460-018096237cb9'),('8a9aaf32-b754-40d3-96b8-5826afecd008','718e064c-26d8-4d8e-8bbb-fcebd31f70b1','Absent',NULL,'b683dff7-9bf9-48f4-9ed5-a4d975e15ff8','{}','2026-05-27 22:34:50','2026-05-27 22:34:50',1,NULL,NULL,NULL,NULL,'659a72a6-284a-4b1b-b460-018096237cb9'),('b3b54a97-b0d3-4223-acf7-434d0949f64e','4a81aff3-2e60-460f-98e1-fd7afc013c21','Present',NULL,'b6a9b855-c0cd-414f-8e78-dcecbb81f5a1','{}','2026-05-27 22:34:50','2026-05-27 22:34:50',1,NULL,NULL,NULL,NULL,'659a72a6-284a-4b1b-b460-018096237cb9'),('5f3c2f8c-bb69-48a9-85e8-77147fc1d7e3','154dba0d-46f1-4ba7-a1a6-6f5bc2ed051c','Present',NULL,'b71500f4-1ce8-4038-bd79-6ad775612534','{}','2026-05-27 22:34:50','2026-05-27 22:34:50',1,NULL,NULL,NULL,NULL,'659a72a6-284a-4b1b-b460-018096237cb9'),('2b580851-cdd7-44f9-878c-b997440c4639','cff46e7b-0ff3-4ed5-84d8-f64ec9ce9811','Present',NULL,'b71cb50e-17f1-43a7-8a22-658e7a3cfae3','{}','2026-05-27 22:34:50','2026-05-27 22:34:50',1,NULL,NULL,NULL,NULL,'659a72a6-284a-4b1b-b460-018096237cb9'),('4d4c8e1d-4217-4284-bc39-38407abba02a','e32641ce-926f-4338-ac29-3f2a89e94524','Present',NULL,'b74df92d-9335-4ab1-9330-427e1504a9fe','{}','2026-05-27 22:34:50','2026-05-27 22:34:50',1,NULL,NULL,NULL,NULL,'659a72a6-284a-4b1b-b460-018096237cb9'),('c48a9cf6-fcba-4595-aeb2-d4b9f64cf0d6','ff8d12ed-6489-43dd-b2b1-88c02d42f826','Present',NULL,'b7edb9a0-4c61-4107-9a48-9bf1e7739330','{}','2026-05-27 22:34:50','2026-05-27 22:34:50',1,NULL,NULL,NULL,NULL,'659a72a6-284a-4b1b-b460-018096237cb9'),('e1b06ea1-f676-49ae-a495-12f0436f4452','b656d8da-0176-43e6-b53d-0cb4c7bab509','Present',NULL,'b9f0c826-6a13-4151-bf2a-e6c268064704','{}','2026-05-27 22:34:50','2026-05-27 22:34:50',1,NULL,NULL,NULL,NULL,'659a72a6-284a-4b1b-b460-018096237cb9'),('295a8b4e-2db4-4481-9357-068abf641ce4','b656d8da-0176-43e6-b53d-0cb4c7bab509','Absent',NULL,'ba307063-7870-4621-b115-11f0c74c4ce8','{}','2026-05-27 22:34:50','2026-05-27 22:34:50',1,NULL,NULL,NULL,NULL,'659a72a6-284a-4b1b-b460-018096237cb9'),('34688610-371e-4392-a2c9-b4ba7dc21380','a8cc521b-8de9-42c5-8500-6c7c0638d050','Present',NULL,'ba3bdbdc-f091-4e7d-86f0-037af6cc9ea9','{}','2026-05-27 22:34:50','2026-05-27 22:34:50',1,NULL,NULL,NULL,NULL,'659a72a6-284a-4b1b-b460-018096237cb9'),('c686996a-6bdb-45a7-98ba-4019dbd86f12','d1ca8baf-ef87-4b9a-84fc-694cde5ad95f','Present',NULL,'bbb69809-b9a6-45a8-b275-405d8cf3d323','{}','2026-05-27 22:34:50','2026-05-27 22:34:50',1,NULL,NULL,NULL,NULL,'659a72a6-284a-4b1b-b460-018096237cb9'),('1ce3b51f-12e4-4a2f-9c2a-98407e506163','21a9a63c-efc4-4459-b072-61b898412a5a','Present',NULL,'bbbabd4e-00ae-4b54-9796-4032b654e0a1','{}','2026-05-27 22:34:50','2026-05-27 22:34:50',1,NULL,NULL,NULL,NULL,'659a72a6-284a-4b1b-b460-018096237cb9'),('99da4c20-d042-4c93-9378-997540423871','cff46e7b-0ff3-4ed5-84d8-f64ec9ce9811','Present',NULL,'bbcb4422-adaa-4f96-b5cb-14c07ce2fcb2','{}','2026-05-27 22:34:50','2026-05-27 22:34:50',1,NULL,NULL,NULL,NULL,'659a72a6-284a-4b1b-b460-018096237cb9'),('92bcd926-714f-432d-be3f-86c1ff75cbfb','96cc2aff-1541-447c-8d31-35c2f80d4428','Present',NULL,'bbec3409-5a36-489b-8fec-acd1d1ed7a4a','{}','2026-05-27 22:34:50','2026-05-27 22:34:50',1,NULL,NULL,NULL,NULL,'659a72a6-284a-4b1b-b460-018096237cb9'),('ccb8d6ad-7610-4cf8-b651-d1208fb140cc','35fee766-a623-4c7f-acd1-aad490913162','Present',NULL,'bc73d6da-3b90-44c8-beef-5a7a9f63c81f','{}','2026-05-27 22:34:50','2026-05-27 22:34:50',1,NULL,NULL,NULL,NULL,'659a72a6-284a-4b1b-b460-018096237cb9'),('4d4c8e1d-4217-4284-bc39-38407abba02a','8439d760-20b7-4d8f-a0c9-40e1b2dfba6a','Present',NULL,'bd0bc6d6-2f76-4d98-9115-e5712307aebc','{}','2026-05-27 22:34:50','2026-05-27 22:34:50',1,NULL,NULL,NULL,NULL,'659a72a6-284a-4b1b-b460-018096237cb9'),('b1350074-5951-4ea7-a248-6e68eafaebdb','ac753b58-b0cf-49a4-bb08-399faee3076d','Present',NULL,'bdd9f000-83a7-4d72-a5af-5be4d78ea7f4','{}','2026-05-27 22:34:50','2026-05-27 22:34:50',1,NULL,NULL,NULL,NULL,'659a72a6-284a-4b1b-b460-018096237cb9'),('80cfd292-b17c-42c3-8191-4d72674466e7','a8cc521b-8de9-42c5-8500-6c7c0638d050','Absent',NULL,'bdf3812a-2dd4-4c75-badf-8860003bfdb3','{}','2026-05-27 22:34:50','2026-05-27 22:34:50',1,NULL,NULL,NULL,NULL,'659a72a6-284a-4b1b-b460-018096237cb9'),('edf0c198-4034-4c13-b203-42b7c009d2b5','4a81aff3-2e60-460f-98e1-fd7afc013c21','Present',NULL,'be868deb-3cc0-4a1a-9ef1-9fc585e3eeda','{}','2026-05-27 22:34:50','2026-05-27 22:34:50',1,NULL,NULL,NULL,NULL,'659a72a6-284a-4b1b-b460-018096237cb9'),('48058cf1-a88c-4785-927d-52c8dae943e7','dcd9ac28-b22f-41ce-90e8-46b4dfae4799','Present',NULL,'be8c90b3-c955-4c57-926b-e405cd017bda','{}','2026-05-27 22:34:50','2026-05-27 22:34:50',1,NULL,NULL,NULL,NULL,'659a72a6-284a-4b1b-b460-018096237cb9'),('3e14f76d-73fd-4b2f-8b16-af697ebb615f','a0a7ebf8-7824-4bf1-a8b3-401b0fcf1801','Present',NULL,'beae33ca-d36d-4516-8c70-e4be9a2fefb7','{}','2026-05-27 22:34:50','2026-05-27 22:34:50',1,NULL,NULL,NULL,NULL,'659a72a6-284a-4b1b-b460-018096237cb9'),('e645fec6-5af5-4ffc-b417-25956ba230b4','e32641ce-926f-4338-ac29-3f2a89e94524','Present',NULL,'bed3ee2e-42c9-4ed7-82e4-e519643cff94','{}','2026-05-27 22:34:50','2026-05-27 22:34:50',1,NULL,NULL,NULL,NULL,'659a72a6-284a-4b1b-b460-018096237cb9'),('5abdc7af-b5ed-4187-a308-337d456e4348','cff46e7b-0ff3-4ed5-84d8-f64ec9ce9811','Present',NULL,'bfc5caea-980d-4168-beef-82e443002a5d','{}','2026-05-27 22:34:50','2026-05-27 22:34:50',1,NULL,NULL,NULL,NULL,'659a72a6-284a-4b1b-b460-018096237cb9'),('6af7e2cc-6dec-486f-901a-6904dc262e58','20ae1e67-5fb3-48ac-89f7-f47dda7407c1','Present',NULL,'bffe15d1-4454-41e1-a3b5-c51ae4454a02','{}','2026-05-27 22:34:50','2026-05-27 22:34:50',1,NULL,NULL,NULL,NULL,'659a72a6-284a-4b1b-b460-018096237cb9'),('90487e89-debb-4ede-844d-5bd2eecbb4af','1db8fd34-b725-4da4-8665-a5534238f137','Present',NULL,'c03865d3-7300-4d20-83a2-ad49728e5f52','{}','2026-05-27 22:34:50','2026-05-27 22:34:50',1,NULL,NULL,NULL,NULL,'659a72a6-284a-4b1b-b460-018096237cb9'),('68c047f0-dce2-4950-be90-1fa282873c54','4297c48a-a425-4828-961d-1e09369bda04','Present',NULL,'c076fe9b-7be3-4607-8bdc-b2a67d73de93','{}','2026-05-27 22:34:50','2026-05-27 22:34:50',1,NULL,NULL,NULL,NULL,'659a72a6-284a-4b1b-b460-018096237cb9'),('530c782c-b694-4522-83ea-2814c458864b','6bc40a80-af77-4da5-b009-098e08d37281','Present',NULL,'c0c25a9a-ed55-4df8-97e6-28da877f7770','{}','2026-05-27 22:34:50','2026-05-27 22:34:50',1,NULL,NULL,NULL,NULL,'659a72a6-284a-4b1b-b460-018096237cb9'),('80e76bd8-aa84-4a8f-ba69-e77807d507e9','ac753b58-b0cf-49a4-bb08-399faee3076d','Present',NULL,'c143a0ca-089e-4453-8037-f586ab0880a4','{}','2026-05-27 22:34:50','2026-05-27 22:34:50',1,NULL,NULL,NULL,NULL,'659a72a6-284a-4b1b-b460-018096237cb9'),('976b573c-96a2-4c1f-b5c7-0e197cecfba9','dcd9ac28-b22f-41ce-90e8-46b4dfae4799','Present',NULL,'c2b7fdd0-6387-4356-8830-ec6876a23a10','{}','2026-05-27 22:34:50','2026-05-27 22:34:50',1,NULL,NULL,NULL,NULL,'659a72a6-284a-4b1b-b460-018096237cb9'),('4205f322-de91-425b-be4e-49e996d70e08','a8cc521b-8de9-42c5-8500-6c7c0638d050','Present',NULL,'c32d01fe-8b33-4674-b5f5-b728a199680d','{}','2026-05-27 22:34:50','2026-05-27 22:34:50',1,NULL,NULL,NULL,NULL,'659a72a6-284a-4b1b-b460-018096237cb9'),('34688610-371e-4392-a2c9-b4ba7dc21380','6bc40a80-af77-4da5-b009-098e08d37281','Present',NULL,'c355e330-cb1b-468a-b048-a6a09a74446b','{}','2026-05-27 22:34:50','2026-05-27 22:34:50',1,NULL,NULL,NULL,NULL,'659a72a6-284a-4b1b-b460-018096237cb9'),('9c814653-b80a-4d21-875f-c9cd2bb32768','e77aeb23-e06c-4060-940b-e98c6076ae15','Present',NULL,'c4334fb7-a732-44ed-bd53-83cac875c095','{}','2026-05-27 22:34:50','2026-05-27 22:34:50',1,NULL,NULL,NULL,NULL,'659a72a6-284a-4b1b-b460-018096237cb9'),('f5846463-f4ac-4fcc-88a5-1175fe460bd3','8439d760-20b7-4d8f-a0c9-40e1b2dfba6a','Absent',NULL,'c4be6fd0-680e-490d-b976-fd98e527b4c4','{}','2026-05-27 22:34:50','2026-05-27 22:34:50',1,NULL,NULL,NULL,NULL,'659a72a6-284a-4b1b-b460-018096237cb9'),('b9d18ccf-43e5-4c51-ad7c-027246e66d55','dcd9ac28-b22f-41ce-90e8-46b4dfae4799','Absent',NULL,'c63d1a6c-fd99-44ec-aa4c-45a60a306fd0','{}','2026-05-27 22:34:50','2026-05-27 22:34:50',1,NULL,NULL,NULL,NULL,'659a72a6-284a-4b1b-b460-018096237cb9'),('99da4c20-d042-4c93-9378-997540423871','0e9e1858-b649-4961-8e79-561f6e058836','Present',NULL,'c674f8fd-c75f-4e63-845b-9e975b5eb841','{}','2026-05-27 22:34:50','2026-05-27 22:34:50',1,NULL,NULL,NULL,NULL,'659a72a6-284a-4b1b-b460-018096237cb9'),('68282cc4-ab3a-49d1-855d-7a4ae61ab702','980a5137-5d5f-48de-927d-f2d2db672c2f','Present',NULL,'c6fe5960-d5a8-4f6d-8f69-7d583c1091c3','{}','2026-05-27 22:34:50','2026-05-27 22:34:50',1,NULL,NULL,NULL,NULL,'659a72a6-284a-4b1b-b460-018096237cb9'),('6af7e2cc-6dec-486f-901a-6904dc262e58','e32641ce-926f-4338-ac29-3f2a89e94524','Present',NULL,'c748e3db-39eb-4bb2-8ad6-de530c4576d2','{}','2026-05-27 22:34:50','2026-05-27 22:34:50',1,NULL,NULL,NULL,NULL,'659a72a6-284a-4b1b-b460-018096237cb9'),('c686996a-6bdb-45a7-98ba-4019dbd86f12','96cc2aff-1541-447c-8d31-35c2f80d4428','Present',NULL,'c772e42a-446b-4ac2-8d56-7c2b2e1b11e8','{}','2026-05-27 22:34:50','2026-05-27 22:34:50',1,NULL,NULL,NULL,NULL,'659a72a6-284a-4b1b-b460-018096237cb9'),('432f6dcf-49bc-44e4-849a-c9ba32e0e211','ff8d12ed-6489-43dd-b2b1-88c02d42f826','Present',NULL,'c7795af1-49e3-4037-b689-9b0e06e972b9','{}','2026-05-27 22:34:50','2026-05-27 22:34:50',1,NULL,NULL,NULL,NULL,'659a72a6-284a-4b1b-b460-018096237cb9'),('80e76bd8-aa84-4a8f-ba69-e77807d507e9','96cc2aff-1541-447c-8d31-35c2f80d4428','Present',NULL,'c882c5ec-b8ff-481d-9478-72527e934561','{}','2026-05-27 22:34:50','2026-05-27 22:34:50',1,NULL,NULL,NULL,NULL,'659a72a6-284a-4b1b-b460-018096237cb9'),('133c4980-58b7-4051-9b5f-6c968e7b1e1e','0a3f6d58-7348-4c37-ab09-ebe0238a3b1f','Present',NULL,'c9401451-9419-4680-aecd-180949ce9be1','{}','2026-05-27 22:34:50','2026-05-27 22:34:50',1,NULL,NULL,NULL,NULL,'659a72a6-284a-4b1b-b460-018096237cb9'),('80cfd292-b17c-42c3-8191-4d72674466e7','a0a7ebf8-7824-4bf1-a8b3-401b0fcf1801','Present',NULL,'c95fda25-553f-4636-b4cf-3c478f5cb680','{}','2026-05-27 22:34:50','2026-05-27 22:34:50',1,NULL,NULL,NULL,NULL,'659a72a6-284a-4b1b-b460-018096237cb9'),('5f3c2f8c-bb69-48a9-85e8-77147fc1d7e3','dac10e09-9beb-4354-afaf-4f4bd6dc23a6','Present',NULL,'c97c2340-32cd-42f2-91a6-935d89503ece','{}','2026-05-27 22:34:50','2026-05-27 22:34:50',1,NULL,NULL,NULL,NULL,'659a72a6-284a-4b1b-b460-018096237cb9'),('48058cf1-a88c-4785-927d-52c8dae943e7','e77aeb23-e06c-4060-940b-e98c6076ae15','Present',NULL,'ca24037e-02dd-4574-bdfd-663bc5c1b6fb','{}','2026-05-27 22:34:50','2026-05-27 22:34:50',1,NULL,NULL,NULL,NULL,'659a72a6-284a-4b1b-b460-018096237cb9'),('50e27ed3-7404-48b8-9740-1ed70bc89cf5','8439d760-20b7-4d8f-a0c9-40e1b2dfba6a','Present',NULL,'ca44b019-14dc-4325-a73f-d547dcdd4f58','{}','2026-05-27 22:34:50','2026-05-27 22:34:50',1,NULL,NULL,NULL,NULL,'659a72a6-284a-4b1b-b460-018096237cb9'),('6af7e2cc-6dec-486f-901a-6904dc262e58','8439d760-20b7-4d8f-a0c9-40e1b2dfba6a','Present',NULL,'ca7557d5-0ace-467a-8628-8c45e47adecc','{}','2026-05-27 22:34:50','2026-05-27 22:34:50',1,NULL,NULL,NULL,NULL,'659a72a6-284a-4b1b-b460-018096237cb9'),('bd378643-e675-4525-8ab5-d6e82a30df4d','ff8d12ed-6489-43dd-b2b1-88c02d42f826','Present',NULL,'caff7afa-2e09-46a7-8ce7-d879315e58c7','{}','2026-05-27 22:34:50','2026-05-27 22:34:50',1,NULL,NULL,NULL,NULL,'659a72a6-284a-4b1b-b460-018096237cb9'),('f5846463-f4ac-4fcc-88a5-1175fe460bd3','154dba0d-46f1-4ba7-a1a6-6f5bc2ed051c','Present',NULL,'cb46813d-ca54-4724-b68a-e1cda26a78e2','{}','2026-05-27 22:34:50','2026-05-27 22:34:50',1,NULL,NULL,NULL,NULL,'659a72a6-284a-4b1b-b460-018096237cb9'),('b3b54a97-b0d3-4223-acf7-434d0949f64e','dcd9ac28-b22f-41ce-90e8-46b4dfae4799','Present',NULL,'cbe28bc2-38cf-435c-8641-894df3729d8f','{}','2026-05-27 22:34:50','2026-05-27 22:34:50',1,NULL,NULL,NULL,NULL,'659a72a6-284a-4b1b-b460-018096237cb9'),('9c814653-b80a-4d21-875f-c9cd2bb32768','a81dcd18-15ed-467b-8583-60cbf3665752','Present',NULL,'cd6900cd-240a-4d64-a60a-d749919630f6','{}','2026-05-27 22:34:50','2026-05-27 22:34:50',1,NULL,NULL,NULL,NULL,'659a72a6-284a-4b1b-b460-018096237cb9'),('92bcd926-714f-432d-be3f-86c1ff75cbfb','fea91fe4-40b6-422d-b549-b4089cc7223d','Present',NULL,'cd730317-97bd-4c0c-8f97-36ff6f65813f','{}','2026-05-27 22:34:50','2026-05-27 22:34:50',1,NULL,NULL,NULL,NULL,'659a72a6-284a-4b1b-b460-018096237cb9'),('f6c02c42-b7ae-4ef0-9b41-11f6f53d4db4','4a81aff3-2e60-460f-98e1-fd7afc013c21','Present',NULL,'cdab44a5-190c-4333-a64b-35e9eda52c48','{}','2026-05-27 22:34:50','2026-05-27 22:34:50',1,NULL,NULL,NULL,NULL,'659a72a6-284a-4b1b-b460-018096237cb9'),('3b0f36ec-65ed-4a07-8cdb-cdf662608cae','dcd9ac28-b22f-41ce-90e8-46b4dfae4799','Present',NULL,'cdaf89e8-c268-4d48-ba95-d5e713c4ceff','{}','2026-05-27 22:34:50','2026-05-27 22:34:50',1,NULL,NULL,NULL,NULL,'659a72a6-284a-4b1b-b460-018096237cb9'),('8a7ef304-cb51-4c0a-82e5-3f3660fc8736','20ae1e67-5fb3-48ac-89f7-f47dda7407c1','Present',NULL,'cde4f53b-53cb-4ae3-b4bd-dbfab40b1c2a','{}','2026-05-27 22:34:50','2026-05-27 22:34:50',1,NULL,NULL,NULL,NULL,'659a72a6-284a-4b1b-b460-018096237cb9'),('41a5c8f9-8c8c-4c61-aff8-71c4e74f0be1','718e064c-26d8-4d8e-8bbb-fcebd31f70b1','Present',NULL,'cf84c313-f977-4164-b851-519630111ca4','{}','2026-05-27 22:34:50','2026-05-27 22:34:50',1,NULL,NULL,NULL,NULL,'659a72a6-284a-4b1b-b460-018096237cb9'),('68282cc4-ab3a-49d1-855d-7a4ae61ab702','b656d8da-0176-43e6-b53d-0cb4c7bab509','Present',NULL,'cf95bc7f-ccb3-445f-98fe-d414a3ea20d5','{}','2026-05-27 22:34:50','2026-05-27 22:34:50',1,NULL,NULL,NULL,NULL,'659a72a6-284a-4b1b-b460-018096237cb9'),('b18b714a-637e-4d0e-a7a0-c9d746f0903c','e32641ce-926f-4338-ac29-3f2a89e94524','Present',NULL,'cfec1237-8257-477a-8fef-7e4f2f0263de','{}','2026-05-27 22:34:50','2026-05-27 22:34:50',1,NULL,NULL,NULL,NULL,'659a72a6-284a-4b1b-b460-018096237cb9'),('34ed69ef-2de6-4144-ab15-aa255b5b10c8','718e064c-26d8-4d8e-8bbb-fcebd31f70b1','Present',NULL,'d0da8f13-972c-4b2c-af3f-ebab9faff159','{}','2026-05-27 22:34:50','2026-05-27 22:34:50',1,NULL,NULL,NULL,NULL,'659a72a6-284a-4b1b-b460-018096237cb9'),('41a5c8f9-8c8c-4c61-aff8-71c4e74f0be1','4297c48a-a425-4828-961d-1e09369bda04','Present',NULL,'d1361fbc-889a-4c50-8c59-ad70ad771cb4','{}','2026-05-27 22:34:50','2026-05-27 22:34:50',1,NULL,NULL,NULL,NULL,'659a72a6-284a-4b1b-b460-018096237cb9'),('727a2a1e-4872-479d-a12d-1ac2586db27a','dcd9ac28-b22f-41ce-90e8-46b4dfae4799','Present',NULL,'d18317f2-82e5-4381-a978-e87a9e9a89e4','{}','2026-05-27 22:34:50','2026-05-27 22:34:50',1,NULL,NULL,NULL,NULL,'659a72a6-284a-4b1b-b460-018096237cb9'),('1ce3b51f-12e4-4a2f-9c2a-98407e506163','ac753b58-b0cf-49a4-bb08-399faee3076d','Present',NULL,'d1fd917a-3fde-422c-98b5-06ac14849ff4','{}','2026-05-27 22:34:50','2026-05-27 22:34:50',1,NULL,NULL,NULL,NULL,'659a72a6-284a-4b1b-b460-018096237cb9'),('bed71593-5a68-4c0a-9f10-ae21bcf3a392','fea91fe4-40b6-422d-b549-b4089cc7223d','Present',NULL,'d22e5888-bf78-412c-b1fc-2ce812a3c703','{}','2026-05-27 22:34:50','2026-05-27 22:34:50',1,NULL,NULL,NULL,NULL,'659a72a6-284a-4b1b-b460-018096237cb9'),('34ed69ef-2de6-4144-ab15-aa255b5b10c8','e81f6d5a-d28d-4aea-9771-ca26ef984530','Present',NULL,'d26d17e8-ab2f-4e92-ae6c-955320972379','{}','2026-05-27 22:34:50','2026-05-27 22:34:50',1,NULL,NULL,NULL,NULL,'659a72a6-284a-4b1b-b460-018096237cb9'),('8a7ef304-cb51-4c0a-82e5-3f3660fc8736','8439d760-20b7-4d8f-a0c9-40e1b2dfba6a','Present',NULL,'d2f332ba-9e4c-4200-b77a-133ed01a2a66','{}','2026-05-27 22:34:50','2026-05-27 22:34:50',1,NULL,NULL,NULL,NULL,'659a72a6-284a-4b1b-b460-018096237cb9'),('6bef5d95-0834-4c9b-9fd8-94ceac62b09f','0a3f6d58-7348-4c37-ab09-ebe0238a3b1f','Present',NULL,'d32a2254-7f11-4a6b-9c6b-276917aeccc9','{}','2026-05-27 22:34:50','2026-05-27 22:34:50',1,NULL,NULL,NULL,NULL,'659a72a6-284a-4b1b-b460-018096237cb9'),('99da4c20-d042-4c93-9378-997540423871','467b52aa-b799-43d5-b6cc-ca9f96b7a907','Present',NULL,'d3476682-80fe-42cf-86cf-3fe1259f7b72','{}','2026-05-27 22:34:50','2026-05-27 22:34:50',1,NULL,NULL,NULL,NULL,'659a72a6-284a-4b1b-b460-018096237cb9'),('dff06825-5384-44fb-999d-65e5597b3d38','dcd9ac28-b22f-41ce-90e8-46b4dfae4799','Present',NULL,'d34efdd0-8673-4e86-be87-f8771f9542f7','{}','2026-05-27 22:34:50','2026-05-27 22:34:50',1,NULL,NULL,NULL,NULL,'659a72a6-284a-4b1b-b460-018096237cb9'),('bed71593-5a68-4c0a-9f10-ae21bcf3a392','980a5137-5d5f-48de-927d-f2d2db672c2f','Present',NULL,'d39ce464-ea03-4fe2-b627-e26069c22473','{}','2026-05-27 22:34:50','2026-05-27 22:34:50',1,NULL,NULL,NULL,NULL,'659a72a6-284a-4b1b-b460-018096237cb9'),('c48a9cf6-fcba-4595-aeb2-d4b9f64cf0d6','154dba0d-46f1-4ba7-a1a6-6f5bc2ed051c','Present',NULL,'d39edf0a-0962-4754-9960-b9f8132644e4','{}','2026-05-27 22:34:50','2026-05-27 22:34:50',1,NULL,NULL,NULL,NULL,'659a72a6-284a-4b1b-b460-018096237cb9'),('ccb8d6ad-7610-4cf8-b651-d1208fb140cc','ff8d12ed-6489-43dd-b2b1-88c02d42f826','Absent',NULL,'d3e8b169-fb1e-4cbf-a458-d841850b54c6','{}','2026-05-27 22:34:50','2026-05-27 22:34:50',1,NULL,NULL,NULL,NULL,'659a72a6-284a-4b1b-b460-018096237cb9'),('30053e19-84f0-4620-aeb3-bcc3c9883859','154dba0d-46f1-4ba7-a1a6-6f5bc2ed051c','Present',NULL,'d3fe158e-2bc4-4f1c-8489-13f61cb0b5cd','{}','2026-05-27 22:34:50','2026-05-27 22:34:50',1,NULL,NULL,NULL,NULL,'659a72a6-284a-4b1b-b460-018096237cb9'),('b1350074-5951-4ea7-a248-6e68eafaebdb','9398407c-f2ab-4629-b6a0-9b843f8761fb','Present',NULL,'d4c26752-6e5d-462c-903f-2b64ef2e11da','{}','2026-05-27 22:34:50','2026-05-27 22:34:50',1,NULL,NULL,NULL,NULL,'659a72a6-284a-4b1b-b460-018096237cb9'),('6ad83e08-cd39-4981-97ba-c8666687c54a','96cc2aff-1541-447c-8d31-35c2f80d4428','Present',NULL,'d4cbccfb-f9a5-489f-b2a3-df9c042ab75c','{}','2026-05-27 22:34:50','2026-05-27 22:34:50',1,NULL,NULL,NULL,NULL,'659a72a6-284a-4b1b-b460-018096237cb9'),('d2f092ea-daaa-416f-9ed9-2e052cbe6e8c','d1ca8baf-ef87-4b9a-84fc-694cde5ad95f','Present',NULL,'d5aa0e13-7a7b-4ecf-92c5-56169d38b327','{}','2026-05-27 22:34:50','2026-05-27 22:34:50',1,NULL,NULL,NULL,NULL,'659a72a6-284a-4b1b-b460-018096237cb9'),('3b0f36ec-65ed-4a07-8cdb-cdf662608cae','e77aeb23-e06c-4060-940b-e98c6076ae15','Present',NULL,'d5d5b979-fff8-45c2-8da4-570c39cd0f28','{}','2026-05-27 22:34:50','2026-05-27 22:34:50',1,NULL,NULL,NULL,NULL,'659a72a6-284a-4b1b-b460-018096237cb9'),('9c814653-b80a-4d21-875f-c9cd2bb32768','dcd9ac28-b22f-41ce-90e8-46b4dfae4799','Absent',NULL,'d5f7c18d-55d5-4342-8e24-2f096ac34c1c','{}','2026-05-27 22:34:50','2026-05-27 22:34:50',1,NULL,NULL,NULL,NULL,'659a72a6-284a-4b1b-b460-018096237cb9'),('edf0c198-4034-4c13-b203-42b7c009d2b5','e81f6d5a-d28d-4aea-9771-ca26ef984530','Present',NULL,'d65e946f-c49e-493a-b9fa-3fae1c5fa1c7','{}','2026-05-27 22:34:50','2026-05-27 22:34:50',1,NULL,NULL,NULL,NULL,'659a72a6-284a-4b1b-b460-018096237cb9'),('621529b4-0bfe-4116-8f37-523b36025ae0','c590e7e3-c666-4da3-8a68-91f07dbbbadf','Present',NULL,'d7102a1e-ebb8-41b6-a8b0-0fcdbb67d088','{}','2026-05-27 22:34:50','2026-05-27 22:34:50',1,NULL,NULL,NULL,NULL,'659a72a6-284a-4b1b-b460-018096237cb9'),('8b970940-5480-4d5a-8dce-3135149be747','718e064c-26d8-4d8e-8bbb-fcebd31f70b1','Present',NULL,'d84b0916-cdf8-48e3-b62b-e31754581098','{}','2026-05-27 22:34:50','2026-05-27 22:34:50',1,NULL,NULL,NULL,NULL,'659a72a6-284a-4b1b-b460-018096237cb9'),('d7217aa2-38b5-4d78-8ac0-cda58c9b0e40','fea91fe4-40b6-422d-b549-b4089cc7223d','Present',NULL,'d8f3c5e9-b718-4da4-9199-0580bc22076d','{}','2026-05-27 22:34:50','2026-05-27 22:34:50',1,NULL,NULL,NULL,NULL,'659a72a6-284a-4b1b-b460-018096237cb9'),('d9d5f52d-f132-4a27-bae3-d2339cd48b04','d1ca8baf-ef87-4b9a-84fc-694cde5ad95f','Absent',NULL,'d977fe6e-c407-43e6-8647-2f678bf08483','{}','2026-05-27 22:34:50','2026-05-27 22:34:50',1,NULL,NULL,NULL,NULL,'659a72a6-284a-4b1b-b460-018096237cb9'),('41a5c8f9-8c8c-4c61-aff8-71c4e74f0be1','a81dcd18-15ed-467b-8583-60cbf3665752','Present',NULL,'d98b6878-dd7d-4abc-bb1e-e3b55e10e244','{}','2026-05-27 22:34:50','2026-05-27 22:34:50',1,NULL,NULL,NULL,NULL,'659a72a6-284a-4b1b-b460-018096237cb9'),('1837a3f4-dbc5-421c-9ace-58f8a6fffee9','e81f6d5a-d28d-4aea-9771-ca26ef984530','Present',NULL,'daea0a16-b9f8-4c16-8b05-fc6e607f74d0','{}','2026-05-27 22:34:50','2026-05-27 22:34:50',1,NULL,NULL,NULL,NULL,'659a72a6-284a-4b1b-b460-018096237cb9'),('5f3c2f8c-bb69-48a9-85e8-77147fc1d7e3','35fee766-a623-4c7f-acd1-aad490913162','Present',NULL,'dbcb2886-8477-41a5-b0ad-aafbb511ca84','{}','2026-05-27 22:34:50','2026-05-27 22:34:50',1,NULL,NULL,NULL,NULL,'659a72a6-284a-4b1b-b460-018096237cb9'),('6ad83e08-cd39-4981-97ba-c8666687c54a','d1ca8baf-ef87-4b9a-84fc-694cde5ad95f','Present',NULL,'dbd6fbe5-74b2-480c-8e4a-86fd4d77d4c6','{}','2026-05-27 22:34:50','2026-05-27 22:34:50',1,NULL,NULL,NULL,NULL,'659a72a6-284a-4b1b-b460-018096237cb9'),('34ed69ef-2de6-4144-ab15-aa255b5b10c8','e77aeb23-e06c-4060-940b-e98c6076ae15','Present',NULL,'dbdb2839-94b7-4eb1-b646-c1ef85bbbf2c','{}','2026-05-27 22:34:50','2026-05-27 22:34:50',1,NULL,NULL,NULL,NULL,'659a72a6-284a-4b1b-b460-018096237cb9'),('c686996a-6bdb-45a7-98ba-4019dbd86f12','b656d8da-0176-43e6-b53d-0cb4c7bab509','Present',NULL,'dc4247d8-8256-4fcd-a708-d7290df44fad','{}','2026-05-27 22:34:50','2026-05-27 22:34:50',1,NULL,NULL,NULL,NULL,'659a72a6-284a-4b1b-b460-018096237cb9'),('af900836-200c-41a1-9978-6ce34a26d603','20ae1e67-5fb3-48ac-89f7-f47dda7407c1','Present',NULL,'dd3aa19a-efa6-4472-9398-ca0ac176d377','{}','2026-05-27 22:34:50','2026-05-27 22:34:50',1,NULL,NULL,NULL,NULL,'659a72a6-284a-4b1b-b460-018096237cb9'),('bed71593-5a68-4c0a-9f10-ae21bcf3a392','ac753b58-b0cf-49a4-bb08-399faee3076d','Present',NULL,'dd716644-5a6e-43a4-8900-0e3fd0147212','{}','2026-05-27 22:34:50','2026-05-27 22:34:50',1,NULL,NULL,NULL,NULL,'659a72a6-284a-4b1b-b460-018096237cb9'),('f6c02c42-b7ae-4ef0-9b41-11f6f53d4db4','4297c48a-a425-4828-961d-1e09369bda04','Present',NULL,'ddb20e89-3bec-465f-8e2e-7446f5ea1ef1','{}','2026-05-27 22:34:50','2026-05-27 22:34:50',1,NULL,NULL,NULL,NULL,'659a72a6-284a-4b1b-b460-018096237cb9'),('af900836-200c-41a1-9978-6ce34a26d603','35fee766-a623-4c7f-acd1-aad490913162','Present',NULL,'de902563-3656-4091-a9d3-f24ab4db2dbc','{}','2026-05-27 22:34:50','2026-05-27 22:34:50',1,NULL,NULL,NULL,NULL,'659a72a6-284a-4b1b-b460-018096237cb9'),('530c782c-b694-4522-83ea-2814c458864b','1db8fd34-b725-4da4-8665-a5534238f137','Present',NULL,'dec9440b-4b37-4807-9c84-5a8ddca8c5c5','{}','2026-05-27 22:34:50','2026-05-27 22:34:50',1,NULL,NULL,NULL,NULL,'659a72a6-284a-4b1b-b460-018096237cb9'),('a1f4ae84-4480-40e9-a366-7c966d0d53c5','35fee766-a623-4c7f-acd1-aad490913162','Present',NULL,'df1255c5-ff1c-4b1d-b195-9262d9920f18','{}','2026-05-27 22:34:50','2026-05-27 22:34:50',1,NULL,NULL,NULL,NULL,'659a72a6-284a-4b1b-b460-018096237cb9'),('bf191d38-a6ce-4e36-aba7-0a460945e45a','cff46e7b-0ff3-4ed5-84d8-f64ec9ce9811','Absent',NULL,'df14d596-87fb-4bb3-aa97-cc9427c6157a','{}','2026-05-27 22:34:50','2026-05-27 22:34:50',1,NULL,NULL,NULL,NULL,'659a72a6-284a-4b1b-b460-018096237cb9'),('edf0c198-4034-4c13-b203-42b7c009d2b5','a81dcd18-15ed-467b-8583-60cbf3665752','Absent',NULL,'df2425f7-f660-4a1f-8edd-5ed27c2e9566','{}','2026-05-27 22:34:50','2026-05-27 22:34:50',1,NULL,NULL,NULL,NULL,'659a72a6-284a-4b1b-b460-018096237cb9'),('34ed69ef-2de6-4144-ab15-aa255b5b10c8','42e817b5-8abc-43aa-8a80-3e98221c4ab6','Present',NULL,'df4719ce-f7f7-4a94-8ce9-a81a845bbf00','{}','2026-05-27 22:34:50','2026-05-27 22:34:50',1,NULL,NULL,NULL,NULL,'659a72a6-284a-4b1b-b460-018096237cb9'),('d9d5f52d-f132-4a27-bae3-d2339cd48b04','21a9a63c-efc4-4459-b072-61b898412a5a','Absent',NULL,'df809b04-0667-4c52-98dc-ab0b1a6afa2d','{}','2026-05-27 22:34:50','2026-05-27 22:34:50',1,NULL,NULL,NULL,NULL,'659a72a6-284a-4b1b-b460-018096237cb9'),('ce69c72a-7cc1-44eb-bbff-8295a6884ff8','e77aeb23-e06c-4060-940b-e98c6076ae15','Present',NULL,'dfb48ada-38e5-489b-9a50-93e9053966c4','{}','2026-05-27 22:34:50','2026-05-27 22:34:50',1,NULL,NULL,NULL,NULL,'659a72a6-284a-4b1b-b460-018096237cb9'),('a1f4ae84-4480-40e9-a366-7c966d0d53c5','0a3f6d58-7348-4c37-ab09-ebe0238a3b1f','Present',NULL,'dfb79deb-eb70-49b9-b020-dac68e7c2b94','{}','2026-05-27 22:34:50','2026-05-27 22:34:50',1,NULL,NULL,NULL,NULL,'659a72a6-284a-4b1b-b460-018096237cb9'),('e645fec6-5af5-4ffc-b417-25956ba230b4','ff8d12ed-6489-43dd-b2b1-88c02d42f826','Present',NULL,'dfdd4b42-efd5-4ea9-a82f-40387944abd0','{}','2026-05-27 22:34:50','2026-05-27 22:34:50',1,NULL,NULL,NULL,NULL,'659a72a6-284a-4b1b-b460-018096237cb9'),('71711433-2f69-48e3-8979-d0ac34d70935','e77aeb23-e06c-4060-940b-e98c6076ae15','Present',NULL,'dfe3da61-8f0c-4cbf-b3c3-bb5e0a592eb3','{}','2026-05-27 22:34:50','2026-05-27 22:34:50',1,NULL,NULL,NULL,NULL,'659a72a6-284a-4b1b-b460-018096237cb9'),('b9d18ccf-43e5-4c51-ad7c-027246e66d55','e77aeb23-e06c-4060-940b-e98c6076ae15','Present',NULL,'e00342af-f6fc-426a-ba50-981734ee6ab9','{}','2026-05-27 22:34:50','2026-05-27 22:34:50',1,NULL,NULL,NULL,NULL,'659a72a6-284a-4b1b-b460-018096237cb9'),('c686996a-6bdb-45a7-98ba-4019dbd86f12','ac753b58-b0cf-49a4-bb08-399faee3076d','Present',NULL,'e04d0765-1a20-488a-8073-ec0e244580bd','{}','2026-05-27 22:34:50','2026-05-27 22:34:50',1,NULL,NULL,NULL,NULL,'659a72a6-284a-4b1b-b460-018096237cb9'),('2b580851-cdd7-44f9-878c-b997440c4639','467b52aa-b799-43d5-b6cc-ca9f96b7a907','Present',NULL,'e06a992f-fddc-4f75-b937-d42f4d271087','{}','2026-05-27 22:34:50','2026-05-27 22:34:50',1,NULL,NULL,NULL,NULL,'659a72a6-284a-4b1b-b460-018096237cb9'),('8a9aaf32-b754-40d3-96b8-5826afecd008','a81dcd18-15ed-467b-8583-60cbf3665752','Present',NULL,'e07141d0-42c7-40a1-9fb1-72d4cab5a03a','{}','2026-05-27 22:34:50','2026-05-27 22:34:50',1,NULL,NULL,NULL,NULL,'659a72a6-284a-4b1b-b460-018096237cb9'),('ce69c72a-7cc1-44eb-bbff-8295a6884ff8','4297c48a-a425-4828-961d-1e09369bda04','Present',NULL,'e08d58ab-03bb-471e-a6d4-ceeb3ebe8f77','{}','2026-05-27 22:34:50','2026-05-27 22:34:50',1,NULL,NULL,NULL,NULL,'659a72a6-284a-4b1b-b460-018096237cb9'),('6e3a3ca7-5bed-4e0c-a543-24d6afd592ed','467b52aa-b799-43d5-b6cc-ca9f96b7a907','Present',NULL,'e1ca34e7-0806-49af-b213-b0a64230262f','{}','2026-05-27 22:34:50','2026-05-27 22:34:50',1,NULL,NULL,NULL,NULL,'659a72a6-284a-4b1b-b460-018096237cb9'),('68282cc4-ab3a-49d1-855d-7a4ae61ab702','96cc2aff-1541-447c-8d31-35c2f80d4428','Present',NULL,'e205c5aa-9d11-44d4-baf1-88b35cbbd738','{}','2026-05-27 22:34:50','2026-05-27 22:34:50',1,NULL,NULL,NULL,NULL,'659a72a6-284a-4b1b-b460-018096237cb9'),('1837a3f4-dbc5-421c-9ace-58f8a6fffee9','dcd9ac28-b22f-41ce-90e8-46b4dfae4799','Present',NULL,'e211c7e3-6c93-4435-91c5-6480a8c6ef14','{}','2026-05-27 22:34:50','2026-05-27 22:34:50',1,NULL,NULL,NULL,NULL,'659a72a6-284a-4b1b-b460-018096237cb9'),('d22cc835-2f2b-40a9-a5d7-af6787944461','42e817b5-8abc-43aa-8a80-3e98221c4ab6','Present',NULL,'e3276502-3ac7-4ffc-92ab-0b5dd2ee6428','{}','2026-05-27 22:34:50','2026-05-27 22:34:50',1,NULL,NULL,NULL,NULL,'659a72a6-284a-4b1b-b460-018096237cb9'),('1ce3b51f-12e4-4a2f-9c2a-98407e506163','980a5137-5d5f-48de-927d-f2d2db672c2f','Present',NULL,'e335e914-39a3-4a65-b83f-348b84adc041','{}','2026-05-27 22:34:50','2026-05-27 22:34:50',1,NULL,NULL,NULL,NULL,'659a72a6-284a-4b1b-b460-018096237cb9'),('51ee81c1-5f8b-4163-8963-cf0ab8d161b0','718e064c-26d8-4d8e-8bbb-fcebd31f70b1','Present',NULL,'e34c5a1f-99d3-48c2-bb19-1c44b22cfe7e','{}','2026-05-27 22:34:50','2026-05-27 22:34:50',1,NULL,NULL,NULL,NULL,'659a72a6-284a-4b1b-b460-018096237cb9'),('bed71593-5a68-4c0a-9f10-ae21bcf3a392','96cc2aff-1541-447c-8d31-35c2f80d4428','Present',NULL,'e38c1f13-d9a4-4337-b221-6c97ac468c62','{}','2026-05-27 22:34:50','2026-05-27 22:34:50',1,NULL,NULL,NULL,NULL,'659a72a6-284a-4b1b-b460-018096237cb9'),('97c19c8c-475b-484e-8105-38f748b7e8eb','20ae1e67-5fb3-48ac-89f7-f47dda7407c1','Present',NULL,'e3f3c155-89a9-44aa-87d3-bc9099ca3878','{}','2026-05-27 22:34:50','2026-05-27 22:34:50',1,NULL,NULL,NULL,NULL,'659a72a6-284a-4b1b-b460-018096237cb9'),('bf191d38-a6ce-4e36-aba7-0a460945e45a','c590e7e3-c666-4da3-8a68-91f07dbbbadf','Present',NULL,'e463921a-406f-41d4-9db0-e8d91630d314','{}','2026-05-27 22:34:50','2026-05-27 22:34:50',1,NULL,NULL,NULL,NULL,'659a72a6-284a-4b1b-b460-018096237cb9'),('f5846463-f4ac-4fcc-88a5-1175fe460bd3','dac10e09-9beb-4354-afaf-4f4bd6dc23a6','Present',NULL,'e468bc8e-478c-4d96-a9b9-a53a55e7dd2c','{}','2026-05-27 22:34:50','2026-05-27 22:34:50',1,NULL,NULL,NULL,NULL,'659a72a6-284a-4b1b-b460-018096237cb9'),('34688610-371e-4392-a2c9-b4ba7dc21380','c590e7e3-c666-4da3-8a68-91f07dbbbadf','Present',NULL,'e4c86edc-9668-44f8-9691-e39dd1445e3e','{}','2026-05-27 22:34:50','2026-05-27 22:34:50',1,NULL,NULL,NULL,NULL,'659a72a6-284a-4b1b-b460-018096237cb9'),('e1b06ea1-f676-49ae-a495-12f0436f4452','21a9a63c-efc4-4459-b072-61b898412a5a','Present',NULL,'e51e10b0-8605-47d4-b529-4e3ac9a42623','{}','2026-05-27 22:34:50','2026-05-27 22:34:50',1,NULL,NULL,NULL,NULL,'659a72a6-284a-4b1b-b460-018096237cb9'),('f642d557-0ac7-4271-b393-aaead8e34c5d','20ae1e67-5fb3-48ac-89f7-f47dda7407c1','Present',NULL,'e577d8d4-e099-4f6b-9dde-383ed2146c04','{}','2026-05-27 22:34:50','2026-05-27 22:34:50',1,NULL,NULL,NULL,NULL,'659a72a6-284a-4b1b-b460-018096237cb9'),('3b0f36ec-65ed-4a07-8cdb-cdf662608cae','e81f6d5a-d28d-4aea-9771-ca26ef984530','Present',NULL,'e592339e-7e70-4147-8108-6ab2d08941d5','{}','2026-05-27 22:34:50','2026-05-27 22:34:50',1,NULL,NULL,NULL,NULL,'659a72a6-284a-4b1b-b460-018096237cb9'),('50e27ed3-7404-48b8-9740-1ed70bc89cf5','e32641ce-926f-4338-ac29-3f2a89e94524','Present',NULL,'e5973b94-b91b-483a-ad27-73e60d6753c2','{}','2026-05-27 22:34:50','2026-05-27 22:34:50',1,NULL,NULL,NULL,NULL,'659a72a6-284a-4b1b-b460-018096237cb9'),('295a8b4e-2db4-4481-9357-068abf641ce4','d1ca8baf-ef87-4b9a-84fc-694cde5ad95f','Present',NULL,'e5f86d8a-5707-49c7-838c-fdfe18481736','{}','2026-05-27 22:34:50','2026-05-27 22:34:50',1,NULL,NULL,NULL,NULL,'659a72a6-284a-4b1b-b460-018096237cb9'),('ccb8d6ad-7610-4cf8-b651-d1208fb140cc','154dba0d-46f1-4ba7-a1a6-6f5bc2ed051c','Absent',NULL,'e6a175b2-2a62-4231-8e31-6605a965e123','{}','2026-05-27 22:34:50','2026-05-27 22:34:50',1,NULL,NULL,NULL,NULL,'659a72a6-284a-4b1b-b460-018096237cb9'),('e1b06ea1-f676-49ae-a495-12f0436f4452','ac753b58-b0cf-49a4-bb08-399faee3076d','Present',NULL,'e6e9f80c-d502-4be3-9c18-61ede695a18e','{}','2026-05-27 22:34:50','2026-05-27 22:34:50',1,NULL,NULL,NULL,NULL,'659a72a6-284a-4b1b-b460-018096237cb9'),('bed71593-5a68-4c0a-9f10-ae21bcf3a392','b656d8da-0176-43e6-b53d-0cb4c7bab509','Present',NULL,'e6ef90ad-edd4-4459-9511-377881b44138','{}','2026-05-27 22:34:50','2026-05-27 22:34:50',1,NULL,NULL,NULL,NULL,'659a72a6-284a-4b1b-b460-018096237cb9'),('ce69c72a-7cc1-44eb-bbff-8295a6884ff8','718e064c-26d8-4d8e-8bbb-fcebd31f70b1','Present',NULL,'e735d473-44aa-4948-a1c5-dc38763e442a','{}','2026-05-27 22:34:50','2026-05-27 22:34:50',1,NULL,NULL,NULL,NULL,'659a72a6-284a-4b1b-b460-018096237cb9'),('1837a3f4-dbc5-421c-9ace-58f8a6fffee9','42e817b5-8abc-43aa-8a80-3e98221c4ab6','Present',NULL,'e749d98a-41c3-47cb-b066-6ebe87e5cac8','{}','2026-05-27 22:34:50','2026-05-27 22:34:50',1,NULL,NULL,NULL,NULL,'659a72a6-284a-4b1b-b460-018096237cb9'),('41a5c8f9-8c8c-4c61-aff8-71c4e74f0be1','dcd9ac28-b22f-41ce-90e8-46b4dfae4799','Present',NULL,'e79f6f75-86ff-4f52-973b-078375530ee8','{}','2026-05-27 22:34:50','2026-05-27 22:34:50',1,NULL,NULL,NULL,NULL,'659a72a6-284a-4b1b-b460-018096237cb9'),('c48a9cf6-fcba-4595-aeb2-d4b9f64cf0d6','dac10e09-9beb-4354-afaf-4f4bd6dc23a6','Present',NULL,'e7dda7aa-a6ef-4d8b-82bf-affc5af15b8a','{}','2026-05-27 22:34:50','2026-05-27 22:34:50',1,NULL,NULL,NULL,NULL,'659a72a6-284a-4b1b-b460-018096237cb9'),('90487e89-debb-4ede-844d-5bd2eecbb4af','6bc40a80-af77-4da5-b009-098e08d37281','Present',NULL,'e8816088-0f38-4520-8d64-4a2c61f8c3e5','{}','2026-05-27 22:34:50','2026-05-27 22:34:50',1,NULL,NULL,NULL,NULL,'659a72a6-284a-4b1b-b460-018096237cb9'),('bf191d38-a6ce-4e36-aba7-0a460945e45a','a8cc521b-8de9-42c5-8500-6c7c0638d050','Present',NULL,'e89b8ac0-67ef-4d03-b185-fb54d58da57c','{}','2026-05-27 22:34:50','2026-05-27 22:34:50',1,NULL,NULL,NULL,NULL,'659a72a6-284a-4b1b-b460-018096237cb9'),('f5846463-f4ac-4fcc-88a5-1175fe460bd3','35fee766-a623-4c7f-acd1-aad490913162','Present',NULL,'e9563c48-0286-4ec0-98bc-f1a6d2aa3ad8','{}','2026-05-27 22:34:50','2026-05-27 22:34:50',1,NULL,NULL,NULL,NULL,'659a72a6-284a-4b1b-b460-018096237cb9'),('bf191d38-a6ce-4e36-aba7-0a460945e45a','467b52aa-b799-43d5-b6cc-ca9f96b7a907','Present',NULL,'e9a610a3-d128-4d1b-9de1-61bb38ffda32','{}','2026-05-27 22:34:50','2026-05-27 22:34:50',1,NULL,NULL,NULL,NULL,'659a72a6-284a-4b1b-b460-018096237cb9'),('d9d5f52d-f132-4a27-bae3-d2339cd48b04','b656d8da-0176-43e6-b53d-0cb4c7bab509','Present',NULL,'e9b6305b-d55c-4ba8-8a93-1d8dc8eb612f','{}','2026-05-27 22:34:50','2026-05-27 22:34:50',1,NULL,NULL,NULL,NULL,'659a72a6-284a-4b1b-b460-018096237cb9'),('b1350074-5951-4ea7-a248-6e68eafaebdb','980a5137-5d5f-48de-927d-f2d2db672c2f','Present',NULL,'eb5ab821-683f-473e-91e5-4fe702ab5c4d','{}','2026-05-27 22:34:50','2026-05-27 22:34:50',1,NULL,NULL,NULL,NULL,'659a72a6-284a-4b1b-b460-018096237cb9'),('5754890c-7259-4052-af3c-a2ee82ddcde3','42e817b5-8abc-43aa-8a80-3e98221c4ab6','Present',NULL,'eb6961c6-e804-45fe-9832-924f4b36bb20','{}','2026-05-27 22:34:50','2026-05-27 22:34:50',1,NULL,NULL,NULL,NULL,'659a72a6-284a-4b1b-b460-018096237cb9'),('d22cc835-2f2b-40a9-a5d7-af6787944461','dcd9ac28-b22f-41ce-90e8-46b4dfae4799','Present',NULL,'ebe80063-60bc-466a-9283-8a5385ca4ab0','{}','2026-05-27 22:34:50','2026-05-27 22:34:50',1,NULL,NULL,NULL,NULL,'659a72a6-284a-4b1b-b460-018096237cb9'),('ccb8d6ad-7610-4cf8-b651-d1208fb140cc','e32641ce-926f-4338-ac29-3f2a89e94524','Present',NULL,'ebfedf42-9637-4263-9516-982579b5d2c2','{}','2026-05-27 22:34:50','2026-05-27 22:34:50',1,NULL,NULL,NULL,NULL,'659a72a6-284a-4b1b-b460-018096237cb9'),('d7217aa2-38b5-4d78-8ac0-cda58c9b0e40','980a5137-5d5f-48de-927d-f2d2db672c2f','Present',NULL,'ece2d9b6-bf46-41e4-9e1c-2fc84ba564f6','{}','2026-05-27 22:34:50','2026-05-27 22:34:50',1,NULL,NULL,NULL,NULL,'659a72a6-284a-4b1b-b460-018096237cb9'),('92bcd926-714f-432d-be3f-86c1ff75cbfb','b656d8da-0176-43e6-b53d-0cb4c7bab509','Present',NULL,'ee43b997-8319-4f75-be2a-2b61c5871e66','{}','2026-05-27 22:34:50','2026-05-27 22:34:50',1,NULL,NULL,NULL,NULL,'659a72a6-284a-4b1b-b460-018096237cb9'),('4205f322-de91-425b-be4e-49e996d70e08','6bc40a80-af77-4da5-b009-098e08d37281','Present',NULL,'ef6191e3-81bf-4d23-961c-9fbb83d680a8','{}','2026-05-27 22:34:50','2026-05-27 22:34:50',1,NULL,NULL,NULL,NULL,'659a72a6-284a-4b1b-b460-018096237cb9'),('b9d18ccf-43e5-4c51-ad7c-027246e66d55','42e817b5-8abc-43aa-8a80-3e98221c4ab6','Present',NULL,'ef7da49b-9427-4e77-858f-d101525abefb','{}','2026-05-27 22:34:50','2026-05-27 22:34:50',1,NULL,NULL,NULL,NULL,'659a72a6-284a-4b1b-b460-018096237cb9'),('af900836-200c-41a1-9978-6ce34a26d603','e32641ce-926f-4338-ac29-3f2a89e94524','Present',NULL,'efa3bc75-41c2-4299-9582-4676a7414e25','{}','2026-05-27 22:34:50','2026-05-27 22:34:50',1,NULL,NULL,NULL,NULL,'659a72a6-284a-4b1b-b460-018096237cb9'),('51ee81c1-5f8b-4163-8963-cf0ab8d161b0','4297c48a-a425-4828-961d-1e09369bda04','Present',NULL,'efe80d37-721d-47ee-b9bd-b7e1036a92f9','{}','2026-05-27 22:34:50','2026-05-27 22:34:50',1,NULL,NULL,NULL,NULL,'659a72a6-284a-4b1b-b460-018096237cb9'),('432f6dcf-49bc-44e4-849a-c9ba32e0e211','e32641ce-926f-4338-ac29-3f2a89e94524','Present',NULL,'f161decb-4d22-44c0-a4c8-6a11667f739a','{}','2026-05-27 22:34:50','2026-05-27 22:34:50',1,NULL,NULL,NULL,NULL,'659a72a6-284a-4b1b-b460-018096237cb9'),('bd378643-e675-4525-8ab5-d6e82a30df4d','20ae1e67-5fb3-48ac-89f7-f47dda7407c1','Present',NULL,'f1e2749c-9891-4c0f-94de-e16928a2ac15','{}','2026-05-27 22:34:50','2026-05-27 22:34:50',1,NULL,NULL,NULL,NULL,'659a72a6-284a-4b1b-b460-018096237cb9'),('976b573c-96a2-4c1f-b5c7-0e197cecfba9','e81f6d5a-d28d-4aea-9771-ca26ef984530','Present',NULL,'f2452db8-5898-425f-93e0-949597ab4a04','{}','2026-05-27 22:34:50','2026-05-27 22:34:50',1,NULL,NULL,NULL,NULL,'659a72a6-284a-4b1b-b460-018096237cb9'),('99da4c20-d042-4c93-9378-997540423871','6bc40a80-af77-4da5-b009-098e08d37281','Present',NULL,'f420a00a-dc1d-4b79-9962-bc1a0b83cf9f','{}','2026-05-27 22:34:50','2026-05-27 22:34:50',1,NULL,NULL,NULL,NULL,'659a72a6-284a-4b1b-b460-018096237cb9'),('1b9fe487-79ef-4012-8ec5-464c62c6660d','ff8d12ed-6489-43dd-b2b1-88c02d42f826','Present',NULL,'f4a7dee2-b8b6-47ca-8633-da834d62062e','{}','2026-05-27 22:34:50','2026-05-27 22:34:50',1,NULL,NULL,NULL,NULL,'659a72a6-284a-4b1b-b460-018096237cb9'),('976b573c-96a2-4c1f-b5c7-0e197cecfba9','e77aeb23-e06c-4060-940b-e98c6076ae15','Present',NULL,'f5efe514-5d3d-4ec9-b9da-2c28d2a4aef0','{}','2026-05-27 22:34:50','2026-05-27 22:34:50',1,NULL,NULL,NULL,NULL,'659a72a6-284a-4b1b-b460-018096237cb9'),('8b970940-5480-4d5a-8dce-3135149be747','e81f6d5a-d28d-4aea-9771-ca26ef984530','Present',NULL,'f649172c-ec99-48e3-89ab-96f4e5c9a839','{}','2026-05-27 22:34:50','2026-05-27 22:34:50',1,NULL,NULL,NULL,NULL,'659a72a6-284a-4b1b-b460-018096237cb9'),('b3b54a97-b0d3-4223-acf7-434d0949f64e','e81f6d5a-d28d-4aea-9771-ca26ef984530','Present',NULL,'f6e27128-b0f1-4125-a718-bc33b42dcf36','{}','2026-05-27 22:34:50','2026-05-27 22:34:50',1,NULL,NULL,NULL,NULL,'659a72a6-284a-4b1b-b460-018096237cb9'),('80cfd292-b17c-42c3-8191-4d72674466e7','1db8fd34-b725-4da4-8665-a5534238f137','Present',NULL,'f74d14aa-06f6-498b-9bed-fd358d9e8f77','{}','2026-05-27 22:34:50','2026-05-27 22:34:50',1,NULL,NULL,NULL,NULL,'659a72a6-284a-4b1b-b460-018096237cb9'),('f5846463-f4ac-4fcc-88a5-1175fe460bd3','ff8d12ed-6489-43dd-b2b1-88c02d42f826','Present',NULL,'f74efed9-4d9a-4940-8bdb-88de3387cdd7','{}','2026-05-27 22:34:50','2026-05-27 22:34:50',1,NULL,NULL,NULL,NULL,'659a72a6-284a-4b1b-b460-018096237cb9'),('133c4980-58b7-4051-9b5f-6c968e7b1e1e','20ae1e67-5fb3-48ac-89f7-f47dda7407c1','Present',NULL,'f7aa40af-575c-49bf-8f0e-d1d56f7cb859','{}','2026-05-27 22:34:50','2026-05-27 22:34:50',1,NULL,NULL,NULL,NULL,'659a72a6-284a-4b1b-b460-018096237cb9'),('96e50448-fad2-4cbc-b326-2e5aafb34896','6bc40a80-af77-4da5-b009-098e08d37281','Present',NULL,'f845b05a-f0ee-4122-af28-ec0436eed144','{}','2026-05-27 22:34:50','2026-05-27 22:34:50',1,NULL,NULL,NULL,NULL,'659a72a6-284a-4b1b-b460-018096237cb9'),('97c19c8c-475b-484e-8105-38f748b7e8eb','dac10e09-9beb-4354-afaf-4f4bd6dc23a6','Present',NULL,'f8d37ab0-5ec3-4b50-94e0-66d9d85603dc','{}','2026-05-27 22:34:50','2026-05-27 22:34:50',1,NULL,NULL,NULL,NULL,'659a72a6-284a-4b1b-b460-018096237cb9'),('41a8a99b-15dc-4fd1-b9ee-1d2ca278a42f','1db8fd34-b725-4da4-8665-a5534238f137','Present',NULL,'f961fbc4-55a9-4287-9345-ebfe565aeb87','{}','2026-05-27 22:34:50','2026-05-27 22:34:50',1,NULL,NULL,NULL,NULL,'659a72a6-284a-4b1b-b460-018096237cb9'),('d27af7e8-7e9e-4275-a3ab-2bc4616796e3','e32641ce-926f-4338-ac29-3f2a89e94524','Present',NULL,'f9a4f2cf-fd47-42dc-b962-57e92e04255b','{}','2026-05-27 22:34:50','2026-05-27 22:34:50',1,NULL,NULL,NULL,NULL,'659a72a6-284a-4b1b-b460-018096237cb9'),('48058cf1-a88c-4785-927d-52c8dae943e7','718e064c-26d8-4d8e-8bbb-fcebd31f70b1','Present',NULL,'f9b73dbc-9b72-4a38-b2d4-7f9f7dd0b052','{}','2026-05-27 22:34:50','2026-05-27 22:34:50',1,NULL,NULL,NULL,NULL,'659a72a6-284a-4b1b-b460-018096237cb9'),('6bef5d95-0834-4c9b-9fd8-94ceac62b09f','154dba0d-46f1-4ba7-a1a6-6f5bc2ed051c','Present',NULL,'f9e0918e-41a7-4a5b-9f3d-99efe83e0ccb','{}','2026-05-27 22:34:50','2026-05-27 22:34:50',1,NULL,NULL,NULL,NULL,'659a72a6-284a-4b1b-b460-018096237cb9'),('ce69c72a-7cc1-44eb-bbff-8295a6884ff8','e81f6d5a-d28d-4aea-9771-ca26ef984530','Present',NULL,'fa20f4e5-9b5f-44f3-aa58-c040bfa3c265','{}','2026-05-27 22:34:50','2026-05-27 22:34:50',1,NULL,NULL,NULL,NULL,'659a72a6-284a-4b1b-b460-018096237cb9'),('80cfd292-b17c-42c3-8191-4d72674466e7','c590e7e3-c666-4da3-8a68-91f07dbbbadf','Present',NULL,'fab40b84-d39e-47db-aec0-d01a6b752e48','{}','2026-05-27 22:34:50','2026-05-27 22:34:50',1,NULL,NULL,NULL,NULL,'659a72a6-284a-4b1b-b460-018096237cb9'),('34ed69ef-2de6-4144-ab15-aa255b5b10c8','a81dcd18-15ed-467b-8583-60cbf3665752','Present',NULL,'fb47d6eb-b87a-461a-82a4-13b656aa3d79','{}','2026-05-27 22:34:50','2026-05-27 22:34:50',1,NULL,NULL,NULL,NULL,'659a72a6-284a-4b1b-b460-018096237cb9'),('4205f322-de91-425b-be4e-49e996d70e08','467b52aa-b799-43d5-b6cc-ca9f96b7a907','Present',NULL,'fb7cf8f3-230f-481f-ab43-02bf0463fbff','{}','2026-05-27 22:34:50','2026-05-27 22:34:50',1,NULL,NULL,NULL,NULL,'659a72a6-284a-4b1b-b460-018096237cb9'),('ce69c72a-7cc1-44eb-bbff-8295a6884ff8','42e817b5-8abc-43aa-8a80-3e98221c4ab6','Present',NULL,'fbdce349-0a5f-4382-84eb-78dee913bb42','{}','2026-05-27 22:34:50','2026-05-27 22:34:50',1,NULL,NULL,NULL,NULL,'659a72a6-284a-4b1b-b460-018096237cb9'),('bf191d38-a6ce-4e36-aba7-0a460945e45a','1db8fd34-b725-4da4-8665-a5534238f137','Present',NULL,'fc4a5bf1-2557-458d-b9ce-770968000a45','{}','2026-05-27 22:34:50','2026-05-27 22:34:50',1,NULL,NULL,NULL,NULL,'659a72a6-284a-4b1b-b460-018096237cb9'),('51ee81c1-5f8b-4163-8963-cf0ab8d161b0','42e817b5-8abc-43aa-8a80-3e98221c4ab6','Present',NULL,'fc59eac0-5a73-42cf-b4ad-f27a952971a4','{}','2026-05-27 22:34:50','2026-05-27 22:34:50',1,NULL,NULL,NULL,NULL,'659a72a6-284a-4b1b-b460-018096237cb9'),('a6a39092-4cf7-4ebd-83f1-c67c89516b4d','4297c48a-a425-4828-961d-1e09369bda04','Present',NULL,'fc60522a-e814-40dd-b240-48d311731680','{}','2026-05-27 22:34:50','2026-05-27 22:34:50',1,NULL,NULL,NULL,NULL,'659a72a6-284a-4b1b-b460-018096237cb9'),('edf0c198-4034-4c13-b203-42b7c009d2b5','42e817b5-8abc-43aa-8a80-3e98221c4ab6','Present',NULL,'fd4f046d-0bb7-48b2-8325-8d37b79a75be','{}','2026-05-27 22:34:50','2026-05-27 22:34:50',1,NULL,NULL,NULL,NULL,'659a72a6-284a-4b1b-b460-018096237cb9'),('8a9aaf32-b754-40d3-96b8-5826afecd008','e81f6d5a-d28d-4aea-9771-ca26ef984530','Present',NULL,'fdf91536-2854-483e-a0bb-0c0917c818f8','{}','2026-05-27 22:34:50','2026-05-27 22:34:50',1,NULL,NULL,NULL,NULL,'659a72a6-284a-4b1b-b460-018096237cb9'),('6af7e2cc-6dec-486f-901a-6904dc262e58','35fee766-a623-4c7f-acd1-aad490913162','Present',NULL,'fe201ca4-1749-4c3b-814b-8b7027e707ed','{}','2026-05-27 22:34:50','2026-05-27 22:34:50',1,NULL,NULL,NULL,NULL,'659a72a6-284a-4b1b-b460-018096237cb9'),('e1b06ea1-f676-49ae-a495-12f0436f4452','d1ca8baf-ef87-4b9a-84fc-694cde5ad95f','Present',NULL,'fe931d30-dfb7-4d67-aeab-cdae388b884f','{}','2026-05-27 22:34:50','2026-05-27 22:34:50',1,NULL,NULL,NULL,NULL,'659a72a6-284a-4b1b-b460-018096237cb9'),('621529b4-0bfe-4116-8f37-523b36025ae0','cff46e7b-0ff3-4ed5-84d8-f64ec9ce9811','Absent',NULL,'feab04c6-0731-43af-8c7c-5a60f00bcc58','{}','2026-05-27 22:34:50','2026-05-27 22:34:50',1,NULL,NULL,NULL,NULL,'659a72a6-284a-4b1b-b460-018096237cb9'),('e645fec6-5af5-4ffc-b417-25956ba230b4','dac10e09-9beb-4354-afaf-4f4bd6dc23a6','Absent',NULL,'ffceedc0-f03c-4bfe-9451-fcfe021c94bf','{}','2026-05-27 22:34:50','2026-05-27 22:34:50',1,NULL,NULL,NULL,NULL,'659a72a6-284a-4b1b-b460-018096237cb9');
/*!40000 ALTER TABLE `attendance_records` ENABLE KEYS */;
UNLOCK TABLES;

--
-- Table structure for table `attendance_sessions`
--

DROP TABLE IF EXISTS `attendance_sessions`;
/*!40101 SET @saved_cs_client     = @@character_set_client */;
/*!50503 SET character_set_client = utf8mb4 */;
CREATE TABLE `attendance_sessions` (
  `academic_year_id` char(36) CHARACTER SET utf8mb4 COLLATE utf8mb4_unicode_ci NOT NULL,
  `class_section_id` char(36) CHARACTER SET utf8mb4 COLLATE utf8mb4_unicode_ci NOT NULL,
  `date` date NOT NULL,
  `submitted_by` char(36) CHARACTER SET utf8mb4 COLLATE utf8mb4_unicode_ci NOT NULL,
  `submitted_at` datetime NOT NULL,
  `status` varchar(20) CHARACTER SET utf8mb4 COLLATE utf8mb4_unicode_ci NOT NULL,
  `cancelled_at` datetime DEFAULT NULL,
  `cancelled_by` char(36) CHARACTER SET utf8mb4 COLLATE utf8mb4_unicode_ci DEFAULT NULL,
  `total_present` int DEFAULT NULL,
  `total_absent` int DEFAULT NULL,
  `total_late` int DEFAULT NULL,
  `id` char(36) CHARACTER SET utf8mb4 COLLATE utf8mb4_unicode_ci NOT NULL,
  `metadata` json NOT NULL,
  `created_at` datetime NOT NULL DEFAULT (now()),
  `updated_at` datetime NOT NULL DEFAULT (now()),
  `is_active` tinyint(1) NOT NULL,
  `deleted_at` datetime DEFAULT NULL,
  `deleted_by` char(36) CHARACTER SET utf8mb4 COLLATE utf8mb4_unicode_ci DEFAULT NULL,
  `created_by` char(36) CHARACTER SET utf8mb4 COLLATE utf8mb4_unicode_ci DEFAULT NULL,
  `updated_by` char(36) CHARACTER SET utf8mb4 COLLATE utf8mb4_unicode_ci DEFAULT NULL,
  `school_id` char(36) CHARACTER SET utf8mb4 COLLATE utf8mb4_unicode_ci NOT NULL,
  PRIMARY KEY (`id`),
  UNIQUE KEY `uq_attendance_sessions_school_class_date_year` (`school_id`,`class_section_id`,`date`,`academic_year_id`),
  KEY `fk_attendance_sessions_academic_year_id_academic_years` (`academic_year_id`),
  KEY `idx_attendance_sessions_date` (`school_id`,`date`),
  KEY `idx_attendance_sessions_class_date` (`class_section_id`,`date`),
  KEY `idx_attendance_sessions_submitted_by` (`submitted_by`,`date`),
  KEY `ix_attendance_sessions_school_id` (`school_id`),
  KEY `ix_attendance_sessions_is_active` (`is_active`),
  CONSTRAINT `fk_attendance_sessions_academic_year_id_academic_years` FOREIGN KEY (`academic_year_id`) REFERENCES `academic_years` (`id`),
  CONSTRAINT `fk_attendance_sessions_class_section_id_class_sections` FOREIGN KEY (`class_section_id`) REFERENCES `class_sections` (`id`),
  CONSTRAINT `fk_attendance_sessions_school_id_schools` FOREIGN KEY (`school_id`) REFERENCES `schools` (`id`),
  CONSTRAINT `fk_attendance_sessions_submitted_by_staff` FOREIGN KEY (`submitted_by`) REFERENCES `staff` (`id`)
) ENGINE=InnoDB DEFAULT CHARSET=utf8mb4 COLLATE=utf8mb4_unicode_ci;
/*!40101 SET character_set_client = @saved_cs_client */;

--
-- Dumping data for table `attendance_sessions`
--

LOCK TABLES `attendance_sessions` WRITE;
/*!40000 ALTER TABLE `attendance_sessions` DISABLE KEYS */;
INSERT INTO `attendance_sessions` VALUES ('491598d9-1ca9-4402-86f3-87b92cf96f11','ce8a260c-5b81-4f5e-9c6f-76b80e239974','2025-10-17','f55f47c2-6286-478e-b218-8f97ed41cd31','2025-10-17 09:00:00','Submitted',NULL,NULL,8,0,NULL,'133c4980-58b7-4051-9b5f-6c968e7b1e1e','{}','2026-05-27 22:34:50','2026-05-27 22:34:50',1,NULL,NULL,NULL,NULL,'659a72a6-284a-4b1b-b460-018096237cb9'),('491598d9-1ca9-4402-86f3-87b92cf96f11','09db56bb-57e7-4569-9086-fd2b2fa5ec5a','2025-10-08','f55f47c2-6286-478e-b218-8f97ed41cd31','2025-10-08 09:00:00','Submitted',NULL,NULL,8,0,NULL,'1837a3f4-dbc5-421c-9ace-58f8a6fffee9','{}','2026-05-27 22:34:50','2026-05-27 22:34:50',1,NULL,NULL,NULL,NULL,'659a72a6-284a-4b1b-b460-018096237cb9'),('491598d9-1ca9-4402-86f3-87b92cf96f11','ce8a260c-5b81-4f5e-9c6f-76b80e239974','2025-10-03','f55f47c2-6286-478e-b218-8f97ed41cd31','2025-10-03 09:00:00','Submitted',NULL,NULL,7,1,NULL,'1b9fe487-79ef-4012-8ec5-464c62c6660d','{}','2026-05-27 22:34:50','2026-05-27 22:34:50',1,NULL,NULL,NULL,NULL,'659a72a6-284a-4b1b-b460-018096237cb9'),('491598d9-1ca9-4402-86f3-87b92cf96f11','268cd0ee-f598-4156-b4bb-194eb2b64a0b','2025-10-07','f55f47c2-6286-478e-b218-8f97ed41cd31','2025-10-07 09:00:00','Submitted',NULL,NULL,8,0,NULL,'1ce3b51f-12e4-4a2f-9c2a-98407e506163','{}','2026-05-27 22:34:50','2026-05-27 22:34:50',1,NULL,NULL,NULL,NULL,'659a72a6-284a-4b1b-b460-018096237cb9'),('491598d9-1ca9-4402-86f3-87b92cf96f11','268cd0ee-f598-4156-b4bb-194eb2b64a0b','2025-10-10','f55f47c2-6286-478e-b218-8f97ed41cd31','2025-10-10 09:00:00','Submitted',NULL,NULL,7,1,NULL,'295a8b4e-2db4-4481-9357-068abf641ce4','{}','2026-05-27 22:34:50','2026-05-27 22:34:50',1,NULL,NULL,NULL,NULL,'659a72a6-284a-4b1b-b460-018096237cb9'),('491598d9-1ca9-4402-86f3-87b92cf96f11','70cb91f6-d3c2-4af3-bf06-6319c2d58eac','2025-10-14','f55f47c2-6286-478e-b218-8f97ed41cd31','2025-10-14 09:00:00','Submitted',NULL,NULL,8,0,NULL,'2b580851-cdd7-44f9-878c-b997440c4639','{}','2026-05-27 22:34:50','2026-05-27 22:34:50',1,NULL,NULL,NULL,NULL,'659a72a6-284a-4b1b-b460-018096237cb9'),('491598d9-1ca9-4402-86f3-87b92cf96f11','ce8a260c-5b81-4f5e-9c6f-76b80e239974','2025-10-23','f55f47c2-6286-478e-b218-8f97ed41cd31','2025-10-23 09:00:00','Submitted',NULL,NULL,7,1,NULL,'30053e19-84f0-4620-aeb3-bcc3c9883859','{}','2026-05-27 22:34:50','2026-05-27 22:34:50',1,NULL,NULL,NULL,NULL,'659a72a6-284a-4b1b-b460-018096237cb9'),('491598d9-1ca9-4402-86f3-87b92cf96f11','70cb91f6-d3c2-4af3-bf06-6319c2d58eac','2025-10-01','f55f47c2-6286-478e-b218-8f97ed41cd31','2025-10-01 09:00:00','Submitted',NULL,NULL,6,2,NULL,'34688610-371e-4392-a2c9-b4ba7dc21380','{}','2026-05-27 22:34:50','2026-05-27 22:34:50',1,NULL,NULL,NULL,NULL,'659a72a6-284a-4b1b-b460-018096237cb9'),('491598d9-1ca9-4402-86f3-87b92cf96f11','09db56bb-57e7-4569-9086-fd2b2fa5ec5a','2025-10-28','f55f47c2-6286-478e-b218-8f97ed41cd31','2025-10-28 09:00:00','Submitted',NULL,NULL,8,0,NULL,'34ed69ef-2de6-4144-ab15-aa255b5b10c8','{}','2026-05-27 22:34:50','2026-05-27 22:34:50',1,NULL,NULL,NULL,NULL,'659a72a6-284a-4b1b-b460-018096237cb9'),('491598d9-1ca9-4402-86f3-87b92cf96f11','09db56bb-57e7-4569-9086-fd2b2fa5ec5a','2025-10-15','f55f47c2-6286-478e-b218-8f97ed41cd31','2025-10-15 09:00:00','Submitted',NULL,NULL,7,1,NULL,'3b0f36ec-65ed-4a07-8cdb-cdf662608cae','{}','2026-05-27 22:34:50','2026-05-27 22:34:50',1,NULL,NULL,NULL,NULL,'659a72a6-284a-4b1b-b460-018096237cb9'),('491598d9-1ca9-4402-86f3-87b92cf96f11','268cd0ee-f598-4156-b4bb-194eb2b64a0b','2025-10-20','f55f47c2-6286-478e-b218-8f97ed41cd31','2025-10-20 09:00:00','Submitted',NULL,NULL,7,1,NULL,'3cd161ab-2720-45fa-9131-8195e90f5de4','{}','2026-05-27 22:34:50','2026-05-27 22:34:50',1,NULL,NULL,NULL,NULL,'659a72a6-284a-4b1b-b460-018096237cb9'),('491598d9-1ca9-4402-86f3-87b92cf96f11','70cb91f6-d3c2-4af3-bf06-6319c2d58eac','2025-10-03','f55f47c2-6286-478e-b218-8f97ed41cd31','2025-10-03 09:00:00','Submitted',NULL,NULL,8,0,NULL,'3e14f76d-73fd-4b2f-8b16-af697ebb615f','{}','2026-05-27 22:34:50','2026-05-27 22:34:50',1,NULL,NULL,NULL,NULL,'659a72a6-284a-4b1b-b460-018096237cb9'),('491598d9-1ca9-4402-86f3-87b92cf96f11','09db56bb-57e7-4569-9086-fd2b2fa5ec5a','2025-10-22','f55f47c2-6286-478e-b218-8f97ed41cd31','2025-10-22 09:00:00','Submitted',NULL,NULL,8,0,NULL,'41a5c8f9-8c8c-4c61-aff8-71c4e74f0be1','{}','2026-05-27 22:34:50','2026-05-27 22:34:50',1,NULL,NULL,NULL,NULL,'659a72a6-284a-4b1b-b460-018096237cb9'),('491598d9-1ca9-4402-86f3-87b92cf96f11','70cb91f6-d3c2-4af3-bf06-6319c2d58eac','2025-10-13','f55f47c2-6286-478e-b218-8f97ed41cd31','2025-10-13 09:00:00','Submitted',NULL,NULL,7,1,NULL,'41a8a99b-15dc-4fd1-b9ee-1d2ca278a42f','{}','2026-05-27 22:34:50','2026-05-27 22:34:50',1,NULL,NULL,NULL,NULL,'659a72a6-284a-4b1b-b460-018096237cb9'),('491598d9-1ca9-4402-86f3-87b92cf96f11','70cb91f6-d3c2-4af3-bf06-6319c2d58eac','2025-10-20','f55f47c2-6286-478e-b218-8f97ed41cd31','2025-10-20 09:00:00','Submitted',NULL,NULL,8,0,NULL,'4205f322-de91-425b-be4e-49e996d70e08','{}','2026-05-27 22:34:50','2026-05-27 22:34:50',1,NULL,NULL,NULL,NULL,'659a72a6-284a-4b1b-b460-018096237cb9'),('491598d9-1ca9-4402-86f3-87b92cf96f11','ce8a260c-5b81-4f5e-9c6f-76b80e239974','2025-10-21','f55f47c2-6286-478e-b218-8f97ed41cd31','2025-10-21 09:00:00','Submitted',NULL,NULL,8,0,NULL,'432f6dcf-49bc-44e4-849a-c9ba32e0e211','{}','2026-05-27 22:34:50','2026-05-27 22:34:50',1,NULL,NULL,NULL,NULL,'659a72a6-284a-4b1b-b460-018096237cb9'),('491598d9-1ca9-4402-86f3-87b92cf96f11','09db56bb-57e7-4569-9086-fd2b2fa5ec5a','2025-10-09','f55f47c2-6286-478e-b218-8f97ed41cd31','2025-10-09 09:00:00','Submitted',NULL,NULL,7,1,NULL,'48058cf1-a88c-4785-927d-52c8dae943e7','{}','2026-05-27 22:34:50','2026-05-27 22:34:50',1,NULL,NULL,NULL,NULL,'659a72a6-284a-4b1b-b460-018096237cb9'),('491598d9-1ca9-4402-86f3-87b92cf96f11','ce8a260c-5b81-4f5e-9c6f-76b80e239974','2025-10-16','f55f47c2-6286-478e-b218-8f97ed41cd31','2025-10-16 09:00:00','Submitted',NULL,NULL,7,1,NULL,'4d4c8e1d-4217-4284-bc39-38407abba02a','{}','2026-05-27 22:34:50','2026-05-27 22:34:50',1,NULL,NULL,NULL,NULL,'659a72a6-284a-4b1b-b460-018096237cb9'),('491598d9-1ca9-4402-86f3-87b92cf96f11','ce8a260c-5b81-4f5e-9c6f-76b80e239974','2025-10-15','f55f47c2-6286-478e-b218-8f97ed41cd31','2025-10-15 09:00:00','Submitted',NULL,NULL,7,1,NULL,'50e27ed3-7404-48b8-9740-1ed70bc89cf5','{}','2026-05-27 22:34:50','2026-05-27 22:34:50',1,NULL,NULL,NULL,NULL,'659a72a6-284a-4b1b-b460-018096237cb9'),('491598d9-1ca9-4402-86f3-87b92cf96f11','09db56bb-57e7-4569-9086-fd2b2fa5ec5a','2025-10-24','f55f47c2-6286-478e-b218-8f97ed41cd31','2025-10-24 09:00:00','Submitted',NULL,NULL,8,0,NULL,'51ee81c1-5f8b-4163-8963-cf0ab8d161b0','{}','2026-05-27 22:34:50','2026-05-27 22:34:50',1,NULL,NULL,NULL,NULL,'659a72a6-284a-4b1b-b460-018096237cb9'),('491598d9-1ca9-4402-86f3-87b92cf96f11','70cb91f6-d3c2-4af3-bf06-6319c2d58eac','2025-10-02','f55f47c2-6286-478e-b218-8f97ed41cd31','2025-10-02 09:00:00','Submitted',NULL,NULL,8,0,NULL,'530c782c-b694-4522-83ea-2814c458864b','{}','2026-05-27 22:34:50','2026-05-27 22:34:50',1,NULL,NULL,NULL,NULL,'659a72a6-284a-4b1b-b460-018096237cb9'),('491598d9-1ca9-4402-86f3-87b92cf96f11','09db56bb-57e7-4569-9086-fd2b2fa5ec5a','2025-10-13','f55f47c2-6286-478e-b218-8f97ed41cd31','2025-10-13 09:00:00','Submitted',NULL,NULL,8,0,NULL,'5754890c-7259-4052-af3c-a2ee82ddcde3','{}','2026-05-27 22:34:50','2026-05-27 22:34:50',1,NULL,NULL,NULL,NULL,'659a72a6-284a-4b1b-b460-018096237cb9'),('491598d9-1ca9-4402-86f3-87b92cf96f11','70cb91f6-d3c2-4af3-bf06-6319c2d58eac','2025-10-06','f55f47c2-6286-478e-b218-8f97ed41cd31','2025-10-06 09:00:00','Submitted',NULL,NULL,8,0,NULL,'5abdc7af-b5ed-4187-a308-337d456e4348','{}','2026-05-27 22:34:50','2026-05-27 22:34:50',1,NULL,NULL,NULL,NULL,'659a72a6-284a-4b1b-b460-018096237cb9'),('491598d9-1ca9-4402-86f3-87b92cf96f11','ce8a260c-5b81-4f5e-9c6f-76b80e239974','2025-10-10','f55f47c2-6286-478e-b218-8f97ed41cd31','2025-10-10 09:00:00','Submitted',NULL,NULL,8,0,NULL,'5f3c2f8c-bb69-48a9-85e8-77147fc1d7e3','{}','2026-05-27 22:34:50','2026-05-27 22:34:50',1,NULL,NULL,NULL,NULL,'659a72a6-284a-4b1b-b460-018096237cb9'),('491598d9-1ca9-4402-86f3-87b92cf96f11','70cb91f6-d3c2-4af3-bf06-6319c2d58eac','2025-10-17','f55f47c2-6286-478e-b218-8f97ed41cd31','2025-10-17 09:00:00','Submitted',NULL,NULL,7,1,NULL,'621529b4-0bfe-4116-8f37-523b36025ae0','{}','2026-05-27 22:34:50','2026-05-27 22:34:50',1,NULL,NULL,NULL,NULL,'659a72a6-284a-4b1b-b460-018096237cb9'),('491598d9-1ca9-4402-86f3-87b92cf96f11','268cd0ee-f598-4156-b4bb-194eb2b64a0b','2025-10-08','f55f47c2-6286-478e-b218-8f97ed41cd31','2025-10-08 09:00:00','Submitted',NULL,NULL,8,0,NULL,'68282cc4-ab3a-49d1-855d-7a4ae61ab702','{}','2026-05-27 22:34:50','2026-05-27 22:34:50',1,NULL,NULL,NULL,NULL,'659a72a6-284a-4b1b-b460-018096237cb9'),('491598d9-1ca9-4402-86f3-87b92cf96f11','09db56bb-57e7-4569-9086-fd2b2fa5ec5a','2025-10-16','f55f47c2-6286-478e-b218-8f97ed41cd31','2025-10-16 09:00:00','Submitted',NULL,NULL,8,0,NULL,'68c047f0-dce2-4950-be90-1fa282873c54','{}','2026-05-27 22:34:50','2026-05-27 22:34:50',1,NULL,NULL,NULL,NULL,'659a72a6-284a-4b1b-b460-018096237cb9'),('491598d9-1ca9-4402-86f3-87b92cf96f11','268cd0ee-f598-4156-b4bb-194eb2b64a0b','2025-10-15','f55f47c2-6286-478e-b218-8f97ed41cd31','2025-10-15 09:00:00','Submitted',NULL,NULL,7,1,NULL,'6ad83e08-cd39-4981-97ba-c8666687c54a','{}','2026-05-27 22:34:50','2026-05-27 22:34:50',1,NULL,NULL,NULL,NULL,'659a72a6-284a-4b1b-b460-018096237cb9'),('491598d9-1ca9-4402-86f3-87b92cf96f11','ce8a260c-5b81-4f5e-9c6f-76b80e239974','2025-10-24','f55f47c2-6286-478e-b218-8f97ed41cd31','2025-10-24 09:00:00','Submitted',NULL,NULL,8,0,NULL,'6af7e2cc-6dec-486f-901a-6904dc262e58','{}','2026-05-27 22:34:50','2026-05-27 22:34:50',1,NULL,NULL,NULL,NULL,'659a72a6-284a-4b1b-b460-018096237cb9'),('491598d9-1ca9-4402-86f3-87b92cf96f11','ce8a260c-5b81-4f5e-9c6f-76b80e239974','2025-10-06','f55f47c2-6286-478e-b218-8f97ed41cd31','2025-10-06 09:00:00','Submitted',NULL,NULL,6,2,NULL,'6bef5d95-0834-4c9b-9fd8-94ceac62b09f','{}','2026-05-27 22:34:50','2026-05-27 22:34:50',1,NULL,NULL,NULL,NULL,'659a72a6-284a-4b1b-b460-018096237cb9'),('491598d9-1ca9-4402-86f3-87b92cf96f11','70cb91f6-d3c2-4af3-bf06-6319c2d58eac','2025-10-08','f55f47c2-6286-478e-b218-8f97ed41cd31','2025-10-08 09:00:00','Submitted',NULL,NULL,8,0,NULL,'6e3a3ca7-5bed-4e0c-a543-24d6afd592ed','{}','2026-05-27 22:34:50','2026-05-27 22:34:50',1,NULL,NULL,NULL,NULL,'659a72a6-284a-4b1b-b460-018096237cb9'),('491598d9-1ca9-4402-86f3-87b92cf96f11','09db56bb-57e7-4569-9086-fd2b2fa5ec5a','2025-10-14','f55f47c2-6286-478e-b218-8f97ed41cd31','2025-10-14 09:00:00','Submitted',NULL,NULL,8,0,NULL,'71711433-2f69-48e3-8979-d0ac34d70935','{}','2026-05-27 22:34:50','2026-05-27 22:34:50',1,NULL,NULL,NULL,NULL,'659a72a6-284a-4b1b-b460-018096237cb9'),('491598d9-1ca9-4402-86f3-87b92cf96f11','09db56bb-57e7-4569-9086-fd2b2fa5ec5a','2025-10-30','f55f47c2-6286-478e-b218-8f97ed41cd31','2025-10-30 09:00:00','Submitted',NULL,NULL,7,1,NULL,'727a2a1e-4872-479d-a12d-1ac2586db27a','{}','2026-05-27 22:34:50','2026-05-27 22:34:50',1,NULL,NULL,NULL,NULL,'659a72a6-284a-4b1b-b460-018096237cb9'),('491598d9-1ca9-4402-86f3-87b92cf96f11','70cb91f6-d3c2-4af3-bf06-6319c2d58eac','2025-10-15','f55f47c2-6286-478e-b218-8f97ed41cd31','2025-10-15 09:00:00','Submitted',NULL,NULL,6,2,NULL,'80cfd292-b17c-42c3-8191-4d72674466e7','{}','2026-05-27 22:34:50','2026-05-27 22:34:50',1,NULL,NULL,NULL,NULL,'659a72a6-284a-4b1b-b460-018096237cb9'),('491598d9-1ca9-4402-86f3-87b92cf96f11','268cd0ee-f598-4156-b4bb-194eb2b64a0b','2025-10-06','f55f47c2-6286-478e-b218-8f97ed41cd31','2025-10-06 09:00:00','Submitted',NULL,NULL,8,0,NULL,'80e76bd8-aa84-4a8f-ba69-e77807d507e9','{}','2026-05-27 22:34:50','2026-05-27 22:34:50',1,NULL,NULL,NULL,NULL,'659a72a6-284a-4b1b-b460-018096237cb9'),('491598d9-1ca9-4402-86f3-87b92cf96f11','ce8a260c-5b81-4f5e-9c6f-76b80e239974','2025-10-28','f55f47c2-6286-478e-b218-8f97ed41cd31','2025-10-28 09:00:00','Submitted',NULL,NULL,7,1,NULL,'8a7ef304-cb51-4c0a-82e5-3f3660fc8736','{}','2026-05-27 22:34:50','2026-05-27 22:34:50',1,NULL,NULL,NULL,NULL,'659a72a6-284a-4b1b-b460-018096237cb9'),('491598d9-1ca9-4402-86f3-87b92cf96f11','09db56bb-57e7-4569-9086-fd2b2fa5ec5a','2025-10-27','f55f47c2-6286-478e-b218-8f97ed41cd31','2025-10-27 09:00:00','Submitted',NULL,NULL,7,1,NULL,'8a9aaf32-b754-40d3-96b8-5826afecd008','{}','2026-05-27 22:34:50','2026-05-27 22:34:50',1,NULL,NULL,NULL,NULL,'659a72a6-284a-4b1b-b460-018096237cb9'),('491598d9-1ca9-4402-86f3-87b92cf96f11','09db56bb-57e7-4569-9086-fd2b2fa5ec5a','2025-10-02','f55f47c2-6286-478e-b218-8f97ed41cd31','2025-10-02 09:00:00','Submitted',NULL,NULL,8,0,NULL,'8b970940-5480-4d5a-8dce-3135149be747','{}','2026-05-27 22:34:50','2026-05-27 22:34:50',1,NULL,NULL,NULL,NULL,'659a72a6-284a-4b1b-b460-018096237cb9'),('491598d9-1ca9-4402-86f3-87b92cf96f11','70cb91f6-d3c2-4af3-bf06-6319c2d58eac','2025-10-07','f55f47c2-6286-478e-b218-8f97ed41cd31','2025-10-07 09:00:00','Submitted',NULL,NULL,8,0,NULL,'90487e89-debb-4ede-844d-5bd2eecbb4af','{}','2026-05-27 22:34:50','2026-05-27 22:34:50',1,NULL,NULL,NULL,NULL,'659a72a6-284a-4b1b-b460-018096237cb9'),('491598d9-1ca9-4402-86f3-87b92cf96f11','268cd0ee-f598-4156-b4bb-194eb2b64a0b','2025-10-17','f55f47c2-6286-478e-b218-8f97ed41cd31','2025-10-17 09:00:00','Submitted',NULL,NULL,6,2,NULL,'92bcd926-714f-432d-be3f-86c1ff75cbfb','{}','2026-05-27 22:34:50','2026-05-27 22:34:50',1,NULL,NULL,NULL,NULL,'659a72a6-284a-4b1b-b460-018096237cb9'),('491598d9-1ca9-4402-86f3-87b92cf96f11','70cb91f6-d3c2-4af3-bf06-6319c2d58eac','2025-10-16','f55f47c2-6286-478e-b218-8f97ed41cd31','2025-10-16 09:00:00','Submitted',NULL,NULL,6,2,NULL,'96e50448-fad2-4cbc-b326-2e5aafb34896','{}','2026-05-27 22:34:50','2026-05-27 22:34:50',1,NULL,NULL,NULL,NULL,'659a72a6-284a-4b1b-b460-018096237cb9'),('491598d9-1ca9-4402-86f3-87b92cf96f11','09db56bb-57e7-4569-9086-fd2b2fa5ec5a','2025-10-03','f55f47c2-6286-478e-b218-8f97ed41cd31','2025-10-03 09:00:00','Submitted',NULL,NULL,7,1,NULL,'976b573c-96a2-4c1f-b5c7-0e197cecfba9','{}','2026-05-27 22:34:50','2026-05-27 22:34:50',1,NULL,NULL,NULL,NULL,'659a72a6-284a-4b1b-b460-018096237cb9'),('491598d9-1ca9-4402-86f3-87b92cf96f11','ce8a260c-5b81-4f5e-9c6f-76b80e239974','2025-10-14','f55f47c2-6286-478e-b218-8f97ed41cd31','2025-10-14 09:00:00','Submitted',NULL,NULL,6,2,NULL,'97c19c8c-475b-484e-8105-38f748b7e8eb','{}','2026-05-27 22:34:50','2026-05-27 22:34:50',1,NULL,NULL,NULL,NULL,'659a72a6-284a-4b1b-b460-018096237cb9'),('491598d9-1ca9-4402-86f3-87b92cf96f11','70cb91f6-d3c2-4af3-bf06-6319c2d58eac','2025-10-09','f55f47c2-6286-478e-b218-8f97ed41cd31','2025-10-09 09:00:00','Submitted',NULL,NULL,8,0,NULL,'99da4c20-d042-4c93-9378-997540423871','{}','2026-05-27 22:34:50','2026-05-27 22:34:50',1,NULL,NULL,NULL,NULL,'659a72a6-284a-4b1b-b460-018096237cb9'),('491598d9-1ca9-4402-86f3-87b92cf96f11','09db56bb-57e7-4569-9086-fd2b2fa5ec5a','2025-10-17','f55f47c2-6286-478e-b218-8f97ed41cd31','2025-10-17 09:00:00','Submitted',NULL,NULL,6,2,NULL,'9c814653-b80a-4d21-875f-c9cd2bb32768','{}','2026-05-27 22:34:50','2026-05-27 22:34:50',1,NULL,NULL,NULL,NULL,'659a72a6-284a-4b1b-b460-018096237cb9'),('491598d9-1ca9-4402-86f3-87b92cf96f11','ce8a260c-5b81-4f5e-9c6f-76b80e239974','2025-10-01','f55f47c2-6286-478e-b218-8f97ed41cd31','2025-10-01 09:00:00','Submitted',NULL,NULL,7,1,NULL,'a1f4ae84-4480-40e9-a366-7c966d0d53c5','{}','2026-05-27 22:34:50','2026-05-27 22:34:50',1,NULL,NULL,NULL,NULL,'659a72a6-284a-4b1b-b460-018096237cb9'),('491598d9-1ca9-4402-86f3-87b92cf96f11','09db56bb-57e7-4569-9086-fd2b2fa5ec5a','2025-10-20','f55f47c2-6286-478e-b218-8f97ed41cd31','2025-10-20 09:00:00','Submitted',NULL,NULL,7,1,NULL,'a6a39092-4cf7-4ebd-83f1-c67c89516b4d','{}','2026-05-27 22:34:50','2026-05-27 22:34:50',1,NULL,NULL,NULL,NULL,'659a72a6-284a-4b1b-b460-018096237cb9'),('491598d9-1ca9-4402-86f3-87b92cf96f11','ce8a260c-5b81-4f5e-9c6f-76b80e239974','2025-10-29','f55f47c2-6286-478e-b218-8f97ed41cd31','2025-10-29 09:00:00','Submitted',NULL,NULL,8,0,NULL,'af900836-200c-41a1-9978-6ce34a26d603','{}','2026-05-27 22:34:50','2026-05-27 22:34:50',1,NULL,NULL,NULL,NULL,'659a72a6-284a-4b1b-b460-018096237cb9'),('491598d9-1ca9-4402-86f3-87b92cf96f11','268cd0ee-f598-4156-b4bb-194eb2b64a0b','2025-10-09','f55f47c2-6286-478e-b218-8f97ed41cd31','2025-10-09 09:00:00','Submitted',NULL,NULL,8,0,NULL,'b1350074-5951-4ea7-a248-6e68eafaebdb','{}','2026-05-27 22:34:50','2026-05-27 22:34:50',1,NULL,NULL,NULL,NULL,'659a72a6-284a-4b1b-b460-018096237cb9'),('491598d9-1ca9-4402-86f3-87b92cf96f11','ce8a260c-5b81-4f5e-9c6f-76b80e239974','2025-10-27','f55f47c2-6286-478e-b218-8f97ed41cd31','2025-10-27 09:00:00','Submitted',NULL,NULL,6,2,NULL,'b18b714a-637e-4d0e-a7a0-c9d746f0903c','{}','2026-05-27 22:34:50','2026-05-27 22:34:50',1,NULL,NULL,NULL,NULL,'659a72a6-284a-4b1b-b460-018096237cb9'),('491598d9-1ca9-4402-86f3-87b92cf96f11','09db56bb-57e7-4569-9086-fd2b2fa5ec5a','2025-10-21','f55f47c2-6286-478e-b218-8f97ed41cd31','2025-10-21 09:00:00','Submitted',NULL,NULL,7,1,NULL,'b3b54a97-b0d3-4223-acf7-434d0949f64e','{}','2026-05-27 22:34:50','2026-05-27 22:34:50',1,NULL,NULL,NULL,NULL,'659a72a6-284a-4b1b-b460-018096237cb9'),('491598d9-1ca9-4402-86f3-87b92cf96f11','09db56bb-57e7-4569-9086-fd2b2fa5ec5a','2025-10-06','f55f47c2-6286-478e-b218-8f97ed41cd31','2025-10-06 09:00:00','Submitted',NULL,NULL,7,1,NULL,'b9d18ccf-43e5-4c51-ad7c-027246e66d55','{}','2026-05-27 22:34:50','2026-05-27 22:34:50',1,NULL,NULL,NULL,NULL,'659a72a6-284a-4b1b-b460-018096237cb9'),('491598d9-1ca9-4402-86f3-87b92cf96f11','ce8a260c-5b81-4f5e-9c6f-76b80e239974','2025-10-13','f55f47c2-6286-478e-b218-8f97ed41cd31','2025-10-13 09:00:00','Submitted',NULL,NULL,8,0,NULL,'bd378643-e675-4525-8ab5-d6e82a30df4d','{}','2026-05-27 22:34:50','2026-05-27 22:34:50',1,NULL,NULL,NULL,NULL,'659a72a6-284a-4b1b-b460-018096237cb9'),('491598d9-1ca9-4402-86f3-87b92cf96f11','268cd0ee-f598-4156-b4bb-194eb2b64a0b','2025-10-14','f55f47c2-6286-478e-b218-8f97ed41cd31','2025-10-14 09:00:00','Submitted',NULL,NULL,7,1,NULL,'bed71593-5a68-4c0a-9f10-ae21bcf3a392','{}','2026-05-27 22:34:50','2026-05-27 22:34:50',1,NULL,NULL,NULL,NULL,'659a72a6-284a-4b1b-b460-018096237cb9'),('491598d9-1ca9-4402-86f3-87b92cf96f11','70cb91f6-d3c2-4af3-bf06-6319c2d58eac','2025-10-10','f55f47c2-6286-478e-b218-8f97ed41cd31','2025-10-10 09:00:00','Submitted',NULL,NULL,7,1,NULL,'bf191d38-a6ce-4e36-aba7-0a460945e45a','{}','2026-05-27 22:34:50','2026-05-27 22:34:50',1,NULL,NULL,NULL,NULL,'659a72a6-284a-4b1b-b460-018096237cb9'),('491598d9-1ca9-4402-86f3-87b92cf96f11','ce8a260c-5b81-4f5e-9c6f-76b80e239974','2025-10-20','f55f47c2-6286-478e-b218-8f97ed41cd31','2025-10-20 09:00:00','Submitted',NULL,NULL,7,1,NULL,'c48a9cf6-fcba-4595-aeb2-d4b9f64cf0d6','{}','2026-05-27 22:34:50','2026-05-27 22:34:50',1,NULL,NULL,NULL,NULL,'659a72a6-284a-4b1b-b460-018096237cb9'),('491598d9-1ca9-4402-86f3-87b92cf96f11','268cd0ee-f598-4156-b4bb-194eb2b64a0b','2025-10-13','f55f47c2-6286-478e-b218-8f97ed41cd31','2025-10-13 09:00:00','Submitted',NULL,NULL,8,0,NULL,'c686996a-6bdb-45a7-98ba-4019dbd86f12','{}','2026-05-27 22:34:50','2026-05-27 22:34:50',1,NULL,NULL,NULL,NULL,'659a72a6-284a-4b1b-b460-018096237cb9'),('491598d9-1ca9-4402-86f3-87b92cf96f11','ce8a260c-5b81-4f5e-9c6f-76b80e239974','2025-10-07','f55f47c2-6286-478e-b218-8f97ed41cd31','2025-10-07 09:00:00','Submitted',NULL,NULL,5,3,NULL,'ccb8d6ad-7610-4cf8-b651-d1208fb140cc','{}','2026-05-27 22:34:50','2026-05-27 22:34:50',1,NULL,NULL,NULL,NULL,'659a72a6-284a-4b1b-b460-018096237cb9'),('491598d9-1ca9-4402-86f3-87b92cf96f11','09db56bb-57e7-4569-9086-fd2b2fa5ec5a','2025-10-01','f55f47c2-6286-478e-b218-8f97ed41cd31','2025-10-01 09:00:00','Submitted',NULL,NULL,8,0,NULL,'ce69c72a-7cc1-44eb-bbff-8295a6884ff8','{}','2026-05-27 22:34:50','2026-05-27 22:34:50',1,NULL,NULL,NULL,NULL,'659a72a6-284a-4b1b-b460-018096237cb9'),('491598d9-1ca9-4402-86f3-87b92cf96f11','09db56bb-57e7-4569-9086-fd2b2fa5ec5a','2025-10-29','f55f47c2-6286-478e-b218-8f97ed41cd31','2025-10-29 09:00:00','Submitted',NULL,NULL,8,0,NULL,'d22cc835-2f2b-40a9-a5d7-af6787944461','{}','2026-05-27 22:34:50','2026-05-27 22:34:50',1,NULL,NULL,NULL,NULL,'659a72a6-284a-4b1b-b460-018096237cb9'),('491598d9-1ca9-4402-86f3-87b92cf96f11','ce8a260c-5b81-4f5e-9c6f-76b80e239974','2025-10-22','f55f47c2-6286-478e-b218-8f97ed41cd31','2025-10-22 09:00:00','Submitted',NULL,NULL,8,0,NULL,'d27af7e8-7e9e-4275-a3ab-2bc4616796e3','{}','2026-05-27 22:34:50','2026-05-27 22:34:50',1,NULL,NULL,NULL,NULL,'659a72a6-284a-4b1b-b460-018096237cb9'),('491598d9-1ca9-4402-86f3-87b92cf96f11','268cd0ee-f598-4156-b4bb-194eb2b64a0b','2025-10-02','f55f47c2-6286-478e-b218-8f97ed41cd31','2025-10-02 09:00:00','Submitted',NULL,NULL,8,0,NULL,'d2f092ea-daaa-416f-9ed9-2e052cbe6e8c','{}','2026-05-27 22:34:50','2026-05-27 22:34:50',1,NULL,NULL,NULL,NULL,'659a72a6-284a-4b1b-b460-018096237cb9'),('491598d9-1ca9-4402-86f3-87b92cf96f11','268cd0ee-f598-4156-b4bb-194eb2b64a0b','2025-10-03','f55f47c2-6286-478e-b218-8f97ed41cd31','2025-10-03 09:00:00','Submitted',NULL,NULL,7,1,NULL,'d7217aa2-38b5-4d78-8ac0-cda58c9b0e40','{}','2026-05-27 22:34:50','2026-05-27 22:34:50',1,NULL,NULL,NULL,NULL,'659a72a6-284a-4b1b-b460-018096237cb9'),('491598d9-1ca9-4402-86f3-87b92cf96f11','268cd0ee-f598-4156-b4bb-194eb2b64a0b','2025-10-16','f55f47c2-6286-478e-b218-8f97ed41cd31','2025-10-16 09:00:00','Submitted',NULL,NULL,6,2,NULL,'d9d5f52d-f132-4a27-bae3-d2339cd48b04','{}','2026-05-27 22:34:50','2026-05-27 22:34:50',1,NULL,NULL,NULL,NULL,'659a72a6-284a-4b1b-b460-018096237cb9'),('491598d9-1ca9-4402-86f3-87b92cf96f11','09db56bb-57e7-4569-9086-fd2b2fa5ec5a','2025-10-07','f55f47c2-6286-478e-b218-8f97ed41cd31','2025-10-07 09:00:00','Submitted',NULL,NULL,7,1,NULL,'dff06825-5384-44fb-999d-65e5597b3d38','{}','2026-05-27 22:34:50','2026-05-27 22:34:50',1,NULL,NULL,NULL,NULL,'659a72a6-284a-4b1b-b460-018096237cb9'),('491598d9-1ca9-4402-86f3-87b92cf96f11','268cd0ee-f598-4156-b4bb-194eb2b64a0b','2025-10-01','f55f47c2-6286-478e-b218-8f97ed41cd31','2025-10-01 09:00:00','Submitted',NULL,NULL,8,0,NULL,'e1b06ea1-f676-49ae-a495-12f0436f4452','{}','2026-05-27 22:34:50','2026-05-27 22:34:50',1,NULL,NULL,NULL,NULL,'659a72a6-284a-4b1b-b460-018096237cb9'),('491598d9-1ca9-4402-86f3-87b92cf96f11','ce8a260c-5b81-4f5e-9c6f-76b80e239974','2025-10-02','f55f47c2-6286-478e-b218-8f97ed41cd31','2025-10-02 09:00:00','Submitted',NULL,NULL,7,1,NULL,'e645fec6-5af5-4ffc-b417-25956ba230b4','{}','2026-05-27 22:34:50','2026-05-27 22:34:50',1,NULL,NULL,NULL,NULL,'659a72a6-284a-4b1b-b460-018096237cb9'),('491598d9-1ca9-4402-86f3-87b92cf96f11','09db56bb-57e7-4569-9086-fd2b2fa5ec5a','2025-10-23','f55f47c2-6286-478e-b218-8f97ed41cd31','2025-10-23 09:00:00','Submitted',NULL,NULL,7,1,NULL,'edf0c198-4034-4c13-b203-42b7c009d2b5','{}','2026-05-27 22:34:50','2026-05-27 22:34:50',1,NULL,NULL,NULL,NULL,'659a72a6-284a-4b1b-b460-018096237cb9'),('491598d9-1ca9-4402-86f3-87b92cf96f11','ce8a260c-5b81-4f5e-9c6f-76b80e239974','2025-10-08','f55f47c2-6286-478e-b218-8f97ed41cd31','2025-10-08 09:00:00','Submitted',NULL,NULL,7,1,NULL,'f5846463-f4ac-4fcc-88a5-1175fe460bd3','{}','2026-05-27 22:34:50','2026-05-27 22:34:50',1,NULL,NULL,NULL,NULL,'659a72a6-284a-4b1b-b460-018096237cb9'),('491598d9-1ca9-4402-86f3-87b92cf96f11','ce8a260c-5b81-4f5e-9c6f-76b80e239974','2025-10-09','f55f47c2-6286-478e-b218-8f97ed41cd31','2025-10-09 09:00:00','Submitted',NULL,NULL,7,1,NULL,'f642d557-0ac7-4271-b393-aaead8e34c5d','{}','2026-05-27 22:34:50','2026-05-27 22:34:50',1,NULL,NULL,NULL,NULL,'659a72a6-284a-4b1b-b460-018096237cb9'),('491598d9-1ca9-4402-86f3-87b92cf96f11','09db56bb-57e7-4569-9086-fd2b2fa5ec5a','2025-10-10','f55f47c2-6286-478e-b218-8f97ed41cd31','2025-10-10 09:00:00','Submitted',NULL,NULL,7,1,NULL,'f6c02c42-b7ae-4ef0-9b41-11f6f53d4db4','{}','2026-05-27 22:34:50','2026-05-27 22:34:50',1,NULL,NULL,NULL,NULL,'659a72a6-284a-4b1b-b460-018096237cb9'),('491598d9-1ca9-4402-86f3-87b92cf96f11','ce8a260c-5b81-4f5e-9c6f-76b80e239974','2025-10-30','f55f47c2-6286-478e-b218-8f97ed41cd31','2025-10-30 09:00:00','Submitted',NULL,NULL,6,2,NULL,'ff779a98-16d7-4817-9055-34fafd02d3b0','{}','2026-05-27 22:34:50','2026-05-27 22:34:50',1,NULL,NULL,NULL,NULL,'659a72a6-284a-4b1b-b460-018096237cb9');
/*!40000 ALTER TABLE `attendance_sessions` ENABLE KEYS */;
UNLOCK TABLES;

--
-- Table structure for table `awards`
--

DROP TABLE IF EXISTS `awards`;
/*!40101 SET @saved_cs_client     = @@character_set_client */;
/*!50503 SET character_set_client = utf8mb4 */;
CREATE TABLE `awards` (
  `academic_year_id` char(36) CHARACTER SET utf8mb4 COLLATE utf8mb4_unicode_ci NOT NULL,
  `student_id` char(36) CHARACTER SET utf8mb4 COLLATE utf8mb4_unicode_ci NOT NULL,
  `title` varchar(255) CHARACTER SET utf8mb4 COLLATE utf8mb4_unicode_ci NOT NULL,
  `category` varchar(100) CHARACTER SET utf8mb4 COLLATE utf8mb4_unicode_ci DEFAULT NULL,
  `description` text CHARACTER SET utf8mb4 COLLATE utf8mb4_unicode_ci,
  `awarded_date` date DEFAULT NULL,
  `awarded_by` varchar(255) CHARACTER SET utf8mb4 COLLATE utf8mb4_unicode_ci DEFAULT NULL,
  `level` varchar(50) CHARACTER SET utf8mb4 COLLATE utf8mb4_unicode_ci DEFAULT NULL,
  `certificate_url` text CHARACTER SET utf8mb4 COLLATE utf8mb4_unicode_ci,
  `recorded_by` char(36) CHARACTER SET utf8mb4 COLLATE utf8mb4_unicode_ci DEFAULT NULL,
  `id` char(36) CHARACTER SET utf8mb4 COLLATE utf8mb4_unicode_ci NOT NULL,
  `metadata` json NOT NULL,
  `created_at` datetime NOT NULL DEFAULT (now()),
  `updated_at` datetime NOT NULL DEFAULT (now()),
  `is_active` tinyint(1) NOT NULL,
  `deleted_at` datetime DEFAULT NULL,
  `deleted_by` char(36) CHARACTER SET utf8mb4 COLLATE utf8mb4_unicode_ci DEFAULT NULL,
  `created_by` char(36) CHARACTER SET utf8mb4 COLLATE utf8mb4_unicode_ci DEFAULT NULL,
  `updated_by` char(36) CHARACTER SET utf8mb4 COLLATE utf8mb4_unicode_ci DEFAULT NULL,
  `school_id` char(36) CHARACTER SET utf8mb4 COLLATE utf8mb4_unicode_ci NOT NULL,
  PRIMARY KEY (`id`),
  KEY `fk_awards_academic_year_id_academic_years` (`academic_year_id`),
  KEY `fk_awards_recorded_by_staff` (`recorded_by`),
  KEY `ix_awards_school_id` (`school_id`),
  KEY `idx_awards_category` (`school_id`,`academic_year_id`,`category`),
  KEY `ix_awards_is_active` (`is_active`),
  KEY `idx_awards_student` (`student_id`,`academic_year_id`),
  CONSTRAINT `fk_awards_academic_year_id_academic_years` FOREIGN KEY (`academic_year_id`) REFERENCES `academic_years` (`id`),
  CONSTRAINT `fk_awards_recorded_by_staff` FOREIGN KEY (`recorded_by`) REFERENCES `staff` (`id`),
  CONSTRAINT `fk_awards_school_id_schools` FOREIGN KEY (`school_id`) REFERENCES `schools` (`id`),
  CONSTRAINT `fk_awards_student_id_students` FOREIGN KEY (`student_id`) REFERENCES `students` (`id`)
) ENGINE=InnoDB DEFAULT CHARSET=utf8mb4 COLLATE=utf8mb4_unicode_ci;
/*!40101 SET character_set_client = @saved_cs_client */;

--
-- Dumping data for table `awards`
--

LOCK TABLES `awards` WRITE;
/*!40000 ALTER TABLE `awards` DISABLE KEYS */;
INSERT INTO `awards` VALUES ('491598d9-1ca9-4402-86f3-87b92cf96f11','dcd9ac28-b22f-41ce-90e8-46b4dfae4799','Perfect Attendance Award','Discipline',NULL,'2025-09-10','Class Teacher','School',NULL,NULL,'0dbc0ceb-1e24-4e87-811a-7e5e2e12a5da','{}','2026-05-27 22:34:50','2026-05-27 22:34:50',1,NULL,NULL,NULL,NULL,'659a72a6-284a-4b1b-b460-018096237cb9'),('491598d9-1ca9-4402-86f3-87b92cf96f11','dcd9ac28-b22f-41ce-90e8-46b4dfae4799','Best in Mathematics','Academic',NULL,'2025-09-10','Principal','School',NULL,NULL,'595aeefd-ed7c-47c1-901d-34a7a1ec9864','{}','2026-05-27 22:34:50','2026-05-27 22:34:50',1,NULL,NULL,NULL,NULL,'659a72a6-284a-4b1b-b460-018096237cb9'),('491598d9-1ca9-4402-86f3-87b92cf96f11','e81f6d5a-d28d-4aea-9771-ca26ef984530','Art Competition Winner','Cultural',NULL,'2025-10-11','Art Department','Inter-School',NULL,NULL,'5e3556a2-e9bb-41dd-b0d0-b0a2fdf55c55','{}','2026-05-27 22:34:50','2026-05-27 22:34:50',1,NULL,NULL,NULL,NULL,'659a72a6-284a-4b1b-b460-018096237cb9'),('491598d9-1ca9-4402-86f3-87b92cf96f11','718e064c-26d8-4d8e-8bbb-fcebd31f70b1','Music Recital 1st Place','Cultural',NULL,'2025-09-16','Cultural Committee','Inter-School',NULL,NULL,'6c05f9c3-8a44-4ab6-a2cf-ace9f551ca6c','{}','2026-05-27 22:34:50','2026-05-27 22:34:50',1,NULL,NULL,NULL,NULL,'659a72a6-284a-4b1b-b460-018096237cb9'),('491598d9-1ca9-4402-86f3-87b92cf96f11','4297c48a-a425-4828-961d-1e09369bda04','Cricket Tournament MVP','Sports',NULL,'2025-11-12','Sports Department','School',NULL,NULL,'763ebebb-775c-4889-a4a6-7daff58cdc69','{}','2026-05-27 22:34:50','2026-05-27 22:34:50',1,NULL,NULL,NULL,NULL,'659a72a6-284a-4b1b-b460-018096237cb9'),('491598d9-1ca9-4402-86f3-87b92cf96f11','e32641ce-926f-4338-ac29-3f2a89e94524','Essay Writing Winner','Academic',NULL,'2025-11-18','English Dept','School',NULL,NULL,'97f5ff21-8f81-40cb-8f8f-bf0b49c96475','{}','2026-05-27 22:34:50','2026-05-27 22:34:50',1,NULL,NULL,NULL,NULL,'659a72a6-284a-4b1b-b460-018096237cb9'),('491598d9-1ca9-4402-86f3-87b92cf96f11','42e817b5-8abc-43aa-8a80-3e98221c4ab6','Debate Champion','Academic',NULL,'2025-10-14','Principal','Inter-School',NULL,NULL,'af14099e-aded-4cad-a5cd-b0c4556a86ae','{}','2026-05-27 22:34:50','2026-05-27 22:34:50',1,NULL,NULL,NULL,NULL,'659a72a6-284a-4b1b-b460-018096237cb9'),('491598d9-1ca9-4402-86f3-87b92cf96f11','a0a7ebf8-7824-4bf1-a8b3-401b0fcf1801','Math Olympiad Gold','Academic',NULL,'2025-10-26','Principal','State',NULL,NULL,'b2b0a068-32a1-4106-addd-331f8315390a','{}','2026-05-27 22:34:50','2026-05-27 22:34:50',1,NULL,NULL,NULL,NULL,'659a72a6-284a-4b1b-b460-018096237cb9'),('491598d9-1ca9-4402-86f3-87b92cf96f11','4a81aff3-2e60-460f-98e1-fd7afc013c21','Science Fair 1st Place','Academic',NULL,'2025-09-13','Science Dept','District',NULL,NULL,'b333ec70-b805-4cf4-bba0-04f7625adfaf','{}','2026-05-27 22:34:50','2026-05-27 22:34:50',1,NULL,NULL,NULL,NULL,'659a72a6-284a-4b1b-b460-018096237cb9'),('491598d9-1ca9-4402-86f3-87b92cf96f11','a81dcd18-15ed-467b-8583-60cbf3665752','Best Project - Statistics','Academic',NULL,'2025-11-15','Math Dept','School',NULL,NULL,'d7856a77-ab5a-4bf5-8939-993d83f8e6ac','{}','2026-05-27 22:34:50','2026-05-27 22:34:50',1,NULL,NULL,NULL,NULL,'659a72a6-284a-4b1b-b460-018096237cb9');
/*!40000 ALTER TABLE `awards` ENABLE KEYS */;
UNLOCK TABLES;

--
-- Table structure for table `class_assignments`
--

DROP TABLE IF EXISTS `class_assignments`;
/*!40101 SET @saved_cs_client     = @@character_set_client */;
/*!50503 SET character_set_client = utf8mb4 */;
CREATE TABLE `class_assignments` (
  `staff_id` char(36) CHARACTER SET utf8mb4 COLLATE utf8mb4_unicode_ci NOT NULL,
  `class_section_id` char(36) CHARACTER SET utf8mb4 COLLATE utf8mb4_unicode_ci NOT NULL,
  `subject_id` char(36) CHARACTER SET utf8mb4 COLLATE utf8mb4_unicode_ci NOT NULL,
  `academic_year_id` char(36) CHARACTER SET utf8mb4 COLLATE utf8mb4_unicode_ci NOT NULL,
  `is_class_teacher` tinyint(1) NOT NULL,
  `periods_per_week` int DEFAULT NULL,
  `status` varchar(20) CHARACTER SET utf8mb4 COLLATE utf8mb4_unicode_ci NOT NULL,
  `end_date` date DEFAULT NULL,
  `end_reason` text CHARACTER SET utf8mb4 COLLATE utf8mb4_unicode_ci,
  `id` char(36) CHARACTER SET utf8mb4 COLLATE utf8mb4_unicode_ci NOT NULL,
  `metadata` json NOT NULL,
  `created_at` datetime NOT NULL DEFAULT (now()),
  `updated_at` datetime NOT NULL DEFAULT (now()),
  `is_active` tinyint(1) NOT NULL,
  `deleted_at` datetime DEFAULT NULL,
  `deleted_by` char(36) CHARACTER SET utf8mb4 COLLATE utf8mb4_unicode_ci DEFAULT NULL,
  `created_by` char(36) CHARACTER SET utf8mb4 COLLATE utf8mb4_unicode_ci DEFAULT NULL,
  `updated_by` char(36) CHARACTER SET utf8mb4 COLLATE utf8mb4_unicode_ci DEFAULT NULL,
  `school_id` char(36) CHARACTER SET utf8mb4 COLLATE utf8mb4_unicode_ci NOT NULL,
  PRIMARY KEY (`id`),
  UNIQUE KEY `uq_class_assignments_unique` (`school_id`,`staff_id`,`class_section_id`,`subject_id`,`academic_year_id`),
  KEY `fk_class_assignments_subject_id_subjects` (`subject_id`),
  KEY `fk_class_assignments_academic_year_id_academic_years` (`academic_year_id`),
  KEY `idx_class_assignments_class_section` (`class_section_id`,`academic_year_id`),
  KEY `idx_class_assignments_staff` (`staff_id`,`academic_year_id`),
  KEY `ix_class_assignments_school_id` (`school_id`),
  KEY `ix_class_assignments_is_active` (`is_active`),
  CONSTRAINT `fk_class_assignments_academic_year_id_academic_years` FOREIGN KEY (`academic_year_id`) REFERENCES `academic_years` (`id`),
  CONSTRAINT `fk_class_assignments_class_section_id_class_sections` FOREIGN KEY (`class_section_id`) REFERENCES `class_sections` (`id`),
  CONSTRAINT `fk_class_assignments_school_id_schools` FOREIGN KEY (`school_id`) REFERENCES `schools` (`id`),
  CONSTRAINT `fk_class_assignments_staff_id_staff` FOREIGN KEY (`staff_id`) REFERENCES `staff` (`id`),
  CONSTRAINT `fk_class_assignments_subject_id_subjects` FOREIGN KEY (`subject_id`) REFERENCES `subjects` (`id`)
) ENGINE=InnoDB DEFAULT CHARSET=utf8mb4 COLLATE=utf8mb4_unicode_ci;
/*!40101 SET character_set_client = @saved_cs_client */;

--
-- Dumping data for table `class_assignments`
--

LOCK TABLES `class_assignments` WRITE;
/*!40000 ALTER TABLE `class_assignments` DISABLE KEYS */;
INSERT INTO `class_assignments` VALUES ('639dbabd-3949-40c2-9f62-e0f517926145','ca16b399-94ee-4c4e-972b-046a88c54597','58bb8ece-bcf5-4d9a-ba24-f381cbfdfbd2','491598d9-1ca9-4402-86f3-87b92cf96f11',0,NULL,'Active',NULL,NULL,'0e4d2f60-1f90-4679-99ea-6bad212aa8d7','{}','2026-05-27 22:34:49','2026-05-27 22:34:49',1,NULL,NULL,NULL,NULL,'659a72a6-284a-4b1b-b460-018096237cb9'),('8bf30c04-8545-4a08-b662-3d3625214638','828099e8-cac0-496b-beb6-d1a6d819fbb9','229a4e95-8b1e-4316-9782-98b0e51ea940','491598d9-1ca9-4402-86f3-87b92cf96f11',0,NULL,'Active',NULL,NULL,'0fb3204d-b939-4f80-aad8-1d42858a56fd','{}','2026-05-27 22:34:49','2026-05-27 22:34:49',1,NULL,NULL,NULL,NULL,'659a72a6-284a-4b1b-b460-018096237cb9'),('9661495d-82cb-4b3d-b9fe-1505e81cb8f1','70cb91f6-d3c2-4af3-bf06-6319c2d58eac','9a2d7073-5dbd-4a32-84bc-ae46a94e1053','491598d9-1ca9-4402-86f3-87b92cf96f11',0,NULL,'Active',NULL,NULL,'1969d9df-00c8-4283-bd58-30883a3dfbab','{}','2026-05-27 22:34:49','2026-05-27 22:34:49',1,NULL,NULL,NULL,NULL,'659a72a6-284a-4b1b-b460-018096237cb9'),('f55f47c2-6286-478e-b218-8f97ed41cd31','ce8a260c-5b81-4f5e-9c6f-76b80e239974','6cd5cf45-a2ca-4ad6-89bb-7873731490f2','491598d9-1ca9-4402-86f3-87b92cf96f11',0,NULL,'Active',NULL,NULL,'33859f44-b70a-4735-b9f1-c6e0e136f168','{}','2026-05-27 22:34:49','2026-05-27 22:34:49',1,NULL,NULL,NULL,NULL,'659a72a6-284a-4b1b-b460-018096237cb9'),('62be1cfe-da33-4140-b592-061cff00efad','268cd0ee-f598-4156-b4bb-194eb2b64a0b','0e59db90-8e3f-4d6d-aa5c-4c613a2597c5','491598d9-1ca9-4402-86f3-87b92cf96f11',0,NULL,'Active',NULL,NULL,'37b5ce76-dc4d-4b8c-80e0-13294239ef50','{}','2026-05-27 22:34:49','2026-05-27 22:34:49',1,NULL,NULL,NULL,NULL,'659a72a6-284a-4b1b-b460-018096237cb9'),('f55f47c2-6286-478e-b218-8f97ed41cd31','268cd0ee-f598-4156-b4bb-194eb2b64a0b','6cd5cf45-a2ca-4ad6-89bb-7873731490f2','491598d9-1ca9-4402-86f3-87b92cf96f11',0,NULL,'Active',NULL,NULL,'45f2b86d-d9b7-461c-a73a-6c9326634e67','{}','2026-05-27 22:34:49','2026-05-27 22:34:49',1,NULL,NULL,NULL,NULL,'659a72a6-284a-4b1b-b460-018096237cb9'),('a2ccc78c-972b-4b82-9a5c-21317170b66e','09db56bb-57e7-4569-9086-fd2b2fa5ec5a','cbdf9dac-d844-4a62-8f63-edbd580764c3','491598d9-1ca9-4402-86f3-87b92cf96f11',0,NULL,'Active',NULL,NULL,'4e9f05b5-7011-4a82-8b57-f6fea79b2a07','{}','2026-05-27 22:34:49','2026-05-27 22:34:49',1,NULL,NULL,NULL,NULL,'659a72a6-284a-4b1b-b460-018096237cb9'),('9661495d-82cb-4b3d-b9fe-1505e81cb8f1','268cd0ee-f598-4156-b4bb-194eb2b64a0b','9a2d7073-5dbd-4a32-84bc-ae46a94e1053','491598d9-1ca9-4402-86f3-87b92cf96f11',0,NULL,'Active',NULL,NULL,'4f65dc73-ee92-408d-81db-b23c2ce0c78c','{}','2026-05-27 22:34:49','2026-05-27 22:34:49',1,NULL,NULL,NULL,NULL,'659a72a6-284a-4b1b-b460-018096237cb9'),('8bf30c04-8545-4a08-b662-3d3625214638','09db56bb-57e7-4569-9086-fd2b2fa5ec5a','229a4e95-8b1e-4316-9782-98b0e51ea940','491598d9-1ca9-4402-86f3-87b92cf96f11',0,NULL,'Active',NULL,NULL,'5eecfba6-dbd0-42e8-90da-dbf8abe522a6','{}','2026-05-27 22:34:49','2026-05-27 22:34:49',1,NULL,NULL,NULL,NULL,'659a72a6-284a-4b1b-b460-018096237cb9'),('62be1cfe-da33-4140-b592-061cff00efad','ca16b399-94ee-4c4e-972b-046a88c54597','0e59db90-8e3f-4d6d-aa5c-4c613a2597c5','491598d9-1ca9-4402-86f3-87b92cf96f11',0,NULL,'Active',NULL,NULL,'70330df3-3831-4b14-b0db-06db79081e46','{}','2026-05-27 22:34:49','2026-05-27 22:34:49',1,NULL,NULL,NULL,NULL,'659a72a6-284a-4b1b-b460-018096237cb9'),('639dbabd-3949-40c2-9f62-e0f517926145','828099e8-cac0-496b-beb6-d1a6d819fbb9','58bb8ece-bcf5-4d9a-ba24-f381cbfdfbd2','491598d9-1ca9-4402-86f3-87b92cf96f11',0,NULL,'Active',NULL,NULL,'843a009e-8e7e-4382-afa8-bced7b3c58e8','{}','2026-05-27 22:34:49','2026-05-27 22:34:49',1,NULL,NULL,NULL,NULL,'659a72a6-284a-4b1b-b460-018096237cb9'),('8bf30c04-8545-4a08-b662-3d3625214638','ca16b399-94ee-4c4e-972b-046a88c54597','229a4e95-8b1e-4316-9782-98b0e51ea940','491598d9-1ca9-4402-86f3-87b92cf96f11',0,NULL,'Active',NULL,NULL,'89104303-e650-4cbe-8248-7222ebf3aad5','{}','2026-05-27 22:34:49','2026-05-27 22:34:49',1,NULL,NULL,NULL,NULL,'659a72a6-284a-4b1b-b460-018096237cb9'),('639dbabd-3949-40c2-9f62-e0f517926145','70cb91f6-d3c2-4af3-bf06-6319c2d58eac','58bb8ece-bcf5-4d9a-ba24-f381cbfdfbd2','491598d9-1ca9-4402-86f3-87b92cf96f11',0,NULL,'Active',NULL,NULL,'8eef8451-360f-4f8a-89dc-416dfc59a0c9','{}','2026-05-27 22:34:49','2026-05-27 22:34:49',1,NULL,NULL,NULL,NULL,'659a72a6-284a-4b1b-b460-018096237cb9'),('639dbabd-3949-40c2-9f62-e0f517926145','268cd0ee-f598-4156-b4bb-194eb2b64a0b','58bb8ece-bcf5-4d9a-ba24-f381cbfdfbd2','491598d9-1ca9-4402-86f3-87b92cf96f11',0,NULL,'Active',NULL,NULL,'8f42fce9-9572-49be-9597-72a20cae805b','{}','2026-05-27 22:34:49','2026-05-27 22:34:49',1,NULL,NULL,NULL,NULL,'659a72a6-284a-4b1b-b460-018096237cb9'),('a2ccc78c-972b-4b82-9a5c-21317170b66e','70cb91f6-d3c2-4af3-bf06-6319c2d58eac','cbdf9dac-d844-4a62-8f63-edbd580764c3','491598d9-1ca9-4402-86f3-87b92cf96f11',0,NULL,'Active',NULL,NULL,'9897f232-c261-4aeb-a6d4-d260bda84e96','{}','2026-05-27 22:34:49','2026-05-27 22:34:49',1,NULL,NULL,NULL,NULL,'659a72a6-284a-4b1b-b460-018096237cb9'),('a2ccc78c-972b-4b82-9a5c-21317170b66e','ce8a260c-5b81-4f5e-9c6f-76b80e239974','cbdf9dac-d844-4a62-8f63-edbd580764c3','491598d9-1ca9-4402-86f3-87b92cf96f11',0,NULL,'Active',NULL,NULL,'a636b717-862c-422a-b0d2-dfed60081dc7','{}','2026-05-27 22:34:49','2026-05-27 22:34:49',1,NULL,NULL,NULL,NULL,'659a72a6-284a-4b1b-b460-018096237cb9'),('9661495d-82cb-4b3d-b9fe-1505e81cb8f1','09db56bb-57e7-4569-9086-fd2b2fa5ec5a','9a2d7073-5dbd-4a32-84bc-ae46a94e1053','491598d9-1ca9-4402-86f3-87b92cf96f11',0,NULL,'Active',NULL,NULL,'c1cc17dc-a5f6-43fe-a1f2-d8cb0e065c74','{}','2026-05-27 22:34:49','2026-05-27 22:34:49',1,NULL,NULL,NULL,NULL,'659a72a6-284a-4b1b-b460-018096237cb9'),('62be1cfe-da33-4140-b592-061cff00efad','828099e8-cac0-496b-beb6-d1a6d819fbb9','0e59db90-8e3f-4d6d-aa5c-4c613a2597c5','491598d9-1ca9-4402-86f3-87b92cf96f11',0,NULL,'Active',NULL,NULL,'ca96bb9c-6cb2-4b57-8fcb-2413c6564159','{}','2026-05-27 22:34:49','2026-05-27 22:34:49',1,NULL,NULL,NULL,NULL,'659a72a6-284a-4b1b-b460-018096237cb9'),('8bf30c04-8545-4a08-b662-3d3625214638','ce8a260c-5b81-4f5e-9c6f-76b80e239974','229a4e95-8b1e-4316-9782-98b0e51ea940','491598d9-1ca9-4402-86f3-87b92cf96f11',0,NULL,'Active',NULL,NULL,'ceba0852-c096-4bd2-8fc2-5df30b5b953a','{}','2026-05-27 22:34:49','2026-05-27 22:34:49',1,NULL,NULL,NULL,NULL,'659a72a6-284a-4b1b-b460-018096237cb9'),('62be1cfe-da33-4140-b592-061cff00efad','70cb91f6-d3c2-4af3-bf06-6319c2d58eac','0e59db90-8e3f-4d6d-aa5c-4c613a2597c5','491598d9-1ca9-4402-86f3-87b92cf96f11',0,NULL,'Active',NULL,NULL,'d5919daa-84cf-4930-8360-2609d59e3d5c','{}','2026-05-27 22:34:49','2026-05-27 22:34:49',1,NULL,NULL,NULL,NULL,'659a72a6-284a-4b1b-b460-018096237cb9'),('f55f47c2-6286-478e-b218-8f97ed41cd31','70cb91f6-d3c2-4af3-bf06-6319c2d58eac','6cd5cf45-a2ca-4ad6-89bb-7873731490f2','491598d9-1ca9-4402-86f3-87b92cf96f11',0,NULL,'Active',NULL,NULL,'da7b56f2-773b-416c-a56e-6d70546c306d','{}','2026-05-27 22:34:49','2026-05-27 22:34:49',1,NULL,NULL,NULL,NULL,'659a72a6-284a-4b1b-b460-018096237cb9'),('a2ccc78c-972b-4b82-9a5c-21317170b66e','268cd0ee-f598-4156-b4bb-194eb2b64a0b','cbdf9dac-d844-4a62-8f63-edbd580764c3','491598d9-1ca9-4402-86f3-87b92cf96f11',0,NULL,'Active',NULL,NULL,'e62322a8-66f0-458d-82e5-437d69cb8337','{}','2026-05-27 22:34:49','2026-05-27 22:34:49',1,NULL,NULL,NULL,NULL,'659a72a6-284a-4b1b-b460-018096237cb9'),('9661495d-82cb-4b3d-b9fe-1505e81cb8f1','ce8a260c-5b81-4f5e-9c6f-76b80e239974','9a2d7073-5dbd-4a32-84bc-ae46a94e1053','491598d9-1ca9-4402-86f3-87b92cf96f11',0,NULL,'Active',NULL,NULL,'e961c609-4fe0-4234-b67e-e032c0331417','{}','2026-05-27 22:34:49','2026-05-27 22:34:49',1,NULL,NULL,NULL,NULL,'659a72a6-284a-4b1b-b460-018096237cb9'),('f55f47c2-6286-478e-b218-8f97ed41cd31','09db56bb-57e7-4569-9086-fd2b2fa5ec5a','6cd5cf45-a2ca-4ad6-89bb-7873731490f2','491598d9-1ca9-4402-86f3-87b92cf96f11',1,NULL,'Active',NULL,NULL,'ebc97f0c-ef8c-4c34-bd87-59bb23855272','{}','2026-05-27 22:34:49','2026-05-27 22:34:49',1,NULL,NULL,NULL,NULL,'659a72a6-284a-4b1b-b460-018096237cb9');
/*!40000 ALTER TABLE `class_assignments` ENABLE KEYS */;
UNLOCK TABLES;

--
-- Table structure for table `class_sections`
--

DROP TABLE IF EXISTS `class_sections`;
/*!40101 SET @saved_cs_client     = @@character_set_client */;
/*!50503 SET character_set_client = utf8mb4 */;
CREATE TABLE `class_sections` (
  `class_id` char(36) CHARACTER SET utf8mb4 COLLATE utf8mb4_unicode_ci NOT NULL,
  `section_id` char(36) CHARACTER SET utf8mb4 COLLATE utf8mb4_unicode_ci NOT NULL,
  `academic_year_id` char(36) CHARACTER SET utf8mb4 COLLATE utf8mb4_unicode_ci NOT NULL,
  `id` char(36) CHARACTER SET utf8mb4 COLLATE utf8mb4_unicode_ci NOT NULL,
  `metadata` json NOT NULL,
  `created_at` datetime NOT NULL DEFAULT (now()),
  `updated_at` datetime NOT NULL DEFAULT (now()),
  `is_active` tinyint(1) NOT NULL,
  `deleted_at` datetime DEFAULT NULL,
  `deleted_by` char(36) CHARACTER SET utf8mb4 COLLATE utf8mb4_unicode_ci DEFAULT NULL,
  `created_by` char(36) CHARACTER SET utf8mb4 COLLATE utf8mb4_unicode_ci DEFAULT NULL,
  `updated_by` char(36) CHARACTER SET utf8mb4 COLLATE utf8mb4_unicode_ci DEFAULT NULL,
  `school_id` char(36) CHARACTER SET utf8mb4 COLLATE utf8mb4_unicode_ci NOT NULL,
  PRIMARY KEY (`id`),
  UNIQUE KEY `uq_class_sections_school_class_section_year` (`school_id`,`class_id`,`section_id`,`academic_year_id`),
  KEY `fk_class_sections_class_id_classes` (`class_id`),
  KEY `fk_class_sections_section_id_sections` (`section_id`),
  KEY `fk_class_sections_academic_year_id_academic_years` (`academic_year_id`),
  KEY `ix_class_sections_school_id` (`school_id`),
  KEY `ix_class_sections_is_active` (`is_active`),
  CONSTRAINT `fk_class_sections_academic_year_id_academic_years` FOREIGN KEY (`academic_year_id`) REFERENCES `academic_years` (`id`),
  CONSTRAINT `fk_class_sections_class_id_classes` FOREIGN KEY (`class_id`) REFERENCES `classes` (`id`),
  CONSTRAINT `fk_class_sections_school_id_schools` FOREIGN KEY (`school_id`) REFERENCES `schools` (`id`),
  CONSTRAINT `fk_class_sections_section_id_sections` FOREIGN KEY (`section_id`) REFERENCES `sections` (`id`)
) ENGINE=InnoDB DEFAULT CHARSET=utf8mb4 COLLATE=utf8mb4_unicode_ci;
/*!40101 SET character_set_client = @saved_cs_client */;

--
-- Dumping data for table `class_sections`
--

LOCK TABLES `class_sections` WRITE;
/*!40000 ALTER TABLE `class_sections` DISABLE KEYS */;
INSERT INTO `class_sections` VALUES ('93537819-d35a-4922-b258-bbe7396eee02','95e7a742-b550-4ce0-ab13-b4eec64237ac','491598d9-1ca9-4402-86f3-87b92cf96f11','09db56bb-57e7-4569-9086-fd2b2fa5ec5a','{}','2026-05-27 22:34:49','2026-05-27 22:34:49',1,NULL,NULL,NULL,NULL,'659a72a6-284a-4b1b-b460-018096237cb9'),('d8e0fdd3-d6df-4dcc-a746-f73a5600cf93','988120b8-1e3a-4d44-a091-9133d4325291','491598d9-1ca9-4402-86f3-87b92cf96f11','268cd0ee-f598-4156-b4bb-194eb2b64a0b','{}','2026-05-27 22:34:49','2026-05-27 22:34:49',1,NULL,NULL,NULL,NULL,'659a72a6-284a-4b1b-b460-018096237cb9'),('d8e0fdd3-d6df-4dcc-a746-f73a5600cf93','95e7a742-b550-4ce0-ab13-b4eec64237ac','491598d9-1ca9-4402-86f3-87b92cf96f11','70cb91f6-d3c2-4af3-bf06-6319c2d58eac','{}','2026-05-27 22:34:49','2026-05-27 22:34:49',1,NULL,NULL,NULL,NULL,'659a72a6-284a-4b1b-b460-018096237cb9'),('33922c3c-9a54-49c5-ba1e-face3aeb1f7c','95e7a742-b550-4ce0-ab13-b4eec64237ac','491598d9-1ca9-4402-86f3-87b92cf96f11','828099e8-cac0-496b-beb6-d1a6d819fbb9','{}','2026-05-27 22:34:49','2026-05-27 22:34:49',1,NULL,NULL,NULL,NULL,'659a72a6-284a-4b1b-b460-018096237cb9'),('33922c3c-9a54-49c5-ba1e-face3aeb1f7c','988120b8-1e3a-4d44-a091-9133d4325291','491598d9-1ca9-4402-86f3-87b92cf96f11','ca16b399-94ee-4c4e-972b-046a88c54597','{}','2026-05-27 22:34:49','2026-05-27 22:34:49',1,NULL,NULL,NULL,NULL,'659a72a6-284a-4b1b-b460-018096237cb9'),('93537819-d35a-4922-b258-bbe7396eee02','988120b8-1e3a-4d44-a091-9133d4325291','491598d9-1ca9-4402-86f3-87b92cf96f11','ce8a260c-5b81-4f5e-9c6f-76b80e239974','{}','2026-05-27 22:34:49','2026-05-27 22:34:49',1,NULL,NULL,NULL,NULL,'659a72a6-284a-4b1b-b460-018096237cb9');
/*!40000 ALTER TABLE `class_sections` ENABLE KEYS */;
UNLOCK TABLES;

--
-- Table structure for table `classes`
--

DROP TABLE IF EXISTS `classes`;
/*!40101 SET @saved_cs_client     = @@character_set_client */;
/*!50503 SET character_set_client = utf8mb4 */;
CREATE TABLE `classes` (
  `name` varchar(50) CHARACTER SET utf8mb4 COLLATE utf8mb4_unicode_ci NOT NULL,
  `display_name` varchar(100) CHARACTER SET utf8mb4 COLLATE utf8mb4_unicode_ci DEFAULT NULL,
  `sort_order` int NOT NULL,
  `id` char(36) CHARACTER SET utf8mb4 COLLATE utf8mb4_unicode_ci NOT NULL,
  `metadata` json NOT NULL,
  `created_at` datetime NOT NULL DEFAULT (now()),
  `updated_at` datetime NOT NULL DEFAULT (now()),
  `is_active` tinyint(1) NOT NULL,
  `deleted_at` datetime DEFAULT NULL,
  `deleted_by` char(36) CHARACTER SET utf8mb4 COLLATE utf8mb4_unicode_ci DEFAULT NULL,
  `created_by` char(36) CHARACTER SET utf8mb4 COLLATE utf8mb4_unicode_ci DEFAULT NULL,
  `updated_by` char(36) CHARACTER SET utf8mb4 COLLATE utf8mb4_unicode_ci DEFAULT NULL,
  `school_id` char(36) CHARACTER SET utf8mb4 COLLATE utf8mb4_unicode_ci NOT NULL,
  `max_periods` int DEFAULT NULL,
  PRIMARY KEY (`id`),
  UNIQUE KEY `uq_classes_school_name` (`school_id`,`name`),
  KEY `ix_classes_is_active` (`is_active`),
  KEY `ix_classes_school_id` (`school_id`),
  CONSTRAINT `fk_classes_school_id_schools` FOREIGN KEY (`school_id`) REFERENCES `schools` (`id`)
) ENGINE=InnoDB DEFAULT CHARSET=utf8mb4 COLLATE=utf8mb4_unicode_ci;
/*!40101 SET character_set_client = @saved_cs_client */;

--
-- Dumping data for table `classes`
--

LOCK TABLES `classes` WRITE;
/*!40000 ALTER TABLE `classes` DISABLE KEYS */;
INSERT INTO `classes` VALUES ('10','Class 10',10,'33922c3c-9a54-49c5-ba1e-face3aeb1f7c','{}','2026-05-27 22:34:49','2026-05-27 22:34:49',1,NULL,NULL,NULL,NULL,'659a72a6-284a-4b1b-b460-018096237cb9',NULL),('7','Class 7',7,'41c20508-75c4-4a56-bb01-aa1224c0c558','{}','2026-05-27 22:34:49','2026-05-27 22:34:49',1,NULL,NULL,NULL,NULL,'659a72a6-284a-4b1b-b460-018096237cb9',NULL),('1','Class 1',1,'5c49e837-f80b-45fa-96a4-c9f9fa74de2d','{}','2026-05-27 22:34:49','2026-05-27 22:34:49',1,NULL,NULL,NULL,NULL,'659a72a6-284a-4b1b-b460-018096237cb9',NULL),('5','Class 5',5,'7c5d38fc-1271-4153-87ac-ffb8144c7a40','{}','2026-05-27 22:34:49','2026-05-27 22:34:49',1,NULL,NULL,NULL,NULL,'659a72a6-284a-4b1b-b460-018096237cb9',NULL),('2','Class 2',2,'82ae9e98-6eb9-498c-86a1-2600f0eabc9f','{}','2026-05-27 22:34:49','2026-05-27 22:34:49',1,NULL,NULL,NULL,NULL,'659a72a6-284a-4b1b-b460-018096237cb9',NULL),('3','Class 3',3,'835bdd22-c5cf-462e-99eb-ae6aeb1d3242','{}','2026-05-27 22:34:49','2026-05-27 22:34:49',1,NULL,NULL,NULL,NULL,'659a72a6-284a-4b1b-b460-018096237cb9',NULL),('8','Class 8',8,'93537819-d35a-4922-b258-bbe7396eee02','{}','2026-05-27 22:34:49','2026-05-27 22:34:49',1,NULL,NULL,NULL,NULL,'659a72a6-284a-4b1b-b460-018096237cb9',NULL),('6','Class 6',6,'cd49c8dd-3fd2-4ac5-856e-4234d24194a7','{}','2026-05-27 22:34:49','2026-05-27 22:34:49',1,NULL,NULL,NULL,NULL,'659a72a6-284a-4b1b-b460-018096237cb9',NULL),('9','Class 9',9,'d8e0fdd3-d6df-4dcc-a746-f73a5600cf93','{}','2026-05-27 22:34:49','2026-05-27 22:34:49',1,NULL,NULL,NULL,NULL,'659a72a6-284a-4b1b-b460-018096237cb9',NULL),('4','Class 4',4,'f52403c2-c3e6-4774-895a-ed79f1f6c840','{}','2026-05-27 22:34:49','2026-05-27 22:34:49',1,NULL,NULL,NULL,NULL,'659a72a6-284a-4b1b-b460-018096237cb9',NULL);
/*!40000 ALTER TABLE `classes` ENABLE KEYS */;
UNLOCK TABLES;

--
-- Table structure for table `disciplinary_records`
--

DROP TABLE IF EXISTS `disciplinary_records`;
/*!40101 SET @saved_cs_client     = @@character_set_client */;
/*!50503 SET character_set_client = utf8mb4 */;
CREATE TABLE `disciplinary_records` (
  `academic_year_id` char(36) CHARACTER SET utf8mb4 COLLATE utf8mb4_unicode_ci NOT NULL,
  `student_id` char(36) CHARACTER SET utf8mb4 COLLATE utf8mb4_unicode_ci NOT NULL,
  `incident_date` date NOT NULL,
  `category` varchar(50) CHARACTER SET utf8mb4 COLLATE utf8mb4_unicode_ci NOT NULL,
  `severity` varchar(20) CHARACTER SET utf8mb4 COLLATE utf8mb4_unicode_ci NOT NULL,
  `description` text CHARACTER SET utf8mb4 COLLATE utf8mb4_unicode_ci NOT NULL,
  `action_taken` text CHARACTER SET utf8mb4 COLLATE utf8mb4_unicode_ci,
  `reported_by` char(36) CHARACTER SET utf8mb4 COLLATE utf8mb4_unicode_ci NOT NULL,
  `parent_notified` tinyint(1) NOT NULL,
  `parent_notified_date` date DEFAULT NULL,
  `follow_up_date` date DEFAULT NULL,
  `follow_up_notes` text CHARACTER SET utf8mb4 COLLATE utf8mb4_unicode_ci,
  `status` varchar(20) CHARACTER SET utf8mb4 COLLATE utf8mb4_unicode_ci NOT NULL,
  `id` char(36) CHARACTER SET utf8mb4 COLLATE utf8mb4_unicode_ci NOT NULL,
  `metadata` json NOT NULL,
  `created_at` datetime NOT NULL DEFAULT (now()),
  `updated_at` datetime NOT NULL DEFAULT (now()),
  `is_active` tinyint(1) NOT NULL,
  `deleted_at` datetime DEFAULT NULL,
  `deleted_by` char(36) CHARACTER SET utf8mb4 COLLATE utf8mb4_unicode_ci DEFAULT NULL,
  `created_by` char(36) CHARACTER SET utf8mb4 COLLATE utf8mb4_unicode_ci DEFAULT NULL,
  `updated_by` char(36) CHARACTER SET utf8mb4 COLLATE utf8mb4_unicode_ci DEFAULT NULL,
  `school_id` char(36) CHARACTER SET utf8mb4 COLLATE utf8mb4_unicode_ci NOT NULL,
  PRIMARY KEY (`id`),
  KEY `fk_disciplinary_records_academic_year_id_academic_years` (`academic_year_id`),
  KEY `fk_disciplinary_records_reported_by_staff` (`reported_by`),
  KEY `ix_disciplinary_records_is_active` (`is_active`),
  KEY `idx_disciplinary_date` (`school_id`,`incident_date`),
  KEY `idx_disciplinary_status` (`school_id`,`academic_year_id`,`status`),
  KEY `ix_disciplinary_records_school_id` (`school_id`),
  KEY `idx_disciplinary_student` (`student_id`,`academic_year_id`),
  CONSTRAINT `fk_disciplinary_records_academic_year_id_academic_years` FOREIGN KEY (`academic_year_id`) REFERENCES `academic_years` (`id`),
  CONSTRAINT `fk_disciplinary_records_reported_by_staff` FOREIGN KEY (`reported_by`) REFERENCES `staff` (`id`),
  CONSTRAINT `fk_disciplinary_records_school_id_schools` FOREIGN KEY (`school_id`) REFERENCES `schools` (`id`),
  CONSTRAINT `fk_disciplinary_records_student_id_students` FOREIGN KEY (`student_id`) REFERENCES `students` (`id`)
) ENGINE=InnoDB DEFAULT CHARSET=utf8mb4 COLLATE=utf8mb4_unicode_ci;
/*!40101 SET character_set_client = @saved_cs_client */;

--
-- Dumping data for table `disciplinary_records`
--

LOCK TABLES `disciplinary_records` WRITE;
/*!40000 ALTER TABLE `disciplinary_records` DISABLE KEYS */;
INSERT INTO `disciplinary_records` VALUES ('491598d9-1ca9-4402-86f3-87b92cf96f11','42e817b5-8abc-43aa-8a80-3e98221c4ab6','2025-10-09','Misconduct','Low','Talking during class','Verbal warning','f55f47c2-6286-478e-b218-8f97ed41cd31',0,NULL,NULL,NULL,'Resolved','a5bc9ace-8d5a-47e0-ace3-3d54dc2ab8dd','{}','2026-05-27 22:34:50','2026-05-27 22:34:50',1,NULL,NULL,NULL,NULL,'659a72a6-284a-4b1b-b460-018096237cb9'),('491598d9-1ca9-4402-86f3-87b92cf96f11','dac10e09-9beb-4354-afaf-4f4bd6dc23a6','2025-10-15','Academic','Medium','Incomplete homework repeatedly','Parent meeting scheduled','f55f47c2-6286-478e-b218-8f97ed41cd31',0,NULL,NULL,NULL,'Resolved','c3900e19-631b-42b1-8909-b95bdcff9772','{}','2026-05-27 22:34:50','2026-05-27 22:34:50',1,NULL,NULL,NULL,NULL,'659a72a6-284a-4b1b-b460-018096237cb9'),('491598d9-1ca9-4402-86f3-87b92cf96f11','a81dcd18-15ed-467b-8583-60cbf3665752','2025-10-10','Tardiness','Low','Late to class 3 times','Written warning','f55f47c2-6286-478e-b218-8f97ed41cd31',0,NULL,NULL,NULL,'Resolved','d21ab3c6-865a-4679-85fb-edada648acfd','{}','2026-05-27 22:34:50','2026-05-27 22:34:50',1,NULL,NULL,NULL,NULL,'659a72a6-284a-4b1b-b460-018096237cb9'),('491598d9-1ca9-4402-86f3-87b92cf96f11','154dba0d-46f1-4ba7-a1a6-6f5bc2ed051c','2025-10-19','Misconduct','High','Using phone during exam','Exam cancelled, re-exam scheduled','f55f47c2-6286-478e-b218-8f97ed41cd31',0,NULL,NULL,NULL,'Resolved','f49fff00-e303-421d-9350-09b41ca5f8c3','{}','2026-05-27 22:34:50','2026-05-27 22:34:50',1,NULL,NULL,NULL,NULL,'659a72a6-284a-4b1b-b460-018096237cb9');
/*!40000 ALTER TABLE `disciplinary_records` ENABLE KEYS */;
UNLOCK TABLES;

--
-- Table structure for table `drivers`
--

DROP TABLE IF EXISTS `drivers`;
/*!40101 SET @saved_cs_client     = @@character_set_client */;
/*!50503 SET character_set_client = utf8mb4 */;
CREATE TABLE `drivers` (
  `driver_id` varchar(50) CHARACTER SET utf8mb4 COLLATE utf8mb4_unicode_ci NOT NULL,
  `full_name` varchar(255) CHARACTER SET utf8mb4 COLLATE utf8mb4_unicode_ci NOT NULL,
  `phone` varchar(20) CHARACTER SET utf8mb4 COLLATE utf8mb4_unicode_ci NOT NULL,
  `email` varchar(255) CHARACTER SET utf8mb4 COLLATE utf8mb4_unicode_ci DEFAULT NULL,
  `license_number` varchar(50) CHARACTER SET utf8mb4 COLLATE utf8mb4_unicode_ci NOT NULL,
  `license_type` varchar(20) CHARACTER SET utf8mb4 COLLATE utf8mb4_unicode_ci DEFAULT NULL,
  `license_expiry` date DEFAULT NULL,
  `experience_years` int DEFAULT NULL,
  `join_date` date DEFAULT NULL,
  `status` varchar(20) CHARACTER SET utf8mb4 COLLATE utf8mb4_unicode_ci NOT NULL DEFAULT 'Available',
  `emergency_contact_name` varchar(255) CHARACTER SET utf8mb4 COLLATE utf8mb4_unicode_ci DEFAULT NULL,
  `emergency_contact_phone` varchar(20) CHARACTER SET utf8mb4 COLLATE utf8mb4_unicode_ci DEFAULT NULL,
  `id` char(36) CHARACTER SET utf8mb4 COLLATE utf8mb4_unicode_ci NOT NULL,
  `metadata` json NOT NULL,
  `created_at` datetime NOT NULL DEFAULT (now()),
  `updated_at` datetime NOT NULL DEFAULT (now()),
  `is_active` tinyint(1) NOT NULL,
  `deleted_at` datetime DEFAULT NULL,
  `deleted_by` char(36) CHARACTER SET utf8mb4 COLLATE utf8mb4_unicode_ci DEFAULT NULL,
  `created_by` char(36) CHARACTER SET utf8mb4 COLLATE utf8mb4_unicode_ci DEFAULT NULL,
  `updated_by` char(36) CHARACTER SET utf8mb4 COLLATE utf8mb4_unicode_ci DEFAULT NULL,
  `school_id` char(36) CHARACTER SET utf8mb4 COLLATE utf8mb4_unicode_ci NOT NULL,
  PRIMARY KEY (`id`),
  UNIQUE KEY `uq_drivers_school_driver_id` (`school_id`,`driver_id`),
  KEY `idx_drivers_status` (`school_id`,`status`),
  KEY `ix_drivers_school_id` (`school_id`),
  KEY `ix_drivers_is_active` (`is_active`),
  CONSTRAINT `fk_drivers_school_id_schools` FOREIGN KEY (`school_id`) REFERENCES `schools` (`id`)
) ENGINE=InnoDB DEFAULT CHARSET=utf8mb4 COLLATE=utf8mb4_unicode_ci;
/*!40101 SET character_set_client = @saved_cs_client */;

--
-- Dumping data for table `drivers`
--

LOCK TABLES `drivers` WRITE;
/*!40000 ALTER TABLE `drivers` DISABLE KEYS */;
INSERT INTO `drivers` VALUES ('DRV005','Ganesh Patil','+91-990000004',NULL,'KA0120250004','Heavy Vehicle',NULL,NULL,NULL,'Active',NULL,NULL,'a4871990-ed91-478e-a4a8-677e587135cc','{}','2026-05-27 22:34:51','2026-05-27 23:23:48',1,NULL,NULL,NULL,NULL,'659a72a6-284a-4b1b-b460-018096237cb9'),('DRV003','Mohan Lal','+91-990000002',NULL,'KA0120250002','Heavy Vehicle',NULL,NULL,NULL,'Available',NULL,NULL,'a51072c0-73f2-41f4-8830-ef9ceed4e42c','{}','2026-05-27 22:34:51','2026-05-27 22:34:51',1,NULL,NULL,NULL,NULL,'659a72a6-284a-4b1b-b460-018096237cb9'),('DRV006','Ramesh Gowda','+91-990000005',NULL,'KA0120250005','Heavy Vehicle',NULL,NULL,NULL,'Available',NULL,NULL,'a75d7ebd-243c-4b2f-ac7e-cae7f5e2d22e','{}','2026-05-27 22:34:51','2026-05-27 22:34:51',1,NULL,NULL,NULL,NULL,'659a72a6-284a-4b1b-b460-018096237cb9'),('DRV002','Suresh Yadav','+91-990000001',NULL,'KA0120250001','Heavy Vehicle',NULL,NULL,NULL,'Available',NULL,NULL,'d7183f0c-0895-4b49-a33b-a98eef9274d2','{}','2026-05-27 22:34:51','2026-05-27 22:34:51',1,NULL,NULL,NULL,NULL,'659a72a6-284a-4b1b-b460-018096237cb9'),('DRV004','Prakash Shetty','+91-990000003',NULL,'KA0120250003','Heavy Vehicle',NULL,NULL,NULL,'Available',NULL,NULL,'e2bda70a-9f9e-42da-9ad8-2a8de7d7f75e','{}','2026-05-27 22:34:51','2026-05-27 22:34:51',1,NULL,NULL,NULL,NULL,'659a72a6-284a-4b1b-b460-018096237cb9'),('DRV001','Raju Kumar','+91-990000000',NULL,'KA0120250000','Heavy Vehicle',NULL,NULL,NULL,'Active',NULL,NULL,'fe45d9f4-1f70-4001-906e-7aa5497be576','{}','2026-05-27 22:34:51','2026-05-27 23:03:07',1,NULL,NULL,NULL,NULL,'659a72a6-284a-4b1b-b460-018096237cb9');
/*!40000 ALTER TABLE `drivers` ENABLE KEYS */;
UNLOCK TABLES;

--
-- Table structure for table `enum_configs`
--

DROP TABLE IF EXISTS `enum_configs`;
/*!40101 SET @saved_cs_client     = @@character_set_client */;
/*!50503 SET character_set_client = utf8mb4 */;
CREATE TABLE `enum_configs` (
  `category` varchar(100) CHARACTER SET utf8mb4 COLLATE utf8mb4_unicode_ci NOT NULL,
  `value` varchar(100) CHARACTER SET utf8mb4 COLLATE utf8mb4_unicode_ci NOT NULL,
  `label` varchar(255) CHARACTER SET utf8mb4 COLLATE utf8mb4_unicode_ci NOT NULL,
  `sort_order` int NOT NULL,
  `config` json NOT NULL,
  `id` char(36) CHARACTER SET utf8mb4 COLLATE utf8mb4_unicode_ci NOT NULL,
  `metadata` json NOT NULL,
  `created_at` datetime NOT NULL DEFAULT (now()),
  `updated_at` datetime NOT NULL DEFAULT (now()),
  `is_active` tinyint(1) NOT NULL,
  `deleted_at` datetime DEFAULT NULL,
  `deleted_by` char(36) CHARACTER SET utf8mb4 COLLATE utf8mb4_unicode_ci DEFAULT NULL,
  `created_by` char(36) CHARACTER SET utf8mb4 COLLATE utf8mb4_unicode_ci DEFAULT NULL,
  `updated_by` char(36) CHARACTER SET utf8mb4 COLLATE utf8mb4_unicode_ci DEFAULT NULL,
  `school_id` char(36) CHARACTER SET utf8mb4 COLLATE utf8mb4_unicode_ci NOT NULL,
  PRIMARY KEY (`id`),
  UNIQUE KEY `uq_enum_configs_school_cat_val` (`school_id`,`category`,`value`),
  KEY `ix_enum_configs_is_active` (`is_active`),
  KEY `ix_enum_configs_school_id` (`school_id`),
  CONSTRAINT `fk_enum_configs_school_id_schools` FOREIGN KEY (`school_id`) REFERENCES `schools` (`id`)
) ENGINE=InnoDB DEFAULT CHARSET=utf8mb4 COLLATE=utf8mb4_unicode_ci;
/*!40101 SET character_set_client = @saved_cs_client */;

--
-- Dumping data for table `enum_configs`
--

LOCK TABLES `enum_configs` WRITE;
/*!40000 ALTER TABLE `enum_configs` DISABLE KEYS */;
INSERT INTO `enum_configs` VALUES ('fee_type','Lab Fee','Lab Fee',1,'{}','9a16b58b-f384-45a2-936c-777ee96f0367','{}','2026-05-27 22:34:50','2026-05-27 22:34:50',1,NULL,NULL,NULL,NULL,'659a72a6-284a-4b1b-b460-018096237cb9'),('fee_type','Transport Fee','Transport Fee',2,'{}','af0fed70-d6de-4730-b732-f8d2820e5066','{}','2026-05-27 22:34:50','2026-05-27 22:34:50',1,NULL,NULL,NULL,NULL,'659a72a6-284a-4b1b-b460-018096237cb9'),('fee_type','Tuition Fee','Tuition Fee',0,'{}','ce34fd66-caf7-4295-b503-c2e37d58dd56','{}','2026-05-27 22:34:50','2026-05-27 22:34:50',1,NULL,NULL,NULL,NULL,'659a72a6-284a-4b1b-b460-018096237cb9'),('leave_type','Casual Leave','Casual Leave',3,'{}','de82ce8b-704f-4067-a868-5ef9618c99b7','{}','2026-05-27 22:34:50','2026-05-27 22:34:50',1,NULL,NULL,NULL,NULL,'659a72a6-284a-4b1b-b460-018096237cb9'),('leave_type','Earned Leave','Earned Leave',5,'{}','e24a7d86-b9fa-4fb5-9f60-ceeb5723d0e7','{}','2026-05-27 22:34:50','2026-05-27 22:34:50',1,NULL,NULL,NULL,NULL,'659a72a6-284a-4b1b-b460-018096237cb9'),('leave_type','Sick Leave','Sick Leave',4,'{}','e4642367-a3aa-4a06-b525-8fae796df60a','{}','2026-05-27 22:34:50','2026-05-27 22:34:50',1,NULL,NULL,NULL,NULL,'659a72a6-284a-4b1b-b460-018096237cb9');
/*!40000 ALTER TABLE `enum_configs` ENABLE KEYS */;
UNLOCK TABLES;

--
-- Table structure for table `exam_results`
--

DROP TABLE IF EXISTS `exam_results`;
/*!40101 SET @saved_cs_client     = @@character_set_client */;
/*!50503 SET character_set_client = utf8mb4 */;
CREATE TABLE `exam_results` (
  `exam_id` char(36) CHARACTER SET utf8mb4 COLLATE utf8mb4_unicode_ci NOT NULL,
  `student_id` char(36) CHARACTER SET utf8mb4 COLLATE utf8mb4_unicode_ci NOT NULL,
  `marks_obtained` decimal(6,2) DEFAULT NULL,
  `grade` varchar(10) CHARACTER SET utf8mb4 COLLATE utf8mb4_unicode_ci DEFAULT NULL,
  `rank` int DEFAULT NULL,
  `attendance` varchar(10) CHARACTER SET utf8mb4 COLLATE utf8mb4_unicode_ci NOT NULL,
  `remarks` text CHARACTER SET utf8mb4 COLLATE utf8mb4_unicode_ci,
  `is_pass` tinyint(1) DEFAULT NULL,
  `id` char(36) CHARACTER SET utf8mb4 COLLATE utf8mb4_unicode_ci NOT NULL,
  `metadata` json NOT NULL,
  `created_at` datetime NOT NULL DEFAULT (now()),
  `updated_at` datetime NOT NULL DEFAULT (now()),
  `is_active` tinyint(1) NOT NULL,
  `deleted_at` datetime DEFAULT NULL,
  `deleted_by` char(36) CHARACTER SET utf8mb4 COLLATE utf8mb4_unicode_ci DEFAULT NULL,
  `created_by` char(36) CHARACTER SET utf8mb4 COLLATE utf8mb4_unicode_ci DEFAULT NULL,
  `updated_by` char(36) CHARACTER SET utf8mb4 COLLATE utf8mb4_unicode_ci DEFAULT NULL,
  `school_id` char(36) CHARACTER SET utf8mb4 COLLATE utf8mb4_unicode_ci NOT NULL,
  PRIMARY KEY (`id`),
  UNIQUE KEY `uq_exam_results_school_exam_student` (`school_id`,`exam_id`,`student_id`),
  KEY `idx_exam_results_student` (`student_id`),
  KEY `ix_exam_results_school_id` (`school_id`),
  KEY `idx_exam_results_grade` (`exam_id`,`grade`),
  KEY `ix_exam_results_is_active` (`is_active`),
  KEY `idx_exam_results_exam` (`exam_id`,`rank`),
  CONSTRAINT `fk_exam_results_exam_id_exams` FOREIGN KEY (`exam_id`) REFERENCES `exams` (`id`) ON DELETE CASCADE,
  CONSTRAINT `fk_exam_results_school_id_schools` FOREIGN KEY (`school_id`) REFERENCES `schools` (`id`),
  CONSTRAINT `fk_exam_results_student_id_students` FOREIGN KEY (`student_id`) REFERENCES `students` (`id`)
) ENGINE=InnoDB DEFAULT CHARSET=utf8mb4 COLLATE=utf8mb4_unicode_ci;
/*!40101 SET character_set_client = @saved_cs_client */;

--
-- Dumping data for table `exam_results`
--

LOCK TABLES `exam_results` WRITE;
/*!40000 ALTER TABLE `exam_results` DISABLE KEYS */;
INSERT INTO `exam_results` VALUES ('79a57a02-5696-4576-9f1a-1f618f0ac3c3','dcd9ac28-b22f-41ce-90e8-46b4dfae4799',97.00,'A1',1,'Present',NULL,1,'0079e422-b14f-4a66-9810-c32b96755912','{}','2026-05-27 22:34:50','2026-05-27 22:34:50',1,NULL,NULL,NULL,NULL,'659a72a6-284a-4b1b-b460-018096237cb9'),('d9cdf6c8-c8d4-420d-a28e-2bf8aaab29a4','e81f6d5a-d28d-4aea-9771-ca26ef984530',89.00,'A2',2,'Present',NULL,1,'013db84e-0d22-4d33-8e89-d3e706c295dc','{}','2026-05-27 22:34:50','2026-05-27 22:34:50',1,NULL,NULL,NULL,NULL,'659a72a6-284a-4b1b-b460-018096237cb9'),('d9cdf6c8-c8d4-420d-a28e-2bf8aaab29a4','42e817b5-8abc-43aa-8a80-3e98221c4ab6',70.00,'B2',5,'Present',NULL,1,'01566f91-20d9-4bfa-b84b-c556d11f471b','{}','2026-05-27 22:34:50','2026-05-27 22:34:50',1,NULL,NULL,NULL,NULL,'659a72a6-284a-4b1b-b460-018096237cb9'),('89b4f81e-f245-4de2-8831-6d9c3a220b30','a8cc521b-8de9-42c5-8500-6c7c0638d050',86.00,'A2',2,'Present',NULL,1,'01bd59d6-1793-4b9f-a5fb-eabd1e59804e','{}','2026-05-27 22:34:50','2026-05-27 22:34:50',1,NULL,NULL,NULL,NULL,'659a72a6-284a-4b1b-b460-018096237cb9'),('89b4f81e-f245-4de2-8831-6d9c3a220b30','1db8fd34-b725-4da4-8665-a5534238f137',53.00,'C1',7,'Present',NULL,1,'05108ba1-a551-4c82-8e03-32ae280a754c','{}','2026-05-27 22:34:50','2026-05-27 22:34:50',1,NULL,NULL,NULL,NULL,'659a72a6-284a-4b1b-b460-018096237cb9'),('79a57a02-5696-4576-9f1a-1f618f0ac3c3','42e817b5-8abc-43aa-8a80-3e98221c4ab6',64.00,'B2',5,'Absent',NULL,1,'06e92da4-3e96-4baa-86b5-34e300e00114','{}','2026-05-27 22:34:50','2026-05-27 22:34:50',1,NULL,NULL,NULL,NULL,'659a72a6-284a-4b1b-b460-018096237cb9'),('6f474302-fc48-4ae1-9d7b-a3fb2fc93406','6bc40a80-af77-4da5-b009-098e08d37281',47.00,'C2',8,'Present',NULL,1,'0b904f13-eba9-404b-8245-58da2d4b8d03','{}','2026-05-27 22:34:50','2026-05-27 22:34:50',1,NULL,NULL,NULL,NULL,'659a72a6-284a-4b1b-b460-018096237cb9'),('3b1d3b18-4f4b-475a-a851-77f33d75a1aa','dcd9ac28-b22f-41ce-90e8-46b4dfae4799',97.00,'A1',1,'Present',NULL,1,'0eaf2bb8-3e13-4a80-8ee7-2f95aae5985a','{}','2026-05-27 22:34:50','2026-05-27 22:34:50',1,NULL,NULL,NULL,NULL,'659a72a6-284a-4b1b-b460-018096237cb9'),('79a57a02-5696-4576-9f1a-1f618f0ac3c3','e77aeb23-e06c-4060-940b-e98c6076ae15',53.00,'C1',8,'Present',NULL,1,'0f86dc92-ca24-42d1-886e-c254b17aa11b','{}','2026-05-27 22:34:50','2026-05-27 22:34:50',1,NULL,NULL,NULL,NULL,'659a72a6-284a-4b1b-b460-018096237cb9'),('d9cdf6c8-c8d4-420d-a28e-2bf8aaab29a4','4a81aff3-2e60-460f-98e1-fd7afc013c21',82.00,'A2',4,'Present',NULL,1,'0f9028a8-c61f-4e57-a1cd-2f34a762d0b5','{}','2026-05-27 22:34:50','2026-05-27 22:34:50',1,NULL,NULL,NULL,NULL,'659a72a6-284a-4b1b-b460-018096237cb9'),('6f474302-fc48-4ae1-9d7b-a3fb2fc93406','467b52aa-b799-43d5-b6cc-ca9f96b7a907',59.00,'C1',6,'Present',NULL,1,'1220f7b9-22fc-4296-b16f-180b2e7c2862','{}','2026-05-27 22:34:50','2026-05-27 22:34:50',1,NULL,NULL,NULL,NULL,'659a72a6-284a-4b1b-b460-018096237cb9'),('b8ce04ea-b9a5-4700-aa66-d10e827d1a87','0a3f6d58-7348-4c37-ab09-ebe0238a3b1f',97.00,'A1',2,'Present',NULL,1,'13830dd5-b2dd-4ff9-8e80-8641ba2ffd69','{}','2026-05-27 22:34:50','2026-05-27 22:34:50',1,NULL,NULL,NULL,NULL,'659a72a6-284a-4b1b-b460-018096237cb9'),('b1373c63-1755-43b8-bd96-bd3bce0976f5','ff8d12ed-6489-43dd-b2b1-88c02d42f826',45.00,'C2',8,'Present',NULL,1,'15ce58db-a856-4b49-9ff7-2c5086dd6b84','{}','2026-05-27 22:34:50','2026-05-27 22:34:50',1,NULL,NULL,NULL,NULL,'659a72a6-284a-4b1b-b460-018096237cb9'),('6f474302-fc48-4ae1-9d7b-a3fb2fc93406','cff46e7b-0ff3-4ed5-84d8-f64ec9ce9811',77.00,'B1',3,'Absent',NULL,1,'16206629-7aa0-4189-8d26-e7b9c2b667b5','{}','2026-05-27 22:34:50','2026-05-27 22:34:50',1,NULL,NULL,NULL,NULL,'659a72a6-284a-4b1b-b460-018096237cb9'),('5f55f6ec-9c06-4d6e-a67a-0c74baa85ef4','35fee766-a623-4c7f-acd1-aad490913162',59.00,'C1',6,'Present',NULL,1,'17dee663-fc75-451c-9e41-910f8de41102','{}','2026-05-27 22:34:50','2026-05-27 22:34:50',1,NULL,NULL,NULL,NULL,'659a72a6-284a-4b1b-b460-018096237cb9'),('b1373c63-1755-43b8-bd96-bd3bce0976f5','0a3f6d58-7348-4c37-ab09-ebe0238a3b1f',86.00,'A2',2,'Present',NULL,1,'18986c34-0914-4f80-a164-41db2657134c','{}','2026-05-27 22:34:50','2026-05-27 22:34:50',1,NULL,NULL,NULL,NULL,'659a72a6-284a-4b1b-b460-018096237cb9'),('bbb81088-aab4-467b-8891-6327ebcbb46a','1db8fd34-b725-4da4-8665-a5534238f137',61.00,'B2',7,'Present',NULL,1,'1a35f79f-292b-4d2a-ad2a-19d5079c37e8','{}','2026-05-27 22:34:50','2026-05-27 22:34:50',1,NULL,NULL,NULL,NULL,'659a72a6-284a-4b1b-b460-018096237cb9'),('3b1d3b18-4f4b-475a-a851-77f33d75a1aa','4a81aff3-2e60-460f-98e1-fd7afc013c21',69.00,'B2',4,'Present',NULL,1,'1c743585-fe51-43cb-9f26-1ed164aae7e2','{}','2026-05-27 22:34:50','2026-05-27 22:34:50',1,NULL,NULL,NULL,NULL,'659a72a6-284a-4b1b-b460-018096237cb9'),('0efad319-3d0b-4cf4-a140-e3b512823580','9398407c-f2ab-4629-b6a0-9b843f8761fb',45.00,'C2',8,'Present',NULL,1,'1c8a6929-3e1c-442d-a793-4eb490ef06fb','{}','2026-05-27 22:34:50','2026-05-27 22:34:50',1,NULL,NULL,NULL,NULL,'659a72a6-284a-4b1b-b460-018096237cb9'),('85b9a13d-839c-4497-8dd8-bd82acb6ea1d','cff46e7b-0ff3-4ed5-84d8-f64ec9ce9811',57.00,'C1',3,'Present',NULL,1,'1e5be873-fcf7-4cb1-b247-aad71cb8ec6d','{}','2026-05-27 22:34:50','2026-05-27 22:34:50',1,NULL,NULL,NULL,NULL,'659a72a6-284a-4b1b-b460-018096237cb9'),('16be6f28-4ada-44ec-aa42-0d9823a9100d','4297c48a-a425-4828-961d-1e09369bda04',92.00,'A1',3,'Present',NULL,1,'22547293-e724-4191-9df1-982b68330128','{}','2026-05-27 22:34:50','2026-05-27 22:34:50',1,NULL,NULL,NULL,NULL,'659a72a6-284a-4b1b-b460-018096237cb9'),('a2a7911e-b7d2-4be7-b6be-972c0685828c','21a9a63c-efc4-4459-b072-61b898412a5a',79.00,'B1',3,'Present',NULL,1,'24f9a2be-db37-4c95-ae58-5efb3c3d7c2c','{}','2026-05-27 22:34:50','2026-05-27 22:34:50',1,NULL,NULL,NULL,NULL,'659a72a6-284a-4b1b-b460-018096237cb9'),('739d18af-3650-486d-99d9-404b858c368e','42e817b5-8abc-43aa-8a80-3e98221c4ab6',64.00,'B2',5,'Present',NULL,1,'26f573ae-da7d-43ff-8ef2-a3c02fb527e1','{}','2026-05-27 22:34:50','2026-05-27 22:34:50',1,NULL,NULL,NULL,NULL,'659a72a6-284a-4b1b-b460-018096237cb9'),('6f474302-fc48-4ae1-9d7b-a3fb2fc93406','c590e7e3-c666-4da3-8a68-91f07dbbbadf',76.00,'B1',4,'Present',NULL,1,'27a67d3b-46cf-4619-83ec-011c1a04fdfd','{}','2026-05-27 22:34:50','2026-05-27 22:34:50',1,NULL,NULL,NULL,NULL,'659a72a6-284a-4b1b-b460-018096237cb9'),('d9cdf6c8-c8d4-420d-a28e-2bf8aaab29a4','dcd9ac28-b22f-41ce-90e8-46b4dfae4799',94.00,'A1',1,'Present',NULL,1,'2a16049d-340d-4f5b-932f-2c00f1abb33b','{}','2026-05-27 22:34:50','2026-05-27 22:34:50',1,NULL,NULL,NULL,NULL,'659a72a6-284a-4b1b-b460-018096237cb9'),('d9cdf6c8-c8d4-420d-a28e-2bf8aaab29a4','718e064c-26d8-4d8e-8bbb-fcebd31f70b1',65.00,'B2',7,'Present',NULL,1,'2c319385-5ab5-4561-86cc-62b84017b5ab','{}','2026-05-27 22:34:50','2026-05-27 22:34:50',1,NULL,NULL,NULL,NULL,'659a72a6-284a-4b1b-b460-018096237cb9'),('bbb81088-aab4-467b-8891-6327ebcbb46a','c590e7e3-c666-4da3-8a68-91f07dbbbadf',79.00,'B1',4,'Present',NULL,1,'2cdd2eeb-a166-41eb-99e2-2a765e5a371d','{}','2026-05-27 22:34:50','2026-05-27 22:34:50',1,NULL,NULL,NULL,NULL,'659a72a6-284a-4b1b-b460-018096237cb9'),('85b9a13d-839c-4497-8dd8-bd82acb6ea1d','c590e7e3-c666-4da3-8a68-91f07dbbbadf',56.00,'C1',4,'Present',NULL,1,'2d3cee0a-fc2b-4c97-bf5c-644b2141bf61','{}','2026-05-27 22:34:50','2026-05-27 22:34:50',1,NULL,NULL,NULL,NULL,'659a72a6-284a-4b1b-b460-018096237cb9'),('a2a7911e-b7d2-4be7-b6be-972c0685828c','b656d8da-0176-43e6-b53d-0cb4c7bab509',92.00,'A1',1,'Present',NULL,1,'2e6c7d7f-8cfc-46fb-baa7-341ba1408522','{}','2026-05-27 22:34:50','2026-05-27 22:34:50',1,NULL,NULL,NULL,NULL,'659a72a6-284a-4b1b-b460-018096237cb9'),('f4dce0a8-4414-45db-b1c2-5d6d8415ad6a','e81f6d5a-d28d-4aea-9771-ca26ef984530',79.00,'B1',2,'Present',NULL,1,'2ee54d2c-dcce-4596-a137-20b494a1b7a4','{}','2026-05-27 22:34:50','2026-05-27 22:34:50',1,NULL,NULL,NULL,NULL,'659a72a6-284a-4b1b-b460-018096237cb9'),('739d18af-3650-486d-99d9-404b858c368e','e77aeb23-e06c-4060-940b-e98c6076ae15',54.00,'C1',8,'Present',NULL,1,'31023ae2-ceae-41dc-bffe-451b16df823b','{}','2026-05-27 22:34:50','2026-05-27 22:34:50',1,NULL,NULL,NULL,NULL,'659a72a6-284a-4b1b-b460-018096237cb9'),('79a57a02-5696-4576-9f1a-1f618f0ac3c3','a81dcd18-15ed-467b-8583-60cbf3665752',62.00,'B2',6,'Present',NULL,1,'32a43e16-d97c-4a6c-a0ab-d1f7e3eb1956','{}','2026-05-27 22:34:50','2026-05-27 22:34:50',1,NULL,NULL,NULL,NULL,'659a72a6-284a-4b1b-b460-018096237cb9'),('f4dce0a8-4414-45db-b1c2-5d6d8415ad6a','4297c48a-a425-4828-961d-1e09369bda04',78.00,'B1',3,'Present',NULL,1,'32aa6996-c38f-4e88-82f5-48e7adc5db20','{}','2026-05-27 22:34:50','2026-05-27 22:34:50',1,NULL,NULL,NULL,NULL,'659a72a6-284a-4b1b-b460-018096237cb9'),('bbb81088-aab4-467b-8891-6327ebcbb46a','6bc40a80-af77-4da5-b009-098e08d37281',49.00,'C2',8,'Present',NULL,1,'33b9979b-4e8d-4f49-859b-eac7dd933a42','{}','2026-05-27 22:34:50','2026-05-27 22:34:50',1,NULL,NULL,NULL,NULL,'659a72a6-284a-4b1b-b460-018096237cb9'),('3b1d3b18-4f4b-475a-a851-77f33d75a1aa','a81dcd18-15ed-467b-8583-60cbf3665752',63.00,'B2',6,'Present',NULL,1,'36320bb2-35ae-4375-9fcc-d9ad6c495c70','{}','2026-05-27 22:34:50','2026-05-27 22:34:50',1,NULL,NULL,NULL,NULL,'659a72a6-284a-4b1b-b460-018096237cb9'),('b1373c63-1755-43b8-bd96-bd3bce0976f5','dac10e09-9beb-4354-afaf-4f4bd6dc23a6',84.00,'A2',3,'Present',NULL,1,'36489e04-4982-43ee-9834-786348303da2','{}','2026-05-27 22:34:50','2026-05-27 22:34:50',1,NULL,NULL,NULL,NULL,'659a72a6-284a-4b1b-b460-018096237cb9'),('5f55f6ec-9c06-4d6e-a67a-0c74baa85ef4','8439d760-20b7-4d8f-a0c9-40e1b2dfba6a',66.00,'B2',5,'Present',NULL,1,'37a3eb83-a454-4370-90e4-c76af93eb525','{}','2026-05-27 22:34:50','2026-05-27 22:34:50',1,NULL,NULL,NULL,NULL,'659a72a6-284a-4b1b-b460-018096237cb9'),('739d18af-3650-486d-99d9-404b858c368e','dcd9ac28-b22f-41ce-90e8-46b4dfae4799',94.00,'A1',1,'Present',NULL,1,'3a2047d1-5b4e-4d7b-8566-0530e3f83a3a','{}','2026-05-27 22:34:50','2026-05-27 22:34:50',1,NULL,NULL,NULL,NULL,'659a72a6-284a-4b1b-b460-018096237cb9'),('b8ce04ea-b9a5-4700-aa66-d10e827d1a87','154dba0d-46f1-4ba7-a1a6-6f5bc2ed051c',55.00,'C1',7,'Present',NULL,1,'40c2962e-16c4-4b55-aa40-493814390e48','{}','2026-05-27 22:34:50','2026-05-27 22:34:50',1,NULL,NULL,NULL,NULL,'659a72a6-284a-4b1b-b460-018096237cb9'),('3b1d3b18-4f4b-475a-a851-77f33d75a1aa','4297c48a-a425-4828-961d-1e09369bda04',75.00,'B1',3,'Present',NULL,1,'4183fd14-12de-4298-8c97-bf06daaf5ced','{}','2026-05-27 22:34:50','2026-05-27 22:34:50',1,NULL,NULL,NULL,NULL,'659a72a6-284a-4b1b-b460-018096237cb9'),('89b4f81e-f245-4de2-8831-6d9c3a220b30','c590e7e3-c666-4da3-8a68-91f07dbbbadf',70.00,'B2',4,'Present',NULL,1,'42068f01-ed9d-4425-844d-cd75e02826be','{}','2026-05-27 22:34:50','2026-05-27 22:34:50',1,NULL,NULL,NULL,NULL,'659a72a6-284a-4b1b-b460-018096237cb9'),('89b4f81e-f245-4de2-8831-6d9c3a220b30','a0a7ebf8-7824-4bf1-a8b3-401b0fcf1801',87.00,'A2',1,'Present',NULL,1,'42ec7516-00dc-4a30-9dba-6f586bd4d252','{}','2026-05-27 22:34:50','2026-05-27 22:34:50',1,NULL,NULL,NULL,NULL,'659a72a6-284a-4b1b-b460-018096237cb9'),('a2a7911e-b7d2-4be7-b6be-972c0685828c','980a5137-5d5f-48de-927d-f2d2db672c2f',64.00,'B2',5,'Present',NULL,1,'469d575f-6422-4f13-a668-ae00dbd2116b','{}','2026-05-27 22:34:50','2026-05-27 22:34:50',1,NULL,NULL,NULL,NULL,'659a72a6-284a-4b1b-b460-018096237cb9'),('b1373c63-1755-43b8-bd96-bd3bce0976f5','35fee766-a623-4c7f-acd1-aad490913162',49.00,'C2',6,'Present',NULL,1,'47f182b6-0eda-4bb9-9ad8-fff9ff307a01','{}','2026-05-27 22:34:50','2026-05-27 22:34:50',1,NULL,NULL,NULL,NULL,'659a72a6-284a-4b1b-b460-018096237cb9'),('79a57a02-5696-4576-9f1a-1f618f0ac3c3','4297c48a-a425-4828-961d-1e09369bda04',85.00,'A2',3,'Present',NULL,1,'4a9f5ed4-f467-4428-b376-128042f850bd','{}','2026-05-27 22:34:50','2026-05-27 22:34:50',1,NULL,NULL,NULL,NULL,'659a72a6-284a-4b1b-b460-018096237cb9'),('d9cdf6c8-c8d4-420d-a28e-2bf8aaab29a4','a81dcd18-15ed-467b-8583-60cbf3665752',67.00,'B2',6,'Present',NULL,1,'4b9b47d7-31ba-4ad6-bc1f-86aa3b3ec1b7','{}','2026-05-27 22:34:50','2026-05-27 22:34:50',1,NULL,NULL,NULL,NULL,'659a72a6-284a-4b1b-b460-018096237cb9'),('bbb81088-aab4-467b-8891-6327ebcbb46a','cff46e7b-0ff3-4ed5-84d8-f64ec9ce9811',83.00,'A2',3,'Present',NULL,1,'4e6fe9ab-204c-4b1e-bc13-948582c9b1c6','{}','2026-05-27 22:34:50','2026-05-27 22:34:50',1,NULL,NULL,NULL,NULL,'659a72a6-284a-4b1b-b460-018096237cb9'),('89b4f81e-f245-4de2-8831-6d9c3a220b30','cff46e7b-0ff3-4ed5-84d8-f64ec9ce9811',73.00,'B1',3,'Present',NULL,1,'53ddc048-7a41-48dc-a6d2-d1fbbc8827c0','{}','2026-05-27 22:34:50','2026-05-27 22:34:50',1,NULL,NULL,NULL,NULL,'659a72a6-284a-4b1b-b460-018096237cb9'),('3b1d3b18-4f4b-475a-a851-77f33d75a1aa','e77aeb23-e06c-4060-940b-e98c6076ae15',47.00,'C2',8,'Present',NULL,1,'541d0847-0e94-4bbf-a71b-9bfcd2f6f0a3','{}','2026-05-27 22:34:50','2026-05-27 22:34:50',1,NULL,NULL,NULL,NULL,'659a72a6-284a-4b1b-b460-018096237cb9'),('739d18af-3650-486d-99d9-404b858c368e','4297c48a-a425-4828-961d-1e09369bda04',82.00,'A2',3,'Present',NULL,1,'59133072-b2aa-47bd-b992-94419851940b','{}','2026-05-27 22:34:50','2026-05-27 22:34:50',1,NULL,NULL,NULL,NULL,'659a72a6-284a-4b1b-b460-018096237cb9'),('0efad319-3d0b-4cf4-a140-e3b512823580','fea91fe4-40b6-422d-b549-b4089cc7223d',85.00,'A2',2,'Present',NULL,1,'595dc8ba-5546-4303-a7fa-de0d8fb66aea','{}','2026-05-27 22:34:50','2026-05-27 22:34:50',1,NULL,NULL,NULL,NULL,'659a72a6-284a-4b1b-b460-018096237cb9'),('b1373c63-1755-43b8-bd96-bd3bce0976f5','20ae1e67-5fb3-48ac-89f7-f47dda7407c1',63.00,'B2',4,'Present',NULL,1,'5fa625b0-e714-4b3c-8dfe-7e50c40f98ac','{}','2026-05-27 22:34:50','2026-05-27 22:34:50',1,NULL,NULL,NULL,NULL,'659a72a6-284a-4b1b-b460-018096237cb9'),('bbb81088-aab4-467b-8891-6327ebcbb46a','0e9e1858-b649-4961-8e79-561f6e058836',77.00,'B1',5,'Present',NULL,1,'60940b18-5368-4c8b-9627-69692c1468fe','{}','2026-05-27 22:34:50','2026-05-27 22:34:50',1,NULL,NULL,NULL,NULL,'659a72a6-284a-4b1b-b460-018096237cb9'),('b8ce04ea-b9a5-4700-aa66-d10e827d1a87','8439d760-20b7-4d8f-a0c9-40e1b2dfba6a',67.00,'B2',5,'Present',NULL,1,'6180ae26-712c-455e-8c4d-f7f7d9a6ce09','{}','2026-05-27 22:34:50','2026-05-27 22:34:50',1,NULL,NULL,NULL,NULL,'659a72a6-284a-4b1b-b460-018096237cb9'),('85b9a13d-839c-4497-8dd8-bd82acb6ea1d','0e9e1858-b649-4961-8e79-561f6e058836',55.00,'C1',5,'Present',NULL,1,'61c992da-f1d8-470e-8d9f-0077e79178ea','{}','2026-05-27 22:34:50','2026-05-27 22:34:50',1,NULL,NULL,NULL,NULL,'659a72a6-284a-4b1b-b460-018096237cb9'),('3b1d3b18-4f4b-475a-a851-77f33d75a1aa','e81f6d5a-d28d-4aea-9771-ca26ef984530',75.00,'B1',2,'Present',NULL,1,'67059946-e797-4b57-afa3-9d0c0df006c1','{}','2026-05-27 22:34:50','2026-05-27 22:34:50',1,NULL,NULL,NULL,NULL,'659a72a6-284a-4b1b-b460-018096237cb9'),('f4dce0a8-4414-45db-b1c2-5d6d8415ad6a','4a81aff3-2e60-460f-98e1-fd7afc013c21',71.00,'B1',4,'Present',NULL,1,'67070d73-2993-4c89-b0e0-a516f15457d3','{}','2026-05-27 22:34:50','2026-05-27 22:34:50',1,NULL,NULL,NULL,NULL,'659a72a6-284a-4b1b-b460-018096237cb9'),('5f55f6ec-9c06-4d6e-a67a-0c74baa85ef4','20ae1e67-5fb3-48ac-89f7-f47dda7407c1',68.00,'B2',4,'Present',NULL,1,'68568163-42b4-4eb5-879c-439441fa4096','{}','2026-05-27 22:34:50','2026-05-27 22:34:50',1,NULL,NULL,NULL,NULL,'659a72a6-284a-4b1b-b460-018096237cb9'),('16be6f28-4ada-44ec-aa42-0d9823a9100d','e77aeb23-e06c-4060-940b-e98c6076ae15',47.00,'C2',8,'Present',NULL,1,'69e341a7-8443-49d1-a4b7-ff1f66c23e48','{}','2026-05-27 22:34:50','2026-05-27 22:34:50',1,NULL,NULL,NULL,NULL,'659a72a6-284a-4b1b-b460-018096237cb9'),('85b9a13d-839c-4497-8dd8-bd82acb6ea1d','1db8fd34-b725-4da4-8665-a5534238f137',49.00,'C2',7,'Present',NULL,1,'6d2b8cdb-f592-4650-85f7-d582ddc31fa6','{}','2026-05-27 22:34:50','2026-05-27 22:34:50',1,NULL,NULL,NULL,NULL,'659a72a6-284a-4b1b-b460-018096237cb9'),('16be6f28-4ada-44ec-aa42-0d9823a9100d','e81f6d5a-d28d-4aea-9771-ca26ef984530',92.00,'A1',2,'Present',NULL,1,'6dfc3bbb-9936-4fcb-af07-2e58785cb520','{}','2026-05-27 22:34:50','2026-05-27 22:34:50',1,NULL,NULL,NULL,NULL,'659a72a6-284a-4b1b-b460-018096237cb9'),('3b1d3b18-4f4b-475a-a851-77f33d75a1aa','42e817b5-8abc-43aa-8a80-3e98221c4ab6',67.00,'B2',5,'Present',NULL,1,'6fb774ef-ef7d-4891-b852-c8ce8bc2199d','{}','2026-05-27 22:34:50','2026-05-27 22:34:50',1,NULL,NULL,NULL,NULL,'659a72a6-284a-4b1b-b460-018096237cb9'),('5f55f6ec-9c06-4d6e-a67a-0c74baa85ef4','ff8d12ed-6489-43dd-b2b1-88c02d42f826',52.00,'C1',8,'Present',NULL,1,'76e95587-a416-4148-8959-672a55e8601e','{}','2026-05-27 22:34:50','2026-05-27 22:34:50',1,NULL,NULL,NULL,NULL,'659a72a6-284a-4b1b-b460-018096237cb9'),('85b9a13d-839c-4497-8dd8-bd82acb6ea1d','a8cc521b-8de9-42c5-8500-6c7c0638d050',58.00,'C1',2,'Present',NULL,1,'798a622a-9034-43be-88fb-44561abac002','{}','2026-05-27 22:34:50','2026-05-27 22:34:50',1,NULL,NULL,NULL,NULL,'659a72a6-284a-4b1b-b460-018096237cb9'),('0efad319-3d0b-4cf4-a140-e3b512823580','d1ca8baf-ef87-4b9a-84fc-694cde5ad95f',54.00,'C1',6,'Present',NULL,1,'79d466b5-7b5e-4439-b18d-b23837b15b38','{}','2026-05-27 22:34:50','2026-05-27 22:34:50',1,NULL,NULL,NULL,NULL,'659a72a6-284a-4b1b-b460-018096237cb9'),('739d18af-3650-486d-99d9-404b858c368e','a81dcd18-15ed-467b-8583-60cbf3665752',62.00,'B2',6,'Present',NULL,1,'802f02b1-ba4e-41a8-9d2f-9bbc905190ff','{}','2026-05-27 22:34:50','2026-05-27 22:34:50',1,NULL,NULL,NULL,NULL,'659a72a6-284a-4b1b-b460-018096237cb9'),('89b4f81e-f245-4de2-8831-6d9c3a220b30','0e9e1858-b649-4961-8e79-561f6e058836',53.00,'C1',5,'Present',NULL,1,'892eda43-08cc-4750-aa84-6056d5c12ae4','{}','2026-05-27 22:34:50','2026-05-27 22:34:50',1,NULL,NULL,NULL,NULL,'659a72a6-284a-4b1b-b460-018096237cb9'),('0efad319-3d0b-4cf4-a140-e3b512823580','980a5137-5d5f-48de-927d-f2d2db672c2f',65.00,'B2',5,'Absent',NULL,1,'89c22765-5a5e-44b6-97fa-5ce0626e3e1c','{}','2026-05-27 22:34:50','2026-05-27 22:34:50',1,NULL,NULL,NULL,NULL,'659a72a6-284a-4b1b-b460-018096237cb9'),('a2a7911e-b7d2-4be7-b6be-972c0685828c','d1ca8baf-ef87-4b9a-84fc-694cde5ad95f',54.00,'C1',6,'Present',NULL,1,'8fe90b89-e4a1-4783-a1ca-3dd4a0f34ae7','{}','2026-05-27 22:34:50','2026-05-27 22:34:50',1,NULL,NULL,NULL,NULL,'659a72a6-284a-4b1b-b460-018096237cb9'),('739d18af-3650-486d-99d9-404b858c368e','e81f6d5a-d28d-4aea-9771-ca26ef984530',94.00,'A1',2,'Present',NULL,1,'92c6baca-8821-4623-8eb0-8b54bfe4c14a','{}','2026-05-27 22:34:50','2026-05-27 22:34:50',1,NULL,NULL,NULL,NULL,'659a72a6-284a-4b1b-b460-018096237cb9'),('a2a7911e-b7d2-4be7-b6be-972c0685828c','9398407c-f2ab-4629-b6a0-9b843f8761fb',45.00,'C2',8,'Present',NULL,1,'98e79e95-c37a-459d-9659-d14d2941506d','{}','2026-05-27 22:34:50','2026-05-27 22:34:50',1,NULL,NULL,NULL,NULL,'659a72a6-284a-4b1b-b460-018096237cb9'),('739d18af-3650-486d-99d9-404b858c368e','718e064c-26d8-4d8e-8bbb-fcebd31f70b1',61.00,'B2',7,'Present',NULL,1,'9a043b49-abb0-412b-8f18-0b6dfafe0c0d','{}','2026-05-27 22:34:50','2026-05-27 22:34:50',1,NULL,NULL,NULL,NULL,'659a72a6-284a-4b1b-b460-018096237cb9'),('f4dce0a8-4414-45db-b1c2-5d6d8415ad6a','a81dcd18-15ed-467b-8583-60cbf3665752',59.00,'C1',6,'Present',NULL,1,'9a24dc55-1c03-4cef-8114-bd73079604c0','{}','2026-05-27 22:34:50','2026-05-27 22:34:50',1,NULL,NULL,NULL,NULL,'659a72a6-284a-4b1b-b460-018096237cb9'),('16be6f28-4ada-44ec-aa42-0d9823a9100d','dcd9ac28-b22f-41ce-90e8-46b4dfae4799',96.00,'A1',1,'Present',NULL,1,'9b986168-1010-44d3-9d49-a804500c7088','{}','2026-05-27 22:34:50','2026-05-27 22:34:50',1,NULL,NULL,NULL,NULL,'659a72a6-284a-4b1b-b460-018096237cb9'),('5f55f6ec-9c06-4d6e-a67a-0c74baa85ef4','dac10e09-9beb-4354-afaf-4f4bd6dc23a6',70.00,'B2',3,'Present',NULL,1,'a12f4764-454f-40a3-8a36-0f1331ea694e','{}','2026-05-27 22:34:50','2026-05-27 22:34:50',1,NULL,NULL,NULL,NULL,'659a72a6-284a-4b1b-b460-018096237cb9'),('5f55f6ec-9c06-4d6e-a67a-0c74baa85ef4','0a3f6d58-7348-4c37-ab09-ebe0238a3b1f',83.00,'A2',2,'Absent',NULL,1,'a3b2f16e-69ab-4c6b-88bf-bb0347f82141','{}','2026-05-27 22:34:50','2026-05-27 22:34:50',1,NULL,NULL,NULL,NULL,'659a72a6-284a-4b1b-b460-018096237cb9'),('b1373c63-1755-43b8-bd96-bd3bce0976f5','e32641ce-926f-4338-ac29-3f2a89e94524',86.00,'A2',1,'Present',NULL,1,'a7183cad-9824-4dd1-89a2-5b8fe5353bc7','{}','2026-05-27 22:34:50','2026-05-27 22:34:50',1,NULL,NULL,NULL,NULL,'659a72a6-284a-4b1b-b460-018096237cb9'),('f4dce0a8-4414-45db-b1c2-5d6d8415ad6a','718e064c-26d8-4d8e-8bbb-fcebd31f70b1',56.00,'C1',7,'Present',NULL,1,'a9965a4d-d68d-4ba8-b799-6461d2476c0d','{}','2026-05-27 22:34:50','2026-05-27 22:34:50',1,NULL,NULL,NULL,NULL,'659a72a6-284a-4b1b-b460-018096237cb9'),('5f55f6ec-9c06-4d6e-a67a-0c74baa85ef4','154dba0d-46f1-4ba7-a1a6-6f5bc2ed051c',52.00,'C1',7,'Present',NULL,1,'aaa02a99-0aca-4e88-84ae-bdd9437ff17d','{}','2026-05-27 22:34:50','2026-05-27 22:34:50',1,NULL,NULL,NULL,NULL,'659a72a6-284a-4b1b-b460-018096237cb9'),('b8ce04ea-b9a5-4700-aa66-d10e827d1a87','ff8d12ed-6489-43dd-b2b1-88c02d42f826',47.00,'C2',8,'Present',NULL,1,'abcb6a5e-fd0a-4b24-8ea1-1f3134a7145e','{}','2026-05-27 22:34:50','2026-05-27 22:34:50',1,NULL,NULL,NULL,NULL,'659a72a6-284a-4b1b-b460-018096237cb9'),('85b9a13d-839c-4497-8dd8-bd82acb6ea1d','467b52aa-b799-43d5-b6cc-ca9f96b7a907',52.00,'C1',6,'Present',NULL,1,'afe99b8e-7798-41e0-b9ae-d1588440f059','{}','2026-05-27 22:34:50','2026-05-27 22:34:50',1,NULL,NULL,NULL,NULL,'659a72a6-284a-4b1b-b460-018096237cb9'),('89b4f81e-f245-4de2-8831-6d9c3a220b30','467b52aa-b799-43d5-b6cc-ca9f96b7a907',53.00,'C1',6,'Present',NULL,1,'b266826b-945b-4df1-b1ce-d2f1e0a01d84','{}','2026-05-27 22:34:50','2026-05-27 22:34:50',1,NULL,NULL,NULL,NULL,'659a72a6-284a-4b1b-b460-018096237cb9'),('b8ce04ea-b9a5-4700-aa66-d10e827d1a87','20ae1e67-5fb3-48ac-89f7-f47dda7407c1',84.00,'A2',4,'Present',NULL,1,'b2def46c-aa73-4995-ba5a-277d1727b337','{}','2026-05-27 22:34:50','2026-05-27 22:34:50',1,NULL,NULL,NULL,NULL,'659a72a6-284a-4b1b-b460-018096237cb9'),('6f474302-fc48-4ae1-9d7b-a3fb2fc93406','0e9e1858-b649-4961-8e79-561f6e058836',62.00,'B2',5,'Present',NULL,1,'b313aafc-fc4c-45d3-89ef-fe16c98a44b0','{}','2026-05-27 22:34:50','2026-05-27 22:34:50',1,NULL,NULL,NULL,NULL,'659a72a6-284a-4b1b-b460-018096237cb9'),('b1373c63-1755-43b8-bd96-bd3bce0976f5','154dba0d-46f1-4ba7-a1a6-6f5bc2ed051c',49.00,'C2',7,'Present',NULL,1,'b3f58c8b-8694-4764-981d-f1f998f9cacd','{}','2026-05-27 22:34:50','2026-05-27 22:34:50',1,NULL,NULL,NULL,NULL,'659a72a6-284a-4b1b-b460-018096237cb9'),('16be6f28-4ada-44ec-aa42-0d9823a9100d','42e817b5-8abc-43aa-8a80-3e98221c4ab6',89.00,'A2',5,'Present',NULL,1,'bb4c0eca-3541-493b-8925-c2217a6b52b6','{}','2026-05-27 22:34:50','2026-05-27 22:34:50',1,NULL,NULL,NULL,NULL,'659a72a6-284a-4b1b-b460-018096237cb9'),('79a57a02-5696-4576-9f1a-1f618f0ac3c3','e81f6d5a-d28d-4aea-9771-ca26ef984530',88.00,'A2',2,'Present',NULL,1,'bb614508-a64c-4ec6-bce4-dae0468d0a5b','{}','2026-05-27 22:34:50','2026-05-27 22:34:50',1,NULL,NULL,NULL,NULL,'659a72a6-284a-4b1b-b460-018096237cb9'),('0efad319-3d0b-4cf4-a140-e3b512823580','ac753b58-b0cf-49a4-bb08-399faee3076d',70.00,'B2',4,'Present',NULL,1,'bdde14c1-ba55-4576-b82a-5dbc45b3b917','{}','2026-05-27 22:34:50','2026-05-27 22:34:50',1,NULL,NULL,NULL,NULL,'659a72a6-284a-4b1b-b460-018096237cb9'),('79a57a02-5696-4576-9f1a-1f618f0ac3c3','718e064c-26d8-4d8e-8bbb-fcebd31f70b1',55.00,'C1',7,'Present',NULL,1,'beb80629-4cd7-4caa-9ade-e2672f52748e','{}','2026-05-27 22:34:50','2026-05-27 22:34:50',1,NULL,NULL,NULL,NULL,'659a72a6-284a-4b1b-b460-018096237cb9'),('a2a7911e-b7d2-4be7-b6be-972c0685828c','fea91fe4-40b6-422d-b549-b4089cc7223d',89.00,'A2',2,'Present',NULL,1,'c238d8a8-6a18-4e57-a939-cd9c90f9feb8','{}','2026-05-27 22:34:50','2026-05-27 22:34:50',1,NULL,NULL,NULL,NULL,'659a72a6-284a-4b1b-b460-018096237cb9'),('bbb81088-aab4-467b-8891-6327ebcbb46a','a0a7ebf8-7824-4bf1-a8b3-401b0fcf1801',95.00,'A1',1,'Present',NULL,1,'c79a3cc6-0430-465b-89f7-33b6fd1b7b96','{}','2026-05-27 22:34:50','2026-05-27 22:34:50',1,NULL,NULL,NULL,NULL,'659a72a6-284a-4b1b-b460-018096237cb9'),('89b4f81e-f245-4de2-8831-6d9c3a220b30','6bc40a80-af77-4da5-b009-098e08d37281',49.00,'C2',8,'Present',NULL,1,'c803dbce-6092-463c-b5da-a4fe34a256b4','{}','2026-05-27 22:34:50','2026-05-27 22:34:50',1,NULL,NULL,NULL,NULL,'659a72a6-284a-4b1b-b460-018096237cb9'),('a2a7911e-b7d2-4be7-b6be-972c0685828c','ac753b58-b0cf-49a4-bb08-399faee3076d',66.00,'B2',4,'Present',NULL,1,'c99358d6-fb63-4eb1-9a34-d01586acfc9e','{}','2026-05-27 22:34:50','2026-05-27 22:34:50',1,NULL,NULL,NULL,NULL,'659a72a6-284a-4b1b-b460-018096237cb9'),('0efad319-3d0b-4cf4-a140-e3b512823580','96cc2aff-1541-447c-8d31-35c2f80d4428',50.00,'C2',7,'Present',NULL,1,'ce3a1b4e-41ee-4a0e-a0a5-cfd9bd8ad239','{}','2026-05-27 22:34:50','2026-05-27 22:34:50',1,NULL,NULL,NULL,NULL,'659a72a6-284a-4b1b-b460-018096237cb9'),('5f55f6ec-9c06-4d6e-a67a-0c74baa85ef4','e32641ce-926f-4338-ac29-3f2a89e94524',98.00,'A1',1,'Present',NULL,1,'cf958591-70c5-4fca-b4b2-c1fc996d297e','{}','2026-05-27 22:34:50','2026-05-27 22:34:50',1,NULL,NULL,NULL,NULL,'659a72a6-284a-4b1b-b460-018096237cb9'),('16be6f28-4ada-44ec-aa42-0d9823a9100d','a81dcd18-15ed-467b-8583-60cbf3665752',86.00,'A2',6,'Present',NULL,1,'d0347151-f1cf-47b9-b89a-4fb51454951b','{}','2026-05-27 22:34:50','2026-05-27 22:34:50',1,NULL,NULL,NULL,NULL,'659a72a6-284a-4b1b-b460-018096237cb9'),('6f474302-fc48-4ae1-9d7b-a3fb2fc93406','1db8fd34-b725-4da4-8665-a5534238f137',49.00,'C2',7,'Present',NULL,1,'d291ccd7-ffc8-44c9-9cc7-e77856d7cc47','{}','2026-05-27 22:34:50','2026-05-27 22:34:50',1,NULL,NULL,NULL,NULL,'659a72a6-284a-4b1b-b460-018096237cb9'),('b8ce04ea-b9a5-4700-aa66-d10e827d1a87','dac10e09-9beb-4354-afaf-4f4bd6dc23a6',92.00,'A1',3,'Present',NULL,1,'d316801a-cd0c-4765-95db-7cdd73e0ae79','{}','2026-05-27 22:34:50','2026-05-27 22:34:50',1,NULL,NULL,NULL,NULL,'659a72a6-284a-4b1b-b460-018096237cb9'),('85b9a13d-839c-4497-8dd8-bd82acb6ea1d','a0a7ebf8-7824-4bf1-a8b3-401b0fcf1801',80.00,'B1',1,'Present',NULL,1,'d4afb356-7cb8-44bc-9d30-a87eb3468968','{}','2026-05-27 22:34:50','2026-05-27 22:34:50',1,NULL,NULL,NULL,NULL,'659a72a6-284a-4b1b-b460-018096237cb9'),('d9cdf6c8-c8d4-420d-a28e-2bf8aaab29a4','4297c48a-a425-4828-961d-1e09369bda04',87.00,'A2',3,'Present',NULL,1,'d4e02bcc-7c25-41ae-865d-8125407dac61','{}','2026-05-27 22:34:50','2026-05-27 22:34:50',1,NULL,NULL,NULL,NULL,'659a72a6-284a-4b1b-b460-018096237cb9'),('f4dce0a8-4414-45db-b1c2-5d6d8415ad6a','42e817b5-8abc-43aa-8a80-3e98221c4ab6',69.00,'B2',5,'Present',NULL,1,'d8448078-53aa-4364-b792-d85e5186ae7a','{}','2026-05-27 22:34:50','2026-05-27 22:34:50',1,NULL,NULL,NULL,NULL,'659a72a6-284a-4b1b-b460-018096237cb9'),('f4dce0a8-4414-45db-b1c2-5d6d8415ad6a','dcd9ac28-b22f-41ce-90e8-46b4dfae4799',89.00,'A2',1,'Present',NULL,1,'dd5317fe-ee75-42bb-b230-ee01250a1760','{}','2026-05-27 22:34:50','2026-05-27 22:34:50',1,NULL,NULL,NULL,NULL,'659a72a6-284a-4b1b-b460-018096237cb9'),('739d18af-3650-486d-99d9-404b858c368e','4a81aff3-2e60-460f-98e1-fd7afc013c21',70.00,'B2',4,'Present',NULL,1,'de68dc5d-868e-4617-85cd-30912cd83eab','{}','2026-05-27 22:34:50','2026-05-27 22:34:50',1,NULL,NULL,NULL,NULL,'659a72a6-284a-4b1b-b460-018096237cb9'),('b8ce04ea-b9a5-4700-aa66-d10e827d1a87','e32641ce-926f-4338-ac29-3f2a89e94524',98.00,'A1',1,'Present',NULL,1,'dfacf45a-696c-4b56-b0eb-26664f1f034a','{}','2026-05-27 22:34:50','2026-05-27 22:34:50',1,NULL,NULL,NULL,NULL,'659a72a6-284a-4b1b-b460-018096237cb9'),('b8ce04ea-b9a5-4700-aa66-d10e827d1a87','35fee766-a623-4c7f-acd1-aad490913162',62.00,'B2',6,'Present',NULL,1,'e03e6329-b066-4b3d-9752-fee0777529dd','{}','2026-05-27 22:34:50','2026-05-27 22:34:50',1,NULL,NULL,NULL,NULL,'659a72a6-284a-4b1b-b460-018096237cb9'),('bbb81088-aab4-467b-8891-6327ebcbb46a','a8cc521b-8de9-42c5-8500-6c7c0638d050',93.00,'A1',2,'Present',NULL,1,'e0ed4973-0eb2-4aed-b12f-d2975110ff27','{}','2026-05-27 22:34:50','2026-05-27 22:34:50',1,NULL,NULL,NULL,NULL,'659a72a6-284a-4b1b-b460-018096237cb9'),('79a57a02-5696-4576-9f1a-1f618f0ac3c3','4a81aff3-2e60-460f-98e1-fd7afc013c21',70.00,'B2',4,'Present',NULL,1,'e19d3e75-b3cd-4a16-8f0c-ce249368131d','{}','2026-05-27 22:34:50','2026-05-27 22:34:50',1,NULL,NULL,NULL,NULL,'659a72a6-284a-4b1b-b460-018096237cb9'),('d9cdf6c8-c8d4-420d-a28e-2bf8aaab29a4','e77aeb23-e06c-4060-940b-e98c6076ae15',49.00,'C2',8,'Present',NULL,1,'e5733e37-6a5d-4457-9449-00c02181d223','{}','2026-05-27 22:34:50','2026-05-27 22:34:50',1,NULL,NULL,NULL,NULL,'659a72a6-284a-4b1b-b460-018096237cb9'),('16be6f28-4ada-44ec-aa42-0d9823a9100d','718e064c-26d8-4d8e-8bbb-fcebd31f70b1',66.00,'B2',7,'Absent',NULL,1,'e9b11959-93f1-47f5-9e39-d2e4ef52e5fd','{}','2026-05-27 22:34:50','2026-05-27 22:34:50',1,NULL,NULL,NULL,NULL,'659a72a6-284a-4b1b-b460-018096237cb9'),('bbb81088-aab4-467b-8891-6327ebcbb46a','467b52aa-b799-43d5-b6cc-ca9f96b7a907',66.00,'B2',6,'Present',NULL,1,'ebb81f05-5892-46a7-8a19-1d6a2860f562','{}','2026-05-27 22:34:50','2026-05-27 22:34:50',1,NULL,NULL,NULL,NULL,'659a72a6-284a-4b1b-b460-018096237cb9'),('6f474302-fc48-4ae1-9d7b-a3fb2fc93406','a0a7ebf8-7824-4bf1-a8b3-401b0fcf1801',89.00,'A2',1,'Present',NULL,1,'ebcf3065-886f-4d45-85b7-acab62cc4580','{}','2026-05-27 22:34:50','2026-05-27 22:34:50',1,NULL,NULL,NULL,NULL,'659a72a6-284a-4b1b-b460-018096237cb9'),('3b1d3b18-4f4b-475a-a851-77f33d75a1aa','718e064c-26d8-4d8e-8bbb-fcebd31f70b1',51.00,'C1',7,'Present',NULL,1,'ec9d0960-d7d3-46e2-aa7c-690cf6eefeac','{}','2026-05-27 22:34:50','2026-05-27 22:34:50',1,NULL,NULL,NULL,NULL,'659a72a6-284a-4b1b-b460-018096237cb9'),('a2a7911e-b7d2-4be7-b6be-972c0685828c','96cc2aff-1541-447c-8d31-35c2f80d4428',45.00,'C2',7,'Present',NULL,1,'efdbf879-da05-40aa-ad9b-5645910ce551','{}','2026-05-27 22:34:50','2026-05-27 22:34:50',1,NULL,NULL,NULL,NULL,'659a72a6-284a-4b1b-b460-018096237cb9'),('0efad319-3d0b-4cf4-a140-e3b512823580','21a9a63c-efc4-4459-b072-61b898412a5a',76.00,'B1',3,'Present',NULL,1,'f09e439e-1c8c-46b5-8858-deb4c4891a07','{}','2026-05-27 22:34:50','2026-05-27 22:34:50',1,NULL,NULL,NULL,NULL,'659a72a6-284a-4b1b-b460-018096237cb9'),('f4dce0a8-4414-45db-b1c2-5d6d8415ad6a','e77aeb23-e06c-4060-940b-e98c6076ae15',52.00,'C1',8,'Present',NULL,1,'f119d270-2b75-4598-bb9c-29d7d8f81a3a','{}','2026-05-27 22:34:50','2026-05-27 22:34:50',1,NULL,NULL,NULL,NULL,'659a72a6-284a-4b1b-b460-018096237cb9'),('0efad319-3d0b-4cf4-a140-e3b512823580','b656d8da-0176-43e6-b53d-0cb4c7bab509',88.00,'A2',1,'Present',NULL,1,'f193f6dd-bcca-407f-9585-c459f948515f','{}','2026-05-27 22:34:50','2026-05-27 22:34:50',1,NULL,NULL,NULL,NULL,'659a72a6-284a-4b1b-b460-018096237cb9'),('6f474302-fc48-4ae1-9d7b-a3fb2fc93406','a8cc521b-8de9-42c5-8500-6c7c0638d050',80.00,'B1',2,'Present',NULL,1,'f2caab80-3754-42b9-a21b-66fc11c1a38f','{}','2026-05-27 22:34:50','2026-05-27 22:34:50',1,NULL,NULL,NULL,NULL,'659a72a6-284a-4b1b-b460-018096237cb9'),('b1373c63-1755-43b8-bd96-bd3bce0976f5','8439d760-20b7-4d8f-a0c9-40e1b2dfba6a',62.00,'B2',5,'Present',NULL,1,'f5677fd1-a102-4eb5-b253-1fc9ae8cdc84','{}','2026-05-27 22:34:50','2026-05-27 22:34:50',1,NULL,NULL,NULL,NULL,'659a72a6-284a-4b1b-b460-018096237cb9'),('85b9a13d-839c-4497-8dd8-bd82acb6ea1d','6bc40a80-af77-4da5-b009-098e08d37281',46.00,'C2',8,'Present',NULL,1,'f7eae9ae-ffa1-46a6-a6d3-33edbfbfd7a7','{}','2026-05-27 22:34:50','2026-05-27 22:34:50',1,NULL,NULL,NULL,NULL,'659a72a6-284a-4b1b-b460-018096237cb9'),('16be6f28-4ada-44ec-aa42-0d9823a9100d','4a81aff3-2e60-460f-98e1-fd7afc013c21',90.00,'A2',4,'Present',NULL,1,'fe6dc58b-dc48-41db-b43c-90ae73aae72d','{}','2026-05-27 22:34:50','2026-05-27 22:34:50',1,NULL,NULL,NULL,NULL,'659a72a6-284a-4b1b-b460-018096237cb9');
/*!40000 ALTER TABLE `exam_results` ENABLE KEYS */;
UNLOCK TABLES;

--
-- Table structure for table `exams`
--

DROP TABLE IF EXISTS `exams`;
/*!40101 SET @saved_cs_client     = @@character_set_client */;
/*!50503 SET character_set_client = utf8mb4 */;
CREATE TABLE `exams` (
  `academic_year_id` char(36) CHARACTER SET utf8mb4 COLLATE utf8mb4_unicode_ci NOT NULL,
  `name` varchar(255) CHARACTER SET utf8mb4 COLLATE utf8mb4_unicode_ci NOT NULL,
  `exam_type` varchar(50) CHARACTER SET utf8mb4 COLLATE utf8mb4_unicode_ci NOT NULL,
  `class_section_id` char(36) CHARACTER SET utf8mb4 COLLATE utf8mb4_unicode_ci NOT NULL,
  `subject_id` char(36) CHARACTER SET utf8mb4 COLLATE utf8mb4_unicode_ci NOT NULL,
  `date` date DEFAULT NULL,
  `start_time` time DEFAULT NULL,
  `end_time` time DEFAULT NULL,
  `total_marks` decimal(6,2) NOT NULL,
  `passing_marks` decimal(6,2) DEFAULT NULL,
  `status` varchar(20) CHARACTER SET utf8mb4 COLLATE utf8mb4_unicode_ci NOT NULL,
  `examiner_id` char(36) CHARACTER SET utf8mb4 COLLATE utf8mb4_unicode_ci DEFAULT NULL,
  `term` varchar(20) CHARACTER SET utf8mb4 COLLATE utf8mb4_unicode_ci DEFAULT NULL,
  `published_at` datetime DEFAULT NULL,
  `cancelled_at` datetime DEFAULT NULL,
  `id` char(36) CHARACTER SET utf8mb4 COLLATE utf8mb4_unicode_ci NOT NULL,
  `metadata` json NOT NULL,
  `created_at` datetime NOT NULL DEFAULT (now()),
  `updated_at` datetime NOT NULL DEFAULT (now()),
  `is_active` tinyint(1) NOT NULL,
  `deleted_at` datetime DEFAULT NULL,
  `deleted_by` char(36) CHARACTER SET utf8mb4 COLLATE utf8mb4_unicode_ci DEFAULT NULL,
  `created_by` char(36) CHARACTER SET utf8mb4 COLLATE utf8mb4_unicode_ci DEFAULT NULL,
  `updated_by` char(36) CHARACTER SET utf8mb4 COLLATE utf8mb4_unicode_ci DEFAULT NULL,
  `school_id` char(36) CHARACTER SET utf8mb4 COLLATE utf8mb4_unicode_ci NOT NULL,
  PRIMARY KEY (`id`),
  KEY `fk_exams_academic_year_id_academic_years` (`academic_year_id`),
  KEY `fk_exams_examiner_id_staff` (`examiner_id`),
  KEY `idx_exams_date` (`school_id`,`date`),
  KEY `idx_exams_status` (`school_id`,`academic_year_id`,`status`),
  KEY `idx_exams_type` (`school_id`,`academic_year_id`,`exam_type`),
  KEY `ix_exams_is_active` (`is_active`),
  KEY `ix_exams_school_id` (`school_id`),
  KEY `idx_exams_class_year` (`class_section_id`,`academic_year_id`),
  KEY `idx_exams_subject` (`subject_id`,`academic_year_id`),
  CONSTRAINT `fk_exams_academic_year_id_academic_years` FOREIGN KEY (`academic_year_id`) REFERENCES `academic_years` (`id`),
  CONSTRAINT `fk_exams_class_section_id_class_sections` FOREIGN KEY (`class_section_id`) REFERENCES `class_sections` (`id`),
  CONSTRAINT `fk_exams_examiner_id_staff` FOREIGN KEY (`examiner_id`) REFERENCES `staff` (`id`),
  CONSTRAINT `fk_exams_school_id_schools` FOREIGN KEY (`school_id`) REFERENCES `schools` (`id`),
  CONSTRAINT `fk_exams_subject_id_subjects` FOREIGN KEY (`subject_id`) REFERENCES `subjects` (`id`)
) ENGINE=InnoDB DEFAULT CHARSET=utf8mb4 COLLATE=utf8mb4_unicode_ci;
/*!40101 SET character_set_client = @saved_cs_client */;

--
-- Dumping data for table `exams`
--

LOCK TABLES `exams` WRITE;
/*!40000 ALTER TABLE `exams` DISABLE KEYS */;
INSERT INTO `exams` VALUES ('491598d9-1ca9-4402-86f3-87b92cf96f11','Unit Test 1 - Mathematics','Unit Test','268cd0ee-f598-4156-b4bb-194eb2b64a0b','6cd5cf45-a2ca-4ad6-89bb-7873731490f2','2025-07-29','09:00:00','12:00:00',100.00,33.00,'Published','f55f47c2-6286-478e-b218-8f97ed41cd31','Term 1','2025-07-29 10:00:00',NULL,'0efad319-3d0b-4cf4-a140-e3b512823580','{}','2026-05-27 22:34:50','2026-05-27 22:34:50',1,NULL,NULL,NULL,NULL,'659a72a6-284a-4b1b-b460-018096237cb9'),('491598d9-1ca9-4402-86f3-87b92cf96f11','Pre-Final Mathematics','Pre-Final','09db56bb-57e7-4569-9086-fd2b2fa5ec5a','6cd5cf45-a2ca-4ad6-89bb-7873731490f2','2025-11-25','09:00:00','12:00:00',100.00,33.00,'Published','f55f47c2-6286-478e-b218-8f97ed41cd31','Term 1','2025-11-25 10:00:00',NULL,'16be6f28-4ada-44ec-aa42-0d9823a9100d','{}','2026-05-27 22:34:50','2026-05-27 22:34:50',1,NULL,NULL,NULL,NULL,'659a72a6-284a-4b1b-b460-018096237cb9'),('491598d9-1ca9-4402-86f3-87b92cf96f11','Final Exam Mathematics','Final','09db56bb-57e7-4569-9086-fd2b2fa5ec5a','6cd5cf45-a2ca-4ad6-89bb-7873731490f2','2026-02-15','09:00:00','12:00:00',100.00,33.00,'Scheduled','f55f47c2-6286-478e-b218-8f97ed41cd31','Term 1',NULL,NULL,'35a0752a-1db2-49dc-96a0-f6b77ec67759','{}','2026-05-27 22:34:50','2026-05-27 22:34:50',1,NULL,NULL,NULL,NULL,'659a72a6-284a-4b1b-b460-018096237cb9'),('491598d9-1ca9-4402-86f3-87b92cf96f11','Unit Test 2 - Mathematics','Unit Test','09db56bb-57e7-4569-9086-fd2b2fa5ec5a','6cd5cf45-a2ca-4ad6-89bb-7873731490f2','2025-10-20','09:00:00','12:00:00',100.00,33.00,'Published','f55f47c2-6286-478e-b218-8f97ed41cd31','Term 1','2025-10-20 10:00:00',NULL,'3b1d3b18-4f4b-475a-a851-77f33d75a1aa','{}','2026-05-27 22:34:50','2026-05-27 22:34:50',1,NULL,NULL,NULL,NULL,'659a72a6-284a-4b1b-b460-018096237cb9'),('491598d9-1ca9-4402-86f3-87b92cf96f11','Mid-Term Mathematics','Mid-Term','ce8a260c-5b81-4f5e-9c6f-76b80e239974','6cd5cf45-a2ca-4ad6-89bb-7873731490f2','2025-09-16','09:00:00','12:00:00',100.00,33.00,'Published','f55f47c2-6286-478e-b218-8f97ed41cd31','Term 1','2025-09-16 10:00:00',NULL,'5f55f6ec-9c06-4d6e-a67a-0c74baa85ef4','{}','2026-05-27 22:34:50','2026-05-27 22:34:50',1,NULL,NULL,NULL,NULL,'659a72a6-284a-4b1b-b460-018096237cb9'),('491598d9-1ca9-4402-86f3-87b92cf96f11','Unit Test 2 - Mathematics','Unit Test','70cb91f6-d3c2-4af3-bf06-6319c2d58eac','6cd5cf45-a2ca-4ad6-89bb-7873731490f2','2025-10-22','09:00:00','12:00:00',100.00,33.00,'Published','f55f47c2-6286-478e-b218-8f97ed41cd31','Term 1','2025-10-22 10:00:00',NULL,'6f474302-fc48-4ae1-9d7b-a3fb2fc93406','{}','2026-05-27 22:34:50','2026-05-27 22:34:50',1,NULL,NULL,NULL,NULL,'659a72a6-284a-4b1b-b460-018096237cb9'),('491598d9-1ca9-4402-86f3-87b92cf96f11','Mid-Term Hindi','Mid-Term','09db56bb-57e7-4569-9086-fd2b2fa5ec5a','9a2d7073-5dbd-4a32-84bc-ae46a94e1053','2025-09-13','09:00:00','12:00:00',100.00,33.00,'Published','9661495d-82cb-4b3d-b9fe-1505e81cb8f1','Term 1','2025-09-13 10:00:00',NULL,'739d18af-3650-486d-99d9-404b858c368e','{}','2026-05-27 22:34:50','2026-05-27 22:34:50',1,NULL,NULL,NULL,NULL,'659a72a6-284a-4b1b-b460-018096237cb9'),('491598d9-1ca9-4402-86f3-87b92cf96f11','Mid-Term English','Mid-Term','09db56bb-57e7-4569-9086-fd2b2fa5ec5a','cbdf9dac-d844-4a62-8f63-edbd580764c3','2025-09-14','09:00:00','12:00:00',100.00,33.00,'Published','a2ccc78c-972b-4b82-9a5c-21317170b66e','Term 1','2025-09-14 10:00:00',NULL,'79a57a02-5696-4576-9f1a-1f618f0ac3c3','{}','2026-05-27 22:34:50','2026-05-27 22:34:50',1,NULL,NULL,NULL,NULL,'659a72a6-284a-4b1b-b460-018096237cb9'),('491598d9-1ca9-4402-86f3-87b92cf96f11','Final Exam Mathematics','Final','ce8a260c-5b81-4f5e-9c6f-76b80e239974','6cd5cf45-a2ca-4ad6-89bb-7873731490f2','2026-02-16','09:00:00','12:00:00',100.00,33.00,'Scheduled','f55f47c2-6286-478e-b218-8f97ed41cd31','Term 1',NULL,NULL,'7de26bf6-68cd-4ae0-bb1f-f15f45e4d955','{}','2026-05-27 22:34:50','2026-05-27 22:34:50',1,NULL,NULL,NULL,NULL,'659a72a6-284a-4b1b-b460-018096237cb9'),('491598d9-1ca9-4402-86f3-87b92cf96f11','Mid-Term Science','Mid-Term','70cb91f6-d3c2-4af3-bf06-6319c2d58eac','58bb8ece-bcf5-4d9a-ba24-f381cbfdfbd2','2025-09-17','09:00:00','12:00:00',100.00,33.00,'Published','639dbabd-3949-40c2-9f62-e0f517926145','Term 1','2025-09-17 10:00:00',NULL,'85b9a13d-839c-4497-8dd8-bd82acb6ea1d','{}','2026-05-27 22:34:50','2026-05-27 22:34:50',1,NULL,NULL,NULL,NULL,'659a72a6-284a-4b1b-b460-018096237cb9'),('491598d9-1ca9-4402-86f3-87b92cf96f11','Mid-Term Mathematics','Mid-Term','70cb91f6-d3c2-4af3-bf06-6319c2d58eac','6cd5cf45-a2ca-4ad6-89bb-7873731490f2','2025-09-18','09:00:00','12:00:00',100.00,33.00,'Published','f55f47c2-6286-478e-b218-8f97ed41cd31','Term 1','2025-09-18 10:00:00',NULL,'89b4f81e-f245-4de2-8831-6d9c3a220b30','{}','2026-05-27 22:34:50','2026-05-27 22:34:50',1,NULL,NULL,NULL,NULL,'659a72a6-284a-4b1b-b460-018096237cb9'),('491598d9-1ca9-4402-86f3-87b92cf96f11','Mid-Term Mathematics','Mid-Term','268cd0ee-f598-4156-b4bb-194eb2b64a0b','6cd5cf45-a2ca-4ad6-89bb-7873731490f2','2025-09-19','09:00:00','12:00:00',100.00,33.00,'Published','f55f47c2-6286-478e-b218-8f97ed41cd31','Term 1','2025-09-19 10:00:00',NULL,'a2a7911e-b7d2-4be7-b6be-972c0685828c','{}','2026-05-27 22:34:50','2026-05-27 22:34:50',1,NULL,NULL,NULL,NULL,'659a72a6-284a-4b1b-b460-018096237cb9'),('491598d9-1ca9-4402-86f3-87b92cf96f11','Final Exam Mathematics','Final','70cb91f6-d3c2-4af3-bf06-6319c2d58eac','6cd5cf45-a2ca-4ad6-89bb-7873731490f2','2026-02-18','09:00:00','12:00:00',100.00,33.00,'Scheduled','f55f47c2-6286-478e-b218-8f97ed41cd31','Term 1',NULL,NULL,'a41b71c1-5808-4f0d-97f8-6ae3a7316aec','{}','2026-05-27 22:34:50','2026-05-27 22:34:50',1,NULL,NULL,NULL,NULL,'659a72a6-284a-4b1b-b460-018096237cb9'),('491598d9-1ca9-4402-86f3-87b92cf96f11','Unit Test 2 - Mathematics','Unit Test','ce8a260c-5b81-4f5e-9c6f-76b80e239974','6cd5cf45-a2ca-4ad6-89bb-7873731490f2','2025-10-21','09:00:00','12:00:00',100.00,33.00,'Published','f55f47c2-6286-478e-b218-8f97ed41cd31','Term 1','2025-10-21 10:00:00',NULL,'b1373c63-1755-43b8-bd96-bd3bce0976f5','{}','2026-05-27 22:34:50','2026-05-27 22:34:50',1,NULL,NULL,NULL,NULL,'659a72a6-284a-4b1b-b460-018096237cb9'),('491598d9-1ca9-4402-86f3-87b92cf96f11','Unit Test 1 - Mathematics','Unit Test','ce8a260c-5b81-4f5e-9c6f-76b80e239974','6cd5cf45-a2ca-4ad6-89bb-7873731490f2','2025-07-26','09:00:00','12:00:00',100.00,33.00,'Published','f55f47c2-6286-478e-b218-8f97ed41cd31','Term 1','2025-07-26 10:00:00',NULL,'b8ce04ea-b9a5-4700-aa66-d10e827d1a87','{}','2026-05-27 22:34:50','2026-05-27 22:34:50',1,NULL,NULL,NULL,NULL,'659a72a6-284a-4b1b-b460-018096237cb9'),('491598d9-1ca9-4402-86f3-87b92cf96f11','Unit Test 1 - Mathematics','Unit Test','70cb91f6-d3c2-4af3-bf06-6319c2d58eac','6cd5cf45-a2ca-4ad6-89bb-7873731490f2','2025-07-28','09:00:00','12:00:00',100.00,33.00,'Published','f55f47c2-6286-478e-b218-8f97ed41cd31','Term 1','2025-07-28 10:00:00',NULL,'bbb81088-aab4-467b-8891-6327ebcbb46a','{}','2026-05-27 22:34:50','2026-05-27 22:34:50',1,NULL,NULL,NULL,NULL,'659a72a6-284a-4b1b-b460-018096237cb9'),('491598d9-1ca9-4402-86f3-87b92cf96f11','Mid-Term Mathematics','Mid-Term','09db56bb-57e7-4569-9086-fd2b2fa5ec5a','6cd5cf45-a2ca-4ad6-89bb-7873731490f2','2025-09-15','09:00:00','12:00:00',100.00,33.00,'Published','f55f47c2-6286-478e-b218-8f97ed41cd31','Term 1','2025-09-15 10:00:00',NULL,'d9cdf6c8-c8d4-420d-a28e-2bf8aaab29a4','{}','2026-05-27 22:34:50','2026-05-27 22:34:50',1,NULL,NULL,NULL,NULL,'659a72a6-284a-4b1b-b460-018096237cb9'),('491598d9-1ca9-4402-86f3-87b92cf96f11','Unit Test 1 - Mathematics','Unit Test','09db56bb-57e7-4569-9086-fd2b2fa5ec5a','6cd5cf45-a2ca-4ad6-89bb-7873731490f2','2025-07-25','09:00:00','12:00:00',100.00,33.00,'Published','f55f47c2-6286-478e-b218-8f97ed41cd31','Term 1','2025-07-25 10:00:00',NULL,'f4dce0a8-4414-45db-b1c2-5d6d8415ad6a','{}','2026-05-27 22:34:50','2026-05-27 22:34:50',1,NULL,NULL,NULL,NULL,'659a72a6-284a-4b1b-b460-018096237cb9');
/*!40000 ALTER TABLE `exams` ENABLE KEYS */;
UNLOCK TABLES;

--
-- Table structure for table `fee_payments`
--

DROP TABLE IF EXISTS `fee_payments`;
/*!40101 SET @saved_cs_client     = @@character_set_client */;
/*!50503 SET character_set_client = utf8mb4 */;
CREATE TABLE `fee_payments` (
  `fee_record_id` char(36) CHARACTER SET utf8mb4 COLLATE utf8mb4_unicode_ci NOT NULL,
  `amount` decimal(10,2) NOT NULL,
  `payment_date` date NOT NULL,
  `payment_method` varchar(50) CHARACTER SET utf8mb4 COLLATE utf8mb4_unicode_ci NOT NULL,
  `reference` varchar(100) CHARACTER SET utf8mb4 COLLATE utf8mb4_unicode_ci DEFAULT NULL,
  `recorded_by` char(36) CHARACTER SET utf8mb4 COLLATE utf8mb4_unicode_ci DEFAULT NULL,
  `id` char(36) CHARACTER SET utf8mb4 COLLATE utf8mb4_unicode_ci NOT NULL,
  `metadata` json NOT NULL,
  `created_at` datetime NOT NULL DEFAULT (now()),
  `updated_at` datetime NOT NULL DEFAULT (now()),
  `is_active` tinyint(1) NOT NULL,
  `deleted_at` datetime DEFAULT NULL,
  `deleted_by` char(36) CHARACTER SET utf8mb4 COLLATE utf8mb4_unicode_ci DEFAULT NULL,
  `created_by` char(36) CHARACTER SET utf8mb4 COLLATE utf8mb4_unicode_ci DEFAULT NULL,
  `updated_by` char(36) CHARACTER SET utf8mb4 COLLATE utf8mb4_unicode_ci DEFAULT NULL,
  `school_id` char(36) CHARACTER SET utf8mb4 COLLATE utf8mb4_unicode_ci NOT NULL,
  PRIMARY KEY (`id`),
  KEY `fk_fee_payments_recorded_by_users` (`recorded_by`),
  KEY `ix_fee_payments_is_active` (`is_active`),
  KEY `idx_fee_payments_student` (`school_id`,`fee_record_id`),
  KEY `idx_fee_payments_date` (`school_id`,`payment_date`),
  KEY `ix_fee_payments_school_id` (`school_id`),
  KEY `idx_fee_payments_record` (`fee_record_id`),
  CONSTRAINT `fk_fee_payments_fee_record_id_fee_records` FOREIGN KEY (`fee_record_id`) REFERENCES `fee_records` (`id`),
  CONSTRAINT `fk_fee_payments_recorded_by_users` FOREIGN KEY (`recorded_by`) REFERENCES `users` (`id`),
  CONSTRAINT `fk_fee_payments_school_id_schools` FOREIGN KEY (`school_id`) REFERENCES `schools` (`id`)
) ENGINE=InnoDB DEFAULT CHARSET=utf8mb4 COLLATE=utf8mb4_unicode_ci;
/*!40101 SET character_set_client = @saved_cs_client */;

--
-- Dumping data for table `fee_payments`
--

LOCK TABLES `fee_payments` WRITE;
/*!40000 ALTER TABLE `fee_payments` DISABLE KEYS */;
INSERT INTO `fee_payments` VALUES ('f7bae746-8136-405f-9208-44e3bb769d8e',5500.00,'2026-05-27','Cheque','CHE00010','99bf6ed3-bf5b-4b8e-9f02-46c192c410cc','00b291af-39dc-4fc3-b372-10d3cbb16819','{}','2026-05-27 23:36:22','2026-05-27 23:36:22',1,NULL,NULL,'99bf6ed3-bf5b-4b8e-9f02-46c192c410cc',NULL,'659a72a6-284a-4b1b-b460-018096237cb9'),('99b10952-4d00-488f-8ddd-ccf8f587b15f',5500.00,'2026-05-27','Bank Transfer','BULK00090','99bf6ed3-bf5b-4b8e-9f02-46c192c410cc','022ed45a-b8b4-485b-8651-9233dd787f3d','{}','2026-05-27 23:45:39','2026-05-27 23:45:39',1,NULL,NULL,'99bf6ed3-bf5b-4b8e-9f02-46c192c410cc',NULL,'659a72a6-284a-4b1b-b460-018096237cb9'),('e9df698e-f454-4777-94f8-685345df257e',5500.00,'2026-05-27','UPI','UPI00012','99bf6ed3-bf5b-4b8e-9f02-46c192c410cc','03df1cbb-f15f-418b-a82c-34ceda31eaf7','{}','2026-05-27 23:36:22','2026-05-27 23:36:22',1,NULL,NULL,'99bf6ed3-bf5b-4b8e-9f02-46c192c410cc',NULL,'659a72a6-284a-4b1b-b460-018096237cb9'),('872b0824-ec77-437f-8b69-de1997b8daf5',5500.00,'2026-05-27','Cheque','CHE00016','99bf6ed3-bf5b-4b8e-9f02-46c192c410cc','04003b19-d3fd-45ed-9c90-1d879a5f3b18','{}','2026-05-27 23:36:22','2026-05-27 23:36:22',1,NULL,NULL,'99bf6ed3-bf5b-4b8e-9f02-46c192c410cc',NULL,'659a72a6-284a-4b1b-b460-018096237cb9'),('589c0903-36b2-4d81-94e4-379f12f3cab6',2000.00,'2026-05-27','Cash','BULK00023','99bf6ed3-bf5b-4b8e-9f02-46c192c410cc','054f4985-15c7-4204-ae81-6f3c06282de5','{}','2026-05-27 23:45:28','2026-05-27 23:45:28',1,NULL,NULL,'99bf6ed3-bf5b-4b8e-9f02-46c192c410cc',NULL,'659a72a6-284a-4b1b-b460-018096237cb9'),('c5accc05-adc0-4082-bad3-f9b3c2f92491',6000.00,'2026-05-27','Cheque','BULK00124','99bf6ed3-bf5b-4b8e-9f02-46c192c410cc','06c19ed1-c490-45a1-8847-af3ab134de3d','{}','2026-05-27 23:45:44','2026-05-27 23:45:44',1,NULL,NULL,'99bf6ed3-bf5b-4b8e-9f02-46c192c410cc',NULL,'659a72a6-284a-4b1b-b460-018096237cb9'),('c6ffc1c2-8b42-4bb0-a695-b7ab0f672674',5000.00,'2026-05-27','Cheque','PAY00022','99bf6ed3-bf5b-4b8e-9f02-46c192c410cc','07330ced-2a51-4299-9add-87cabccf7497','{}','2026-05-27 23:36:57','2026-05-27 23:36:57',1,NULL,NULL,'99bf6ed3-bf5b-4b8e-9f02-46c192c410cc',NULL,'659a72a6-284a-4b1b-b460-018096237cb9'),('aa81de20-7ebd-45cd-aed0-4ae5b04bf937',5500.00,'2026-05-27','Bank Transfer','BULK00130','99bf6ed3-bf5b-4b8e-9f02-46c192c410cc','08a70080-398b-4492-b2a3-20f4fde8dc89','{}','2026-05-27 23:45:46','2026-05-27 23:45:46',1,NULL,NULL,'99bf6ed3-bf5b-4b8e-9f02-46c192c410cc',NULL,'659a72a6-284a-4b1b-b460-018096237cb9'),('afb07ec0-c4bc-4f74-9399-f624c4a8a3ec',5500.00,'2026-05-27','Online','PAY00013','99bf6ed3-bf5b-4b8e-9f02-46c192c410cc','0948b1ec-a8d0-4dc6-90d7-3408a3d2ad9a','{}','2026-05-27 23:36:55','2026-05-27 23:36:55',1,NULL,NULL,'99bf6ed3-bf5b-4b8e-9f02-46c192c410cc',NULL,'659a72a6-284a-4b1b-b460-018096237cb9'),('80c61e5d-bc17-44a5-9efa-7866a4585fea',5500.00,'2026-05-27','Bank Transfer','PAY00017','99bf6ed3-bf5b-4b8e-9f02-46c192c410cc','0b7a0b68-1999-4b26-9c7d-4e7072dd8344','{}','2026-05-27 23:36:56','2026-05-27 23:36:56',1,NULL,NULL,'99bf6ed3-bf5b-4b8e-9f02-46c192c410cc',NULL,'659a72a6-284a-4b1b-b460-018096237cb9'),('19b9b5b1-81fa-4c87-a6d5-d48ba5b20947',6000.00,'2026-05-27','Cash','HIST00013','99bf6ed3-bf5b-4b8e-9f02-46c192c410cc','0bfdd9c8-238a-439f-bf87-85a6d2320788','{}','2026-05-27 23:44:57','2026-05-27 23:44:57',1,NULL,NULL,'99bf6ed3-bf5b-4b8e-9f02-46c192c410cc',NULL,'659a72a6-284a-4b1b-b460-018096237cb9'),('cd8170e1-5a2e-4870-aa40-588ae67070ca',5000.00,'2026-05-27','UPI','BULK00102','99bf6ed3-bf5b-4b8e-9f02-46c192c410cc','0c619e4a-f14d-40b3-a292-dca63fe90e6f','{}','2026-05-27 23:45:40','2026-05-27 23:45:40',1,NULL,NULL,'99bf6ed3-bf5b-4b8e-9f02-46c192c410cc',NULL,'659a72a6-284a-4b1b-b460-018096237cb9'),('616a0ff5-a9a1-42c6-ac60-8fcc979e3d1b',6000.00,'2026-05-27','Online','BULK00081','99bf6ed3-bf5b-4b8e-9f02-46c192c410cc','0dcd1a71-f7a3-4bf6-9c34-8d0149b7625c','{}','2026-05-27 23:45:38','2026-05-27 23:45:38',1,NULL,NULL,'99bf6ed3-bf5b-4b8e-9f02-46c192c410cc',NULL,'659a72a6-284a-4b1b-b460-018096237cb9'),('7215989b-792c-4813-9f6d-165149627ae2',5500.00,'2026-05-27','Bank Transfer','BULK00085','99bf6ed3-bf5b-4b8e-9f02-46c192c410cc','10d58b05-0034-4e54-870f-9ed7aaa2631c','{}','2026-05-27 23:45:38','2026-05-27 23:45:38',1,NULL,NULL,'99bf6ed3-bf5b-4b8e-9f02-46c192c410cc',NULL,'659a72a6-284a-4b1b-b460-018096237cb9'),('de4ad473-8eb4-42e1-91f8-aeb297149927',2000.00,'2026-05-27','Cheque','BULK00049','99bf6ed3-bf5b-4b8e-9f02-46c192c410cc','123dbbba-a1f2-4f37-9cbb-db07f5801e1c','{}','2026-05-27 23:45:33','2026-05-27 23:45:33',1,NULL,NULL,'99bf6ed3-bf5b-4b8e-9f02-46c192c410cc',NULL,'659a72a6-284a-4b1b-b460-018096237cb9'),('a3a35a9a-7c33-411a-8a27-7d13a8c91a52',5000.00,'2026-05-27','Cash','BULK00093','99bf6ed3-bf5b-4b8e-9f02-46c192c410cc','1403db75-d47c-4df3-8f74-538560785b01','{}','2026-05-27 23:45:39','2026-05-27 23:45:39',1,NULL,NULL,'99bf6ed3-bf5b-4b8e-9f02-46c192c410cc',NULL,'659a72a6-284a-4b1b-b460-018096237cb9'),('b415d946-b91f-4e8c-ba98-0dfa1d772da3',5000.00,'2026-05-27','Online','BULK00126','99bf6ed3-bf5b-4b8e-9f02-46c192c410cc','1464b017-7a04-4af6-b18f-500e93bad123','{}','2026-05-27 23:45:44','2026-05-27 23:45:44',1,NULL,NULL,'99bf6ed3-bf5b-4b8e-9f02-46c192c410cc',NULL,'659a72a6-284a-4b1b-b460-018096237cb9'),('98dd766d-852a-4dbb-9e30-c4655083faa4',5000.00,'2026-05-27','Cash','BULK00133','99bf6ed3-bf5b-4b8e-9f02-46c192c410cc','14c8cc2e-0c0b-4081-959c-19c1d61abb78','{}','2026-05-27 23:45:46','2026-05-27 23:45:46',1,NULL,NULL,'99bf6ed3-bf5b-4b8e-9f02-46c192c410cc',NULL,'659a72a6-284a-4b1b-b460-018096237cb9'),('d01b7a6c-af47-4cbb-b6d5-cc140792dc35',2000.00,'2026-05-27','Bank Transfer','BULK00045','99bf6ed3-bf5b-4b8e-9f02-46c192c410cc','1685a2de-b81d-48d6-8ccc-55eb940527cc','{}','2026-05-27 23:45:32','2026-05-27 23:45:32',1,NULL,NULL,'99bf6ed3-bf5b-4b8e-9f02-46c192c410cc',NULL,'659a72a6-284a-4b1b-b460-018096237cb9'),('8aabe7c0-cdc9-4650-8542-c9b9922878b8',6000.00,'2026-05-27','Online','BULK00136','99bf6ed3-bf5b-4b8e-9f02-46c192c410cc','1751885a-66fa-4d07-8117-0689d5746930','{}','2026-05-27 23:45:47','2026-05-27 23:45:47',1,NULL,NULL,'99bf6ed3-bf5b-4b8e-9f02-46c192c410cc',NULL,'659a72a6-284a-4b1b-b460-018096237cb9'),('672aadfa-d56c-41f9-8322-0b200f4c641c',5000.00,'2026-05-27','UPI','PAY00006','99bf6ed3-bf5b-4b8e-9f02-46c192c410cc','179be53b-6be1-447f-8e38-654312be78a5','{}','2026-05-27 23:36:54','2026-05-27 23:36:54',1,NULL,NULL,'99bf6ed3-bf5b-4b8e-9f02-46c192c410cc',NULL,'659a72a6-284a-4b1b-b460-018096237cb9'),('1c9fa0cb-12f4-4b48-b10b-00778a055d0b',5500.00,'2026-05-27','Bank Transfer','BULK00060','99bf6ed3-bf5b-4b8e-9f02-46c192c410cc','18acd54b-0331-4c6c-9089-ed65bcf9004d','{}','2026-05-27 23:45:34','2026-05-27 23:45:34',1,NULL,NULL,'99bf6ed3-bf5b-4b8e-9f02-46c192c410cc',NULL,'659a72a6-284a-4b1b-b460-018096237cb9'),('778f26cb-2ab0-48aa-b9e0-9d23d50b8db6',5500.00,'2026-05-27','Online','ONL00011','99bf6ed3-bf5b-4b8e-9f02-46c192c410cc','18b24982-f366-4f67-8821-cb2d76277af6','{}','2026-05-27 23:36:22','2026-05-27 23:36:22',1,NULL,NULL,'99bf6ed3-bf5b-4b8e-9f02-46c192c410cc',NULL,'659a72a6-284a-4b1b-b460-018096237cb9'),('0d17240e-d50a-4e7d-811f-47067c55c62e',5500.00,'2026-05-27','Bank Transfer','BULK00055','99bf6ed3-bf5b-4b8e-9f02-46c192c410cc','19713a97-08d4-4ebb-b656-86c10ba94d71','{}','2026-05-27 23:45:34','2026-05-27 23:45:34',1,NULL,NULL,'99bf6ed3-bf5b-4b8e-9f02-46c192c410cc',NULL,'659a72a6-284a-4b1b-b460-018096237cb9'),('c67eb421-513c-4123-8f02-1f89610f48e9',2000.00,'2026-05-27','Cash','BULK00043','99bf6ed3-bf5b-4b8e-9f02-46c192c410cc','1bd01359-0945-461e-8c21-85fc33bdf68d','{}','2026-05-27 23:45:32','2026-05-27 23:45:32',1,NULL,NULL,'99bf6ed3-bf5b-4b8e-9f02-46c192c410cc',NULL,'659a72a6-284a-4b1b-b460-018096237cb9'),('1ad8d724-a127-4cbc-8bdd-505899078590',5500.00,'2026-05-27','Online','HIST00011','99bf6ed3-bf5b-4b8e-9f02-46c192c410cc','1d1c4ddc-5f9c-4621-bf84-5ce4780802b8','{}','2026-05-27 23:44:57','2026-05-27 23:44:57',1,NULL,NULL,'99bf6ed3-bf5b-4b8e-9f02-46c192c410cc',NULL,'659a72a6-284a-4b1b-b460-018096237cb9'),('f03c6b64-826b-4f69-9816-b717aea17498',3000.00,'2026-05-27','Cash','BULK00113','99bf6ed3-bf5b-4b8e-9f02-46c192c410cc','20fe902a-f737-4ac0-91ca-6a7538bf276f','{}','2026-05-27 23:45:42','2026-05-27 23:45:42',1,NULL,NULL,'99bf6ed3-bf5b-4b8e-9f02-46c192c410cc',NULL,'659a72a6-284a-4b1b-b460-018096237cb9'),('27ce4ca2-fb99-4b8a-860b-f26935634fab',5000.00,'2026-05-27','Online','HIST00016','99bf6ed3-bf5b-4b8e-9f02-46c192c410cc','210abb7d-6c8d-4aa7-b0ae-b09d642e4a30','{}','2026-05-27 23:44:58','2026-05-27 23:44:58',1,NULL,NULL,'99bf6ed3-bf5b-4b8e-9f02-46c192c410cc',NULL,'659a72a6-284a-4b1b-b460-018096237cb9'),('33990931-28ef-434b-83cc-480f51770427',6000.00,'2026-05-27','UPI','HIST00022','99bf6ed3-bf5b-4b8e-9f02-46c192c410cc','211f9293-8a25-4793-81ee-7a22cb1ae3d0','{}','2026-05-27 23:44:59','2026-05-27 23:44:59',1,NULL,NULL,'99bf6ed3-bf5b-4b8e-9f02-46c192c410cc',NULL,'659a72a6-284a-4b1b-b460-018096237cb9'),('55f1c7fe-8ed2-4aef-98d9-91a48a131212',5000.00,'2026-05-27','Cash','HIST00023','99bf6ed3-bf5b-4b8e-9f02-46c192c410cc','27c92eaa-fb37-4dda-a00d-e2ccdb71cc86','{}','2026-05-27 23:44:59','2026-05-27 23:44:59',1,NULL,NULL,'99bf6ed3-bf5b-4b8e-9f02-46c192c410cc',NULL,'659a72a6-284a-4b1b-b460-018096237cb9'),('4ce65c17-07c8-4654-938d-5cc86549ea1f',5000.00,'2026-05-27','UPI','UPI00008','99bf6ed3-bf5b-4b8e-9f02-46c192c410cc','2b854ce0-7660-4511-b06d-c0592dc21ca3','{}','2026-05-27 23:36:21','2026-05-27 23:36:21',1,NULL,NULL,'99bf6ed3-bf5b-4b8e-9f02-46c192c410cc',NULL,'659a72a6-284a-4b1b-b460-018096237cb9'),('d37ede0a-87e5-49b9-a95a-d69688587211',5000.00,'2026-05-27','Bank Transfer','BULK00105','99bf6ed3-bf5b-4b8e-9f02-46c192c410cc','2d586ac8-8610-462b-beb8-edb513965ecb','{}','2026-05-27 23:45:41','2026-05-27 23:45:41',1,NULL,NULL,'99bf6ed3-bf5b-4b8e-9f02-46c192c410cc',NULL,'659a72a6-284a-4b1b-b460-018096237cb9'),('224e56ea-eb04-4440-bbac-292a52bc10cf',6000.00,'2026-05-27','Online','BULK00061','99bf6ed3-bf5b-4b8e-9f02-46c192c410cc','2e41507a-0f7a-4e4a-a326-c2409b762681','{}','2026-05-27 23:45:34','2026-05-27 23:45:34',1,NULL,NULL,'99bf6ed3-bf5b-4b8e-9f02-46c192c410cc',NULL,'659a72a6-284a-4b1b-b460-018096237cb9'),('b1d5ab3a-bd9b-457d-a670-790aac688d7e',5000.00,'2026-05-27','UPI','BULK00097','99bf6ed3-bf5b-4b8e-9f02-46c192c410cc','30b249da-9010-4f7d-b89b-f3c7254cab36','{}','2026-05-27 23:45:40','2026-05-27 23:45:40',1,NULL,NULL,'99bf6ed3-bf5b-4b8e-9f02-46c192c410cc',NULL,'659a72a6-284a-4b1b-b460-018096237cb9'),('c526153f-b8be-4c0d-945e-6a917ade7c35',5000.00,'2026-05-27','Online','ONL00025','99bf6ed3-bf5b-4b8e-9f02-46c192c410cc','31e0f57e-5a3a-4c19-b4ca-b11cabf41c10','{}','2026-05-27 23:36:24','2026-05-27 23:36:24',1,NULL,NULL,'99bf6ed3-bf5b-4b8e-9f02-46c192c410cc',NULL,'659a72a6-284a-4b1b-b460-018096237cb9'),('c1568379-1704-44e8-83e6-1b4de8a958db',2000.00,'2026-05-27','Bank Transfer','BULK00040','99bf6ed3-bf5b-4b8e-9f02-46c192c410cc','36fee2cf-a6e7-45d2-a258-91407e3a7bf9','{}','2026-05-27 23:45:31','2026-05-27 23:45:31',1,NULL,NULL,'99bf6ed3-bf5b-4b8e-9f02-46c192c410cc',NULL,'659a72a6-284a-4b1b-b460-018096237cb9'),('1f35b1eb-cf8a-48a2-9d36-5ab5938e533d',5000.00,'2026-05-27','Online','HIST00021','99bf6ed3-bf5b-4b8e-9f02-46c192c410cc','39e6887e-a5b6-4099-ba42-101b32a0c8b3','{}','2026-05-27 23:44:59','2026-05-27 23:44:59',1,NULL,NULL,'99bf6ed3-bf5b-4b8e-9f02-46c192c410cc',NULL,'659a72a6-284a-4b1b-b460-018096237cb9'),('6d449c10-a050-4759-9e08-57a469ef8359',5000.00,'2026-05-27','Bank Transfer','BULK00140','99bf6ed3-bf5b-4b8e-9f02-46c192c410cc','3a4edc9f-2c0d-4533-bdb1-e91f4ddc0b76','{}','2026-05-27 23:45:48','2026-05-27 23:45:48',1,NULL,NULL,'99bf6ed3-bf5b-4b8e-9f02-46c192c410cc',NULL,'659a72a6-284a-4b1b-b460-018096237cb9'),('0e39371d-9fe4-4320-99ff-1fc3987dada7',5500.00,'2026-05-27','UPI','HIST00007','99bf6ed3-bf5b-4b8e-9f02-46c192c410cc','3c990aaf-acff-455d-bfca-b90fe5854a5f','{}','2026-05-27 23:44:56','2026-05-27 23:44:56',1,NULL,NULL,'99bf6ed3-bf5b-4b8e-9f02-46c192c410cc',NULL,'659a72a6-284a-4b1b-b460-018096237cb9'),('0d7a1635-7d75-4265-bce4-c718add38b3e',6000.00,'2026-05-27','Cheque','HIST00009','99bf6ed3-bf5b-4b8e-9f02-46c192c410cc','3e00e3c5-2a4b-42fb-814a-97c532fc40c4','{}','2026-05-27 23:44:57','2026-05-27 23:44:57',1,NULL,NULL,'99bf6ed3-bf5b-4b8e-9f02-46c192c410cc',NULL,'659a72a6-284a-4b1b-b460-018096237cb9'),('bcf78593-65f7-48c8-b8c9-8e40434caed5',6000.00,'2026-05-27','Bank Transfer','BULK00100','99bf6ed3-bf5b-4b8e-9f02-46c192c410cc','3e50b2dc-c639-4f7c-bd9d-72f741073088','{}','2026-05-27 23:45:40','2026-05-27 23:45:40',1,NULL,NULL,'99bf6ed3-bf5b-4b8e-9f02-46c192c410cc',NULL,'659a72a6-284a-4b1b-b460-018096237cb9'),('19856449-2b3c-4dd5-b5d0-7ac097a5530d',2000.00,'2026-05-27','Cash','BULK00008','99bf6ed3-bf5b-4b8e-9f02-46c192c410cc','3e51078b-d0ca-44e4-85b3-39de976563d9','{}','2026-05-27 23:45:26','2026-05-27 23:45:26',1,NULL,NULL,'99bf6ed3-bf5b-4b8e-9f02-46c192c410cc',NULL,'659a72a6-284a-4b1b-b460-018096237cb9'),('4802f66e-3ca7-42f8-b119-c90d11ca52e8',3000.00,'2026-05-27','Cheque','BULK00074','99bf6ed3-bf5b-4b8e-9f02-46c192c410cc','3e564951-bf8e-4a56-b912-520002aab166','{}','2026-05-27 23:45:36','2026-05-27 23:45:36',1,NULL,NULL,'99bf6ed3-bf5b-4b8e-9f02-46c192c410cc',NULL,'659a72a6-284a-4b1b-b460-018096237cb9'),('27b1b6f9-4a0c-4acd-8f1d-1d4b8c724a24',6000.00,'2026-05-27','Cash','BULK00063','99bf6ed3-bf5b-4b8e-9f02-46c192c410cc','3e772385-9593-416d-8966-67a090c89dee','{}','2026-05-27 23:45:35','2026-05-27 23:45:35',1,NULL,NULL,'99bf6ed3-bf5b-4b8e-9f02-46c192c410cc',NULL,'659a72a6-284a-4b1b-b460-018096237cb9'),('f4ecd443-7e31-4b52-9751-8b70b207bb0a',5500.00,'2026-05-27','Cash','HIST00003','99bf6ed3-bf5b-4b8e-9f02-46c192c410cc','3f416b5a-f3e9-4593-935b-6fb954c77013','{}','2026-05-27 23:44:56','2026-05-27 23:44:56',1,NULL,NULL,'99bf6ed3-bf5b-4b8e-9f02-46c192c410cc',NULL,'659a72a6-284a-4b1b-b460-018096237cb9'),('bc9678a2-60e0-4882-8ba6-409745ed5d4f',2000.00,'2026-05-27','UPI','BULK00037','99bf6ed3-bf5b-4b8e-9f02-46c192c410cc','42091cd9-1259-417a-8618-031d21cf961c','{}','2026-05-27 23:45:31','2026-05-27 23:45:31',1,NULL,NULL,'99bf6ed3-bf5b-4b8e-9f02-46c192c410cc',NULL,'659a72a6-284a-4b1b-b460-018096237cb9'),('33e903ea-9c59-4c45-96b3-fb802f9de588',6000.00,'2026-05-27','UPI','BULK00067','99bf6ed3-bf5b-4b8e-9f02-46c192c410cc','42648f69-6035-45a6-99f8-106995350466','{}','2026-05-27 23:45:35','2026-05-27 23:45:35',1,NULL,NULL,'99bf6ed3-bf5b-4b8e-9f02-46c192c410cc',NULL,'659a72a6-284a-4b1b-b460-018096237cb9'),('20d767f8-047e-4581-be8f-16ee041d72ad',2000.00,'2026-05-27','UPI','BULK00012','99bf6ed3-bf5b-4b8e-9f02-46c192c410cc','4419c80e-60a9-475d-acbe-045f130d54fd','{}','2026-05-27 23:45:26','2026-05-27 23:45:26',1,NULL,NULL,'99bf6ed3-bf5b-4b8e-9f02-46c192c410cc',NULL,'659a72a6-284a-4b1b-b460-018096237cb9'),('5dffa603-c331-4531-a077-02acfe34bfb9',5500.00,'2026-05-27','Cheque','BULK00079','99bf6ed3-bf5b-4b8e-9f02-46c192c410cc','44fe96b2-4a7c-4a95-8de4-3d43808ed502','{}','2026-05-27 23:45:37','2026-05-27 23:45:37',1,NULL,NULL,'99bf6ed3-bf5b-4b8e-9f02-46c192c410cc',NULL,'659a72a6-284a-4b1b-b460-018096237cb9'),('951e8060-5273-47c6-a21a-0274008b5ff3',5000.00,'2026-05-27','Online','PAY00001','99bf6ed3-bf5b-4b8e-9f02-46c192c410cc','456a1a30-e372-4709-b250-64a1d343b6fe','{}','2026-05-27 23:36:53','2026-05-27 23:36:53',1,NULL,NULL,'99bf6ed3-bf5b-4b8e-9f02-46c192c410cc',NULL,'659a72a6-284a-4b1b-b460-018096237cb9'),('c72d4c49-80c9-4afa-b68f-4f708b01e125',6000.00,'2026-05-27','Cash','BULK00123','99bf6ed3-bf5b-4b8e-9f02-46c192c410cc','467d62be-cfcb-4660-8366-7581aa98e17f','{}','2026-05-27 23:45:44','2026-05-27 23:45:44',1,NULL,NULL,'99bf6ed3-bf5b-4b8e-9f02-46c192c410cc',NULL,'659a72a6-284a-4b1b-b460-018096237cb9'),('88519a7e-d2de-4358-a869-8642c74cf7b8',5500.00,'2026-05-27','Cash','BULK00138','99bf6ed3-bf5b-4b8e-9f02-46c192c410cc','46c536bf-c34b-48a1-97b8-529b6ef5b047','{}','2026-05-27 23:45:47','2026-05-27 23:45:47',1,NULL,NULL,'99bf6ed3-bf5b-4b8e-9f02-46c192c410cc',NULL,'659a72a6-284a-4b1b-b460-018096237cb9'),('99ed1cb6-6bc8-4c26-b7ca-15eb102b6d22',2000.00,'2026-05-27','UPI','BULK00032','99bf6ed3-bf5b-4b8e-9f02-46c192c410cc','482c0f6b-8245-46f5-b668-54c018e7fd8f','{}','2026-05-27 23:45:30','2026-05-27 23:45:30',1,NULL,NULL,'99bf6ed3-bf5b-4b8e-9f02-46c192c410cc',NULL,'659a72a6-284a-4b1b-b460-018096237cb9'),('3d58acf4-b6f6-44bd-80d8-5163288feebc',5500.00,'2026-05-27','Cheque','BULK00069','99bf6ed3-bf5b-4b8e-9f02-46c192c410cc','48ca3945-600f-4734-a371-acd25a78d820','{}','2026-05-27 23:45:36','2026-05-27 23:45:36',1,NULL,NULL,'99bf6ed3-bf5b-4b8e-9f02-46c192c410cc',NULL,'659a72a6-284a-4b1b-b460-018096237cb9'),('0fdd0d72-3c5c-4689-82e4-26abb7d1152f',2000.00,'2026-05-27','Bank Transfer','BULK00005','99bf6ed3-bf5b-4b8e-9f02-46c192c410cc','4a114360-e235-425e-822b-ef3725cc906b','{}','2026-05-27 23:45:25','2026-05-27 23:45:25',1,NULL,NULL,'99bf6ed3-bf5b-4b8e-9f02-46c192c410cc',NULL,'659a72a6-284a-4b1b-b460-018096237cb9'),('78929d3b-b5e0-418b-80c5-dcb9f85c7755',5500.00,'2026-05-27','Cheque','PAY00004','99bf6ed3-bf5b-4b8e-9f02-46c192c410cc','4ba22a86-64e4-4cb4-9e7b-376537442590','{}','2026-05-27 23:36:54','2026-05-27 23:36:54',1,NULL,NULL,'99bf6ed3-bf5b-4b8e-9f02-46c192c410cc',NULL,'659a72a6-284a-4b1b-b460-018096237cb9'),('d7cfed25-ad72-439c-9bbd-335db1680efc',5000.00,'2026-05-27','UPI','BULK00107','99bf6ed3-bf5b-4b8e-9f02-46c192c410cc','4beb8567-0ef1-4439-bff5-7da7b3f719d7','{}','2026-05-27 23:45:41','2026-05-27 23:45:41',1,NULL,NULL,'99bf6ed3-bf5b-4b8e-9f02-46c192c410cc',NULL,'659a72a6-284a-4b1b-b460-018096237cb9'),('fdc17408-7ae8-406f-a3cc-d4fbfb8160b3',2000.00,'2026-05-27','UPI','BULK00052','99bf6ed3-bf5b-4b8e-9f02-46c192c410cc','52b72db1-8a5e-4f24-9e84-5c077776c653','{}','2026-05-27 23:45:33','2026-05-27 23:45:33',1,NULL,NULL,'99bf6ed3-bf5b-4b8e-9f02-46c192c410cc',NULL,'659a72a6-284a-4b1b-b460-018096237cb9'),('a3beccb9-f28c-4a86-b701-8f5cdde1b729',5000.00,'2026-05-27','Bank Transfer','HIST00010','99bf6ed3-bf5b-4b8e-9f02-46c192c410cc','53f21a04-06df-49e5-9ea2-873cf52c4910','{}','2026-05-27 23:44:57','2026-05-27 23:44:57',1,NULL,NULL,'99bf6ed3-bf5b-4b8e-9f02-46c192c410cc',NULL,'659a72a6-284a-4b1b-b460-018096237cb9'),('b32ba50f-542e-48ed-a9f9-a0e3bfe205c7',5500.00,'2026-05-27','Cash','PAY00003','99bf6ed3-bf5b-4b8e-9f02-46c192c410cc','5459f0a4-04a7-45c7-a6d8-d8e5aea75439','{}','2026-05-27 23:36:54','2026-05-27 23:36:54',1,NULL,NULL,'99bf6ed3-bf5b-4b8e-9f02-46c192c410cc',NULL,'659a72a6-284a-4b1b-b460-018096237cb9'),('97dc157c-7890-4c4b-b234-60823971ddc5',5500.00,'2026-05-27','Cheque','BULK00134','99bf6ed3-bf5b-4b8e-9f02-46c192c410cc','5461c15f-eaa1-427e-ba4a-4818b6fc570b','{}','2026-05-27 23:45:46','2026-05-27 23:45:46',1,NULL,NULL,'99bf6ed3-bf5b-4b8e-9f02-46c192c410cc',NULL,'659a72a6-284a-4b1b-b460-018096237cb9'),('bbf88471-0275-46c6-bb55-d4efef78a3d6',5500.00,'2026-05-27','Cheque','HIST00014','99bf6ed3-bf5b-4b8e-9f02-46c192c410cc','55ea417f-a27d-4f6e-bbd4-925bb660950c','{}','2026-05-27 23:44:58','2026-05-27 23:44:58',1,NULL,NULL,'99bf6ed3-bf5b-4b8e-9f02-46c192c410cc',NULL,'659a72a6-284a-4b1b-b460-018096237cb9'),('5838d2ad-f2fb-4212-9d01-3a3052058ad3',5000.00,'2026-05-27','UPI','BULK00077','99bf6ed3-bf5b-4b8e-9f02-46c192c410cc','576ea3c3-81de-4683-bdd1-0b9d17110253','{}','2026-05-27 23:45:37','2026-05-27 23:45:37',1,NULL,NULL,'99bf6ed3-bf5b-4b8e-9f02-46c192c410cc',NULL,'659a72a6-284a-4b1b-b460-018096237cb9'),('884f7e30-5403-443f-85d3-1d2665193e79',5000.00,'2026-05-27','Cheque','BULK00089','99bf6ed3-bf5b-4b8e-9f02-46c192c410cc','587c46e8-2d57-4218-bd69-a284493deb5f','{}','2026-05-27 23:45:39','2026-05-27 23:45:39',1,NULL,NULL,'99bf6ed3-bf5b-4b8e-9f02-46c192c410cc',NULL,'659a72a6-284a-4b1b-b460-018096237cb9'),('bb59760d-edbf-4d7a-8d9a-3c354144f556',6000.00,'2026-05-27','Bank Transfer','BULK00125','99bf6ed3-bf5b-4b8e-9f02-46c192c410cc','58a2586d-031d-47c5-8025-45c45e66e81a','{}','2026-05-27 23:45:44','2026-05-27 23:45:44',1,NULL,NULL,'99bf6ed3-bf5b-4b8e-9f02-46c192c410cc',NULL,'659a72a6-284a-4b1b-b460-018096237cb9'),('3488aad8-7664-4668-b24b-68449f5c112e',5000.00,'2026-05-27','Cash','BULK00068','99bf6ed3-bf5b-4b8e-9f02-46c192c410cc','59160335-3929-4cd4-84e9-4f720dd783e6','{}','2026-05-27 23:45:35','2026-05-27 23:45:35',1,NULL,NULL,'99bf6ed3-bf5b-4b8e-9f02-46c192c410cc',NULL,'659a72a6-284a-4b1b-b460-018096237cb9'),('643e91b9-e198-4156-b0a2-74d087e91d99',2000.00,'2026-05-27','Bank Transfer','BULK00025','99bf6ed3-bf5b-4b8e-9f02-46c192c410cc','59a30b78-b1a6-4549-a168-c6f64ecafd17','{}','2026-05-27 23:45:28','2026-05-27 23:45:28',1,NULL,NULL,'99bf6ed3-bf5b-4b8e-9f02-46c192c410cc',NULL,'659a72a6-284a-4b1b-b460-018096237cb9'),('dea730a1-97ab-4cac-a2f6-fa52b96b85d2',3000.00,'2026-05-27','Cheque','BULK00109','99bf6ed3-bf5b-4b8e-9f02-46c192c410cc','59b8fb59-e75d-41e5-9a50-47f3fa3ec98c','{}','2026-05-27 23:45:41','2026-05-27 23:45:41',1,NULL,NULL,'99bf6ed3-bf5b-4b8e-9f02-46c192c410cc',NULL,'659a72a6-284a-4b1b-b460-018096237cb9'),('2bf6309a-d39f-4013-88e6-bc1294e817b2',5500.00,'2026-05-27','Bank Transfer','BULK00065','99bf6ed3-bf5b-4b8e-9f02-46c192c410cc','5abbe36a-1c53-45f9-b2da-305500b18a22','{}','2026-05-27 23:45:35','2026-05-27 23:45:35',1,NULL,NULL,'99bf6ed3-bf5b-4b8e-9f02-46c192c410cc',NULL,'659a72a6-284a-4b1b-b460-018096237cb9'),('b06df82e-806a-41d3-9669-9e6c2666a132',6000.00,'2026-05-27','Cash','BULK00128','99bf6ed3-bf5b-4b8e-9f02-46c192c410cc','5bd8ec9e-d576-47dc-9890-f5e914144717','{}','2026-05-27 23:45:45','2026-05-27 23:45:45',1,NULL,NULL,'99bf6ed3-bf5b-4b8e-9f02-46c192c410cc',NULL,'659a72a6-284a-4b1b-b460-018096237cb9'),('911ec1c6-5729-4878-b3ea-a981280ea40f',6000.00,'2026-05-27','Bank Transfer','PAY00011','99bf6ed3-bf5b-4b8e-9f02-46c192c410cc','5c1d5819-a92d-4143-84c6-ba0635467246','{}','2026-05-27 23:36:55','2026-05-27 23:36:55',1,NULL,NULL,'99bf6ed3-bf5b-4b8e-9f02-46c192c410cc',NULL,'659a72a6-284a-4b1b-b460-018096237cb9'),('f928594b-bcab-4f0f-acc9-dbee95da0306',3000.00,'2026-05-27','Cheque','BULK00114','99bf6ed3-bf5b-4b8e-9f02-46c192c410cc','5c8f4159-46dd-493d-9a59-83973d07e263','{}','2026-05-27 23:45:42','2026-05-27 23:45:42',1,NULL,NULL,'99bf6ed3-bf5b-4b8e-9f02-46c192c410cc',NULL,'659a72a6-284a-4b1b-b460-018096237cb9'),('2f09f4c9-7e6d-4050-ac3b-b1f5e821aac0',2000.00,'2026-05-27','Online','BULK00016','99bf6ed3-bf5b-4b8e-9f02-46c192c410cc','5d3ee3e7-c201-4bc7-a0ba-370c5dbed8de','{}','2026-05-27 23:45:27','2026-05-27 23:45:27',1,NULL,NULL,'99bf6ed3-bf5b-4b8e-9f02-46c192c410cc',NULL,'659a72a6-284a-4b1b-b460-018096237cb9'),('94d81453-f950-4257-a128-99adc089ce73',2000.00,'2026-05-27','Bank Transfer','BULK00030','99bf6ed3-bf5b-4b8e-9f02-46c192c410cc','61a99ef3-d1f3-495b-aa84-d3a252c663fc','{}','2026-05-27 23:45:29','2026-05-27 23:45:29',1,NULL,NULL,'99bf6ed3-bf5b-4b8e-9f02-46c192c410cc',NULL,'659a72a6-284a-4b1b-b460-018096237cb9'),('17124a76-b4e9-40db-addb-55ddc1aaed5c',6000.00,'2026-05-27','Cash','BULK00058','99bf6ed3-bf5b-4b8e-9f02-46c192c410cc','6356377c-9553-4cd9-97a3-161551a2e625','{}','2026-05-27 23:45:34','2026-05-27 23:45:34',1,NULL,NULL,'99bf6ed3-bf5b-4b8e-9f02-46c192c410cc',NULL,'659a72a6-284a-4b1b-b460-018096237cb9'),('76f261e7-272d-45a2-8faa-a731146acae6',2000.00,'2026-05-27','Cash','BULK00028','99bf6ed3-bf5b-4b8e-9f02-46c192c410cc','63e9e44f-6c80-421e-bbf1-5cf01310680e','{}','2026-05-27 23:45:29','2026-05-27 23:45:29',1,NULL,NULL,'99bf6ed3-bf5b-4b8e-9f02-46c192c410cc',NULL,'659a72a6-284a-4b1b-b460-018096237cb9'),('c674564c-a6e1-4970-879d-9bdf22bdaabb',2000.00,'2026-05-27','UPI','BULK00042','99bf6ed3-bf5b-4b8e-9f02-46c192c410cc','641babc6-b255-444b-93d7-0d117453e33a','{}','2026-05-27 23:45:32','2026-05-27 23:45:32',1,NULL,NULL,'99bf6ed3-bf5b-4b8e-9f02-46c192c410cc',NULL,'659a72a6-284a-4b1b-b460-018096237cb9'),('89027444-ce20-4883-84c2-39633bd57314',5500.00,'2026-05-27','UPI','BULK00137','99bf6ed3-bf5b-4b8e-9f02-46c192c410cc','6428f3c0-f9ea-420a-908b-82fb2007eba4','{}','2026-05-27 23:45:47','2026-05-27 23:45:47',1,NULL,NULL,'99bf6ed3-bf5b-4b8e-9f02-46c192c410cc',NULL,'659a72a6-284a-4b1b-b460-018096237cb9'),('2a1b0037-e9a6-4c33-b042-4b9becc675f6',2000.00,'2026-05-27','Bank Transfer','BULK00015','99bf6ed3-bf5b-4b8e-9f02-46c192c410cc','657018de-9b23-4166-bbe4-bbc0fa2ff844','{}','2026-05-27 23:45:27','2026-05-27 23:45:27',1,NULL,NULL,'99bf6ed3-bf5b-4b8e-9f02-46c192c410cc',NULL,'659a72a6-284a-4b1b-b460-018096237cb9'),('68abdd05-d721-4c30-b8da-2df22a533e0f',6000.00,'2026-05-27','Cash','PAY00009','99bf6ed3-bf5b-4b8e-9f02-46c192c410cc','665461d4-3c44-473b-ad2d-a65304d5fed5','{}','2026-05-27 23:36:55','2026-05-27 23:36:55',1,NULL,NULL,'99bf6ed3-bf5b-4b8e-9f02-46c192c410cc',NULL,'659a72a6-284a-4b1b-b460-018096237cb9'),('e80b5c6c-4435-4ca7-93ae-3cfcf0b522fe',5500.00,'2026-05-27','Online','BULK00111','99bf6ed3-bf5b-4b8e-9f02-46c192c410cc','6680fa19-3005-4f9e-b333-a404a6b2ec35','{}','2026-05-27 23:45:42','2026-05-27 23:45:42',1,NULL,NULL,'99bf6ed3-bf5b-4b8e-9f02-46c192c410cc',NULL,'659a72a6-284a-4b1b-b460-018096237cb9'),('23069843-3358-455e-bd6a-f0a6a4c8b5c5',2000.00,'2026-05-27','Cash','BULK00013','99bf6ed3-bf5b-4b8e-9f02-46c192c410cc','6705f600-17b0-4995-9de2-6dc65021fa6a','{}','2026-05-27 23:45:26','2026-05-27 23:45:26',1,NULL,NULL,'99bf6ed3-bf5b-4b8e-9f02-46c192c410cc',NULL,'659a72a6-284a-4b1b-b460-018096237cb9'),('4e48460c-337d-4e78-aba9-2f8275d38d6c',2000.00,'2026-05-27','UPI','BULK00022','99bf6ed3-bf5b-4b8e-9f02-46c192c410cc','69d9e0ba-f458-465e-b318-b25e1ad5322b','{}','2026-05-27 23:45:28','2026-05-27 23:45:28',1,NULL,NULL,'99bf6ed3-bf5b-4b8e-9f02-46c192c410cc',NULL,'659a72a6-284a-4b1b-b460-018096237cb9'),('d5e738cf-7d96-4651-bc1d-5a11685455a8',6000.00,'2026-05-27','Online','BULK00106','99bf6ed3-bf5b-4b8e-9f02-46c192c410cc','6a7eb9aa-f18b-48cf-adcc-621357b3340c','{}','2026-05-27 23:45:41','2026-05-27 23:45:41',1,NULL,NULL,'99bf6ed3-bf5b-4b8e-9f02-46c192c410cc',NULL,'659a72a6-284a-4b1b-b460-018096237cb9'),('f7a0888f-d1a1-4ccf-8dea-d122e0f70644',6000.00,'2026-05-27','UPI','HIST00002','99bf6ed3-bf5b-4b8e-9f02-46c192c410cc','6b9e1c2e-2fe2-4092-94fa-052a911e3e1c','{}','2026-05-27 23:44:56','2026-05-27 23:44:56',1,NULL,NULL,'99bf6ed3-bf5b-4b8e-9f02-46c192c410cc',NULL,'659a72a6-284a-4b1b-b460-018096237cb9'),('0dbda954-640f-42bb-b544-6f1057b90d0f',5500.00,'2026-05-27','Online','BULK00056','99bf6ed3-bf5b-4b8e-9f02-46c192c410cc','6db31013-28b3-4f95-8e83-58686e4f84bc','{}','2026-05-27 23:45:34','2026-05-27 23:45:34',1,NULL,NULL,'99bf6ed3-bf5b-4b8e-9f02-46c192c410cc',NULL,'659a72a6-284a-4b1b-b460-018096237cb9'),('014d8a58-712b-45e8-ad19-e9a4f11eb3da',2000.00,'2026-05-27','Online','BULK00001','99bf6ed3-bf5b-4b8e-9f02-46c192c410cc','7134e73e-e276-4b27-810d-da540f2ce9db','{}','2026-05-27 23:45:25','2026-05-27 23:45:25',1,NULL,NULL,'99bf6ed3-bf5b-4b8e-9f02-46c192c410cc',NULL,'659a72a6-284a-4b1b-b460-018096237cb9'),('d980a869-f2ba-432f-b72f-278640d34ae8',5000.00,'2026-05-27','Cash','CAS00009','99bf6ed3-bf5b-4b8e-9f02-46c192c410cc','7162be3f-e581-473e-bb40-84e1da34cdde','{}','2026-05-27 23:36:21','2026-05-27 23:36:21',1,NULL,NULL,'99bf6ed3-bf5b-4b8e-9f02-46c192c410cc',NULL,'659a72a6-284a-4b1b-b460-018096237cb9'),('dc07fe34-a086-42de-8307-5ac482082233',5500.00,'2026-05-27','Cash','PAY00015','99bf6ed3-bf5b-4b8e-9f02-46c192c410cc','7401c6f6-2525-4b75-bd97-22b1b7876d41','{}','2026-05-27 23:36:56','2026-05-27 23:36:56',1,NULL,NULL,'99bf6ed3-bf5b-4b8e-9f02-46c192c410cc',NULL,'659a72a6-284a-4b1b-b460-018096237cb9'),('07b08d0d-9907-43c4-bd46-b0a13f94a87f',5500.00,'2026-05-27','UPI','HIST00017','99bf6ed3-bf5b-4b8e-9f02-46c192c410cc','7432a7db-8245-4fd2-b555-22420c5bd1f9','{}','2026-05-27 23:44:58','2026-05-27 23:44:58',1,NULL,NULL,'99bf6ed3-bf5b-4b8e-9f02-46c192c410cc',NULL,'659a72a6-284a-4b1b-b460-018096237cb9'),('9a727ec8-3bf7-45ed-b2b9-b177bf7a76d0',5500.00,'2026-05-27','Online','ONL00007','99bf6ed3-bf5b-4b8e-9f02-46c192c410cc','74db8f97-d536-476f-b181-50b9c9fa12bd','{}','2026-05-27 23:36:21','2026-05-27 23:36:21',1,NULL,NULL,'99bf6ed3-bf5b-4b8e-9f02-46c192c410cc',NULL,'659a72a6-284a-4b1b-b460-018096237cb9'),('225c44bb-9961-4b6d-bae1-6a4ff271986e',6000.00,'2026-05-27','Bank Transfer','HIST00015','99bf6ed3-bf5b-4b8e-9f02-46c192c410cc','756d7db5-32e2-4d62-84f5-3c57223f1240','{}','2026-05-27 23:44:58','2026-05-27 23:44:58',1,NULL,NULL,'99bf6ed3-bf5b-4b8e-9f02-46c192c410cc',NULL,'659a72a6-284a-4b1b-b460-018096237cb9'),('b7644200-644e-4f32-884f-72d0d0ce8e16',5500.00,'2026-05-27','UPI','PAY00020','99bf6ed3-bf5b-4b8e-9f02-46c192c410cc','757c8b45-f72d-4f18-b19a-df153fcbb54a','{}','2026-05-27 23:36:56','2026-05-27 23:36:56',1,NULL,NULL,'99bf6ed3-bf5b-4b8e-9f02-46c192c410cc',NULL,'659a72a6-284a-4b1b-b460-018096237cb9'),('0b7548d3-457c-45c5-bbd4-6b6eeac1b30f',2000.00,'2026-05-27','Cash','BULK00003','99bf6ed3-bf5b-4b8e-9f02-46c192c410cc','77ea8e13-691f-4050-870d-a3a74f579d11','{}','2026-05-27 23:45:25','2026-05-27 23:45:25',1,NULL,NULL,'99bf6ed3-bf5b-4b8e-9f02-46c192c410cc',NULL,'659a72a6-284a-4b1b-b460-018096237cb9'),('33220c71-535d-4f01-b99c-6b76b64d52e5',2000.00,'2026-05-27','UPI','BULK00017','99bf6ed3-bf5b-4b8e-9f02-46c192c410cc','78a22b34-468d-4b65-89c2-3ebab2810c0a','{}','2026-05-27 23:45:27','2026-05-27 23:45:27',1,NULL,NULL,'99bf6ed3-bf5b-4b8e-9f02-46c192c410cc',NULL,'659a72a6-284a-4b1b-b460-018096237cb9'),('ba1f3e98-e0c8-45ea-ba2c-da3311cea78c',5000.00,'2026-05-27','UPI','PAY00024','99bf6ed3-bf5b-4b8e-9f02-46c192c410cc','7944f5b8-fb0a-430a-9852-972a66e001cf','{}','2026-05-27 23:36:57','2026-05-27 23:36:57',1,NULL,NULL,'99bf6ed3-bf5b-4b8e-9f02-46c192c410cc',NULL,'659a72a6-284a-4b1b-b460-018096237cb9'),('0fbdc643-7080-4f91-bbae-0556e8180b99',5000.00,'2026-05-27','UPI','BULK00057','99bf6ed3-bf5b-4b8e-9f02-46c192c410cc','7a1c55b2-803c-49f2-99d1-c6e54c3ff113','{}','2026-05-27 23:45:34','2026-05-27 23:45:34',1,NULL,NULL,'99bf6ed3-bf5b-4b8e-9f02-46c192c410cc',NULL,'659a72a6-284a-4b1b-b460-018096237cb9'),('bc985fd2-b625-47cf-bd16-e6f506a42ac7',6000.00,'2026-05-27','UPI','UPI00002','99bf6ed3-bf5b-4b8e-9f02-46c192c410cc','7a5a1047-ffda-4cb1-af9a-c210b11a60b8','{}','2026-05-27 23:36:20','2026-05-27 23:36:20',1,NULL,NULL,'99bf6ed3-bf5b-4b8e-9f02-46c192c410cc',NULL,'659a72a6-284a-4b1b-b460-018096237cb9'),('c66a3c85-3bf3-427f-bb88-526e57686bfd',5000.00,'2026-05-27','Online','ONL00019','99bf6ed3-bf5b-4b8e-9f02-46c192c410cc','7bad8acb-5895-492e-b665-37ec8e117a1f','{}','2026-05-27 23:36:23','2026-05-27 23:36:23',1,NULL,NULL,'99bf6ed3-bf5b-4b8e-9f02-46c192c410cc',NULL,'659a72a6-284a-4b1b-b460-018096237cb9'),('9e5b0678-ae54-466a-8413-f88adedf95a2',5000.00,'2026-05-27','Online','BULK00091','99bf6ed3-bf5b-4b8e-9f02-46c192c410cc','7d4fa373-e84c-4749-a786-8ae20927e5ba','{}','2026-05-27 23:45:39','2026-05-27 23:45:39',1,NULL,NULL,'99bf6ed3-bf5b-4b8e-9f02-46c192c410cc',NULL,'659a72a6-284a-4b1b-b460-018096237cb9'),('171fbcfa-ccf9-493a-961d-127daad1d81d',6000.00,'2026-05-27','Cash','HIST00008','99bf6ed3-bf5b-4b8e-9f02-46c192c410cc','7d516a4b-5a99-4d6c-b85b-e0e8f222be89','{}','2026-05-27 23:44:56','2026-05-27 23:44:56',1,NULL,NULL,'99bf6ed3-bf5b-4b8e-9f02-46c192c410cc',NULL,'659a72a6-284a-4b1b-b460-018096237cb9'),('5394b82a-5a2d-4d08-99b7-56aa86e38099',3000.00,'2026-05-27','Online','BULK00076','99bf6ed3-bf5b-4b8e-9f02-46c192c410cc','80fe6d40-812c-4996-9fc6-059ad4c611fb','{}','2026-05-27 23:45:37','2026-05-27 23:45:37',1,NULL,NULL,'99bf6ed3-bf5b-4b8e-9f02-46c192c410cc',NULL,'659a72a6-284a-4b1b-b460-018096237cb9'),('b90aa560-e044-4703-bcd2-6ebdec667c39',2000.00,'2026-05-27','Online','BULK00036','99bf6ed3-bf5b-4b8e-9f02-46c192c410cc','81406196-1692-4faa-9f82-92931c55d1de','{}','2026-05-27 23:45:30','2026-05-27 23:45:30',1,NULL,NULL,'99bf6ed3-bf5b-4b8e-9f02-46c192c410cc',NULL,'659a72a6-284a-4b1b-b460-018096237cb9'),('49d1b91d-c5f7-4665-8f1f-e692d7ccd8b9',5000.00,'2026-05-27','Bank Transfer','HIST00005','99bf6ed3-bf5b-4b8e-9f02-46c192c410cc','81a8dd8e-f88f-4bac-9dd2-746fadbe6b7e','{}','2026-05-27 23:44:56','2026-05-27 23:44:56',1,NULL,NULL,'99bf6ed3-bf5b-4b8e-9f02-46c192c410cc',NULL,'659a72a6-284a-4b1b-b460-018096237cb9'),('8212ed87-4513-4502-a4e6-a22af34506be',5500.00,'2026-05-27','UPI','BULK00142','99bf6ed3-bf5b-4b8e-9f02-46c192c410cc','81b191fe-a206-4f37-9985-5f779bec9e58','{}','2026-05-27 23:45:48','2026-05-27 23:45:48',1,NULL,NULL,'99bf6ed3-bf5b-4b8e-9f02-46c192c410cc',NULL,'659a72a6-284a-4b1b-b460-018096237cb9'),('aeaff1af-2e6a-46db-a6a5-ad794b76d078',5000.00,'2026-05-27','Cheque','BULK00129','99bf6ed3-bf5b-4b8e-9f02-46c192c410cc','81ce8e4a-882f-4ce3-9725-ba7502794549','{}','2026-05-27 23:45:45','2026-05-27 23:45:45',1,NULL,NULL,'99bf6ed3-bf5b-4b8e-9f02-46c192c410cc',NULL,'659a72a6-284a-4b1b-b460-018096237cb9'),('6a4ad20c-be6a-4957-a29a-5b0adc81df5a',5500.00,'2026-05-27','Bank Transfer','PAY00023','99bf6ed3-bf5b-4b8e-9f02-46c192c410cc','820d1642-71b5-4ad8-a6dc-312756c2a39a','{}','2026-05-27 23:36:57','2026-05-27 23:36:57',1,NULL,NULL,'99bf6ed3-bf5b-4b8e-9f02-46c192c410cc',NULL,'659a72a6-284a-4b1b-b460-018096237cb9'),('929196f1-bc65-4678-b565-9c5bfecaf6eb',6000.00,'2026-05-27','UPI','UPI00020','99bf6ed3-bf5b-4b8e-9f02-46c192c410cc','834084fc-a873-478a-b7cb-815fe3b3aaf8','{}','2026-05-27 23:36:23','2026-05-27 23:36:23',1,NULL,NULL,'99bf6ed3-bf5b-4b8e-9f02-46c192c410cc',NULL,'659a72a6-284a-4b1b-b460-018096237cb9'),('332b565d-79d1-4313-9f3f-0742a69f3267',5000.00,'2026-05-27','Online','BULK00066','99bf6ed3-bf5b-4b8e-9f02-46c192c410cc','84f4dfcd-55c6-447b-90cf-b8f16a0db361','{}','2026-05-27 23:45:35','2026-05-27 23:45:35',1,NULL,NULL,'99bf6ed3-bf5b-4b8e-9f02-46c192c410cc',NULL,'659a72a6-284a-4b1b-b460-018096237cb9'),('d32dccff-2b16-4aad-955b-4974928ca9f6',5000.00,'2026-05-27','Cheque','BULK00104','99bf6ed3-bf5b-4b8e-9f02-46c192c410cc','853264de-0fe0-4fed-8527-7e2be74fe878','{}','2026-05-27 23:45:41','2026-05-27 23:45:41',1,NULL,NULL,'99bf6ed3-bf5b-4b8e-9f02-46c192c410cc',NULL,'659a72a6-284a-4b1b-b460-018096237cb9'),('d7e4d05b-d3c1-4268-b890-df4cf24adf78',5500.00,'2026-05-27','Bank Transfer','BULK00120','99bf6ed3-bf5b-4b8e-9f02-46c192c410cc','85a04af3-1228-4d4a-8f89-7be5104e2da2','{}','2026-05-27 23:45:43','2026-05-27 23:45:43',1,NULL,NULL,'99bf6ed3-bf5b-4b8e-9f02-46c192c410cc',NULL,'659a72a6-284a-4b1b-b460-018096237cb9'),('882f9d31-bb91-4927-8e30-73b3c4ad3648',5000.00,'2026-05-27','Cheque','BULK00139','99bf6ed3-bf5b-4b8e-9f02-46c192c410cc','86b761c2-2940-4976-b322-0c25ef737905','{}','2026-05-27 23:45:48','2026-05-27 23:45:48',1,NULL,NULL,'99bf6ed3-bf5b-4b8e-9f02-46c192c410cc',NULL,'659a72a6-284a-4b1b-b460-018096237cb9'),('5b6add16-d28b-4d80-bbc8-c860dc22f880',2000.00,'2026-05-27','Cheque','BULK00024','99bf6ed3-bf5b-4b8e-9f02-46c192c410cc','8c11af8e-d6b3-4a31-b8b9-8d31f9525b73','{}','2026-05-27 23:45:28','2026-05-27 23:45:28',1,NULL,NULL,'99bf6ed3-bf5b-4b8e-9f02-46c192c410cc',NULL,'659a72a6-284a-4b1b-b460-018096237cb9'),('344c6342-468a-4abf-a0ec-165ec2ba2914',2000.00,'2026-05-27','Cash','BULK00018','99bf6ed3-bf5b-4b8e-9f02-46c192c410cc','8c536f01-c11d-4009-adff-1691131f4d6e','{}','2026-05-27 23:45:27','2026-05-27 23:45:27',1,NULL,NULL,'99bf6ed3-bf5b-4b8e-9f02-46c192c410cc',NULL,'659a72a6-284a-4b1b-b460-018096237cb9'),('ccfa21c6-8148-4bd0-9040-d88b13112f7e',5000.00,'2026-05-27','Online','ONL00031','99bf6ed3-bf5b-4b8e-9f02-46c192c410cc','8ed94921-2fb6-4a99-9e69-4597e3ee62dd','{}','2026-05-27 23:36:25','2026-05-27 23:36:25',1,NULL,NULL,'99bf6ed3-bf5b-4b8e-9f02-46c192c410cc',NULL,'659a72a6-284a-4b1b-b460-018096237cb9'),('fa3a1b6e-091d-4f0c-85e2-69fdf6012b8c',6000.00,'2026-05-27','Online','HIST00001','99bf6ed3-bf5b-4b8e-9f02-46c192c410cc','8f12f8ff-9b8e-415b-a3d3-0f2cc90cf599','{}','2026-05-27 23:44:55','2026-05-27 23:44:55',1,NULL,NULL,'99bf6ed3-bf5b-4b8e-9f02-46c192c410cc',NULL,'659a72a6-284a-4b1b-b460-018096237cb9'),('73a28a5c-a0b2-40b7-9060-707f3d31cad9',5500.00,'2026-05-27','Online','BULK00141','99bf6ed3-bf5b-4b8e-9f02-46c192c410cc','8f2b5543-25ce-4836-82f8-69402536c01f','{}','2026-05-27 23:45:48','2026-05-27 23:45:48',1,NULL,NULL,'99bf6ed3-bf5b-4b8e-9f02-46c192c410cc',NULL,'659a72a6-284a-4b1b-b460-018096237cb9'),('1543af88-870c-462d-9500-e810464a9f44',2000.00,'2026-05-27','UPI','BULK00007','99bf6ed3-bf5b-4b8e-9f02-46c192c410cc','8f628de7-021c-460a-bba4-cd27f19b1137','{}','2026-05-27 23:45:25','2026-05-27 23:45:25',1,NULL,NULL,'99bf6ed3-bf5b-4b8e-9f02-46c192c410cc',NULL,'659a72a6-284a-4b1b-b460-018096237cb9'),('6ef42a4e-1f22-4ba6-a3a3-5147ddbd3a0a',5000.00,'2026-05-27','Cheque','BULK00084','99bf6ed3-bf5b-4b8e-9f02-46c192c410cc','90e517c1-cd74-4a29-a1cd-c9f967301e63','{}','2026-05-27 23:45:38','2026-05-27 23:45:38',1,NULL,NULL,'99bf6ed3-bf5b-4b8e-9f02-46c192c410cc',NULL,'659a72a6-284a-4b1b-b460-018096237cb9'),('974747bb-c0d2-4aef-975d-4f526bf269b9',5500.00,'2026-05-27','UPI','PAY00018','99bf6ed3-bf5b-4b8e-9f02-46c192c410cc','93a792fd-687a-4e0c-8854-18f07ea5586e','{}','2026-05-27 23:36:56','2026-05-27 23:36:56',1,NULL,NULL,'99bf6ed3-bf5b-4b8e-9f02-46c192c410cc',NULL,'659a72a6-284a-4b1b-b460-018096237cb9'),('c562c98b-698f-4d27-83e7-9450ce37554e',5500.00,'2026-05-27','UPI','UPI00030','99bf6ed3-bf5b-4b8e-9f02-46c192c410cc','9513cdb7-2447-4a4f-8114-2f3dc1117bf6','{}','2026-05-27 23:36:24','2026-05-27 23:36:24',1,NULL,NULL,'99bf6ed3-bf5b-4b8e-9f02-46c192c410cc',NULL,'659a72a6-284a-4b1b-b460-018096237cb9'),('beafde40-2387-4ee6-885b-d908c3fd5667',5000.00,'2026-05-27','Online','PAY00025','99bf6ed3-bf5b-4b8e-9f02-46c192c410cc','95f6feaf-8377-4fe0-84e6-a2361a4796a0','{}','2026-05-27 23:36:57','2026-05-27 23:36:57',1,NULL,NULL,'99bf6ed3-bf5b-4b8e-9f02-46c192c410cc',NULL,'659a72a6-284a-4b1b-b460-018096237cb9'),('fa4989e1-f0ec-4c9f-b001-a638e8c628d2',5000.00,'2026-05-27','UPI','PAY00002','99bf6ed3-bf5b-4b8e-9f02-46c192c410cc','962621a5-6141-4677-abc8-fca87b0ecc03','{}','2026-05-27 23:36:54','2026-05-27 23:36:54',1,NULL,NULL,'99bf6ed3-bf5b-4b8e-9f02-46c192c410cc',NULL,'659a72a6-284a-4b1b-b460-018096237cb9'),('fe9a7221-25f3-4f14-ba84-61bb46e7adc1',5500.00,'2026-05-27','Bank Transfer','BULK00115','99bf6ed3-bf5b-4b8e-9f02-46c192c410cc','9695a421-d2c1-4591-a60d-2dda14e74483','{}','2026-05-27 23:45:42','2026-05-27 23:45:42',1,NULL,NULL,'99bf6ed3-bf5b-4b8e-9f02-46c192c410cc',NULL,'659a72a6-284a-4b1b-b460-018096237cb9'),('9d9c300e-7d70-40b7-87ea-1ce5b64c161d',5000.00,'2026-05-27','UPI','BULK00132','99bf6ed3-bf5b-4b8e-9f02-46c192c410cc','979c7cd9-a757-47b0-a8d0-25fa7c1356c4','{}','2026-05-27 23:45:46','2026-05-27 23:45:46',1,NULL,NULL,'99bf6ed3-bf5b-4b8e-9f02-46c192c410cc',NULL,'659a72a6-284a-4b1b-b460-018096237cb9'),('a39eb73a-ad89-4460-9d4a-eee53e34079e',6000.00,'2026-05-27','Online','ONL00017','99bf6ed3-bf5b-4b8e-9f02-46c192c410cc','98aa4242-d8a2-47e0-843d-51ac393f7ebd','{}','2026-05-27 23:36:22','2026-05-27 23:36:22',1,NULL,NULL,'99bf6ed3-bf5b-4b8e-9f02-46c192c410cc',NULL,'659a72a6-284a-4b1b-b460-018096237cb9'),('2925c174-fa03-4e35-a614-8f5b5d15e930',3000.00,'2026-05-27','Cheque','BULK00064','99bf6ed3-bf5b-4b8e-9f02-46c192c410cc','98da6b7b-726f-42e7-b800-8aac8adaba03','{}','2026-05-27 23:45:35','2026-05-27 23:45:35',1,NULL,NULL,'99bf6ed3-bf5b-4b8e-9f02-46c192c410cc',NULL,'659a72a6-284a-4b1b-b460-018096237cb9'),('c036e2ee-21a0-47a9-8f43-56a42c3edd19',2000.00,'2026-05-27','Cheque','BULK00039','99bf6ed3-bf5b-4b8e-9f02-46c192c410cc','98e4ac81-a5f6-4d72-ba12-bd202a05767c','{}','2026-05-27 23:45:31','2026-05-27 23:45:31',1,NULL,NULL,'99bf6ed3-bf5b-4b8e-9f02-46c192c410cc',NULL,'659a72a6-284a-4b1b-b460-018096237cb9'),('54b10ae9-7646-4ab8-bcb3-74867e43eda4',6000.00,'2026-05-27','Cheque','HIST00019','99bf6ed3-bf5b-4b8e-9f02-46c192c410cc','9b038191-19bf-4a13-b6e5-d24903354cf6','{}','2026-05-27 23:44:58','2026-05-27 23:44:58',1,NULL,NULL,'99bf6ed3-bf5b-4b8e-9f02-46c192c410cc',NULL,'659a72a6-284a-4b1b-b460-018096237cb9'),('e5e4c099-4d2a-4d51-9a7e-9cfe914e9f7a',5500.00,'2026-05-27','Bank Transfer','BULK00110','99bf6ed3-bf5b-4b8e-9f02-46c192c410cc','9b2e6408-095e-4916-a4d4-acbe9ce3f817','{}','2026-05-27 23:45:41','2026-05-27 23:45:41',1,NULL,NULL,'99bf6ed3-bf5b-4b8e-9f02-46c192c410cc',NULL,'659a72a6-284a-4b1b-b460-018096237cb9'),('bd888578-442d-4cb0-b54c-e8d4970ae1d6',2000.00,'2026-05-27','Cash','BULK00038','99bf6ed3-bf5b-4b8e-9f02-46c192c410cc','9b6b83b0-cbd2-4979-87a2-1223b45708ad','{}','2026-05-27 23:45:31','2026-05-27 23:45:31',1,NULL,NULL,'99bf6ed3-bf5b-4b8e-9f02-46c192c410cc',NULL,'659a72a6-284a-4b1b-b460-018096237cb9'),('98cd35ce-e80d-4763-9f2d-dfc50cbff0e7',2000.00,'2026-05-27','Online','BULK00031','99bf6ed3-bf5b-4b8e-9f02-46c192c410cc','9dce72f8-2d2c-443e-84fc-0c67c47b1bda','{}','2026-05-27 23:45:29','2026-05-27 23:45:29',1,NULL,NULL,'99bf6ed3-bf5b-4b8e-9f02-46c192c410cc',NULL,'659a72a6-284a-4b1b-b460-018096237cb9'),('700410ae-b2e8-45a4-99e0-8c4e72dd4d8c',6000.00,'2026-05-27','Online','PAY00007','99bf6ed3-bf5b-4b8e-9f02-46c192c410cc','9e1aeb4c-9f53-4ac5-bef0-a87743f29151','{}','2026-05-27 23:36:55','2026-05-27 23:36:55',1,NULL,NULL,'99bf6ed3-bf5b-4b8e-9f02-46c192c410cc',NULL,'659a72a6-284a-4b1b-b460-018096237cb9'),('40dd6958-0b9d-4717-9ff4-e5cdda7a5935',5000.00,'2026-05-27','UPI','UPI00032','99bf6ed3-bf5b-4b8e-9f02-46c192c410cc','9e793ec8-c496-4ebe-94f1-fea03b6dee93','{}','2026-05-27 23:36:25','2026-05-27 23:36:25',1,NULL,NULL,'99bf6ed3-bf5b-4b8e-9f02-46c192c410cc',NULL,'659a72a6-284a-4b1b-b460-018096237cb9'),('f96e0737-8a7e-4a33-b24d-53c209da8442',2000.00,'2026-05-27','Online','BULK00051','99bf6ed3-bf5b-4b8e-9f02-46c192c410cc','9fe73dc0-5d09-4847-abf1-73fe18316546','{}','2026-05-27 23:45:33','2026-05-27 23:45:33',1,NULL,NULL,'99bf6ed3-bf5b-4b8e-9f02-46c192c410cc',NULL,'659a72a6-284a-4b1b-b460-018096237cb9'),('a177e021-4370-4b09-8f54-8c45908eb8d1',2000.00,'2026-05-27','Cash','BULK00033','99bf6ed3-bf5b-4b8e-9f02-46c192c410cc','a0910fbe-de38-4735-b7fe-b38a1b129407','{}','2026-05-27 23:45:30','2026-05-27 23:45:30',1,NULL,NULL,'99bf6ed3-bf5b-4b8e-9f02-46c192c410cc',NULL,'659a72a6-284a-4b1b-b460-018096237cb9'),('f9e17f3d-c343-413f-b1b5-cf8ea2aec7ba',5000.00,'2026-05-27','Bank Transfer','PAY00005','99bf6ed3-bf5b-4b8e-9f02-46c192c410cc','a1af8b63-8809-4f51-872d-92a205025102','{}','2026-05-27 23:36:54','2026-05-27 23:36:54',1,NULL,NULL,'99bf6ed3-bf5b-4b8e-9f02-46c192c410cc',NULL,'659a72a6-284a-4b1b-b460-018096237cb9'),('d488b5c5-b8f5-4046-ad1f-387302d47fd1',6000.00,'2026-05-27','Online','BULK00121','99bf6ed3-bf5b-4b8e-9f02-46c192c410cc','a21c7e1e-9dc8-4568-a3e4-d0d7233835bc','{}','2026-05-27 23:45:43','2026-05-27 23:45:43',1,NULL,NULL,'99bf6ed3-bf5b-4b8e-9f02-46c192c410cc',NULL,'659a72a6-284a-4b1b-b460-018096237cb9'),('3de226c1-fd22-469e-a8ef-168dee86170e',500.00,'2026-05-28','UPI','TEST_UPI_001','99bf6ed3-bf5b-4b8e-9f02-46c192c410cc','a3b98737-a226-4659-b1cf-a3c5fb8a6b87','{}','2026-05-28 01:08:49','2026-05-28 01:08:49',1,NULL,NULL,'99bf6ed3-bf5b-4b8e-9f02-46c192c410cc',NULL,'659a72a6-284a-4b1b-b460-018096237cb9'),('d161c868-ac98-444e-896d-5121eaea2507',5000.00,'2026-05-27','Cash','BULK00103','99bf6ed3-bf5b-4b8e-9f02-46c192c410cc','a421ad4c-32e3-4df3-8635-7a401d7883ae','{}','2026-05-27 23:45:40','2026-05-27 23:45:40',1,NULL,NULL,'99bf6ed3-bf5b-4b8e-9f02-46c192c410cc',NULL,'659a72a6-284a-4b1b-b460-018096237cb9'),('d2ee8cf5-62a6-45ee-aab5-c53e036b6e6e',2000.00,'2026-05-27','Online','BULK00046','99bf6ed3-bf5b-4b8e-9f02-46c192c410cc','a6f5220e-1fdb-4866-818a-54bbd2311ddc','{}','2026-05-27 23:45:32','2026-05-27 23:45:32',1,NULL,NULL,'99bf6ed3-bf5b-4b8e-9f02-46c192c410cc',NULL,'659a72a6-284a-4b1b-b460-018096237cb9'),('7b7fe2b1-1248-4a1a-bbcc-062f07f2c446',5000.00,'2026-05-27','UPI','BULK00087','99bf6ed3-bf5b-4b8e-9f02-46c192c410cc','a796fbd0-cbc0-4096-8f9a-3caf42627d7f','{}','2026-05-27 23:45:38','2026-05-27 23:45:38',1,NULL,NULL,'99bf6ed3-bf5b-4b8e-9f02-46c192c410cc',NULL,'659a72a6-284a-4b1b-b460-018096237cb9'),('98c147c5-61b8-44bf-9c4a-a443d5b2b6f5',6000.00,'2026-05-27','Cheque','PAY00016','99bf6ed3-bf5b-4b8e-9f02-46c192c410cc','a814c60c-bf9c-468a-ba73-03d5ee4d6d82','{}','2026-05-27 23:36:56','2026-05-27 23:36:56',1,NULL,NULL,'99bf6ed3-bf5b-4b8e-9f02-46c192c410cc',NULL,'659a72a6-284a-4b1b-b460-018096237cb9'),('1f69b9e9-a098-4a84-a183-51a0e67519e9',2000.00,'2026-05-27','Bank Transfer','BULK00010','99bf6ed3-bf5b-4b8e-9f02-46c192c410cc','aa47ca77-50b5-4b58-8e69-560341b3724b','{}','2026-05-27 23:45:26','2026-05-27 23:45:26',1,NULL,NULL,'99bf6ed3-bf5b-4b8e-9f02-46c192c410cc',NULL,'659a72a6-284a-4b1b-b460-018096237cb9'),('a12411fa-3fbb-4bfb-994d-88208034758c',6000.00,'2026-05-27','UPI','PAY00008','99bf6ed3-bf5b-4b8e-9f02-46c192c410cc','ab06f301-0635-4c59-a00e-78cbfde0208d','{}','2026-05-27 23:36:55','2026-05-27 23:36:55',1,NULL,NULL,'99bf6ed3-bf5b-4b8e-9f02-46c192c410cc',NULL,'659a72a6-284a-4b1b-b460-018096237cb9'),('e4250a01-d3d5-4ee1-ac43-d9b9e8748296',5000.00,'2026-05-27','Cash','BULK00118','99bf6ed3-bf5b-4b8e-9f02-46c192c410cc','ab103adb-8b7e-4d8a-8153-a909e1f71b40','{}','2026-05-27 23:45:43','2026-05-27 23:45:43',1,NULL,NULL,'99bf6ed3-bf5b-4b8e-9f02-46c192c410cc',NULL,'659a72a6-284a-4b1b-b460-018096237cb9'),('40d5f099-0ccc-4ab1-b301-d241c022be6d',6000.00,'2026-05-27','Bank Transfer','BULK00070','99bf6ed3-bf5b-4b8e-9f02-46c192c410cc','abb23362-61cb-4706-97d6-627db8d079de','{}','2026-05-27 23:45:36','2026-05-27 23:45:36',1,NULL,NULL,'99bf6ed3-bf5b-4b8e-9f02-46c192c410cc',NULL,'659a72a6-284a-4b1b-b460-018096237cb9'),('8b3b02c2-175f-4f32-bb60-0c9894147e31',2000.00,'2026-05-27','Cheque','BULK00029','99bf6ed3-bf5b-4b8e-9f02-46c192c410cc','ad288052-589e-4698-b0a1-997638b14038','{}','2026-05-27 23:45:29','2026-05-27 23:45:29',1,NULL,NULL,'99bf6ed3-bf5b-4b8e-9f02-46c192c410cc',NULL,'659a72a6-284a-4b1b-b460-018096237cb9'),('9fbfa9e0-8b6c-4df5-9671-f46ca231c88e',5000.00,'2026-05-27','UPI','BULK00092','99bf6ed3-bf5b-4b8e-9f02-46c192c410cc','ad389d7c-f927-4c69-a9fd-1979e00cadee','{}','2026-05-27 23:45:39','2026-05-27 23:45:39',1,NULL,NULL,'99bf6ed3-bf5b-4b8e-9f02-46c192c410cc',NULL,'659a72a6-284a-4b1b-b460-018096237cb9'),('4e034e72-c278-4a6b-a544-0fc1371e6efb',5000.00,'2026-05-27','Bank Transfer','BULK00075','99bf6ed3-bf5b-4b8e-9f02-46c192c410cc','af94fb6a-d43f-43d8-bb9a-e354842589fa','{}','2026-05-27 23:45:37','2026-05-27 23:45:37',1,NULL,NULL,'99bf6ed3-bf5b-4b8e-9f02-46c192c410cc',NULL,'659a72a6-284a-4b1b-b460-018096237cb9'),('ae615549-95e7-4663-9176-15af8ee06493',5000.00,'2026-05-27','Online','BULK00096','99bf6ed3-bf5b-4b8e-9f02-46c192c410cc','b0218414-a905-4dcb-a523-998221f5edcb','{}','2026-05-27 23:45:40','2026-05-27 23:45:40',1,NULL,NULL,'99bf6ed3-bf5b-4b8e-9f02-46c192c410cc',NULL,'659a72a6-284a-4b1b-b460-018096237cb9'),('d8db378b-5ed0-4c70-9396-3bd1808db120',5500.00,'2026-05-27','Cash','CAS00033','99bf6ed3-bf5b-4b8e-9f02-46c192c410cc','b2e61eb3-e58b-450b-bd74-ccfef0d5f0f8','{}','2026-05-27 23:36:25','2026-05-27 23:36:25',1,NULL,NULL,'99bf6ed3-bf5b-4b8e-9f02-46c192c410cc',NULL,'659a72a6-284a-4b1b-b460-018096237cb9'),('586aefd1-3f27-4d91-af6d-3979c366c930',5500.00,'2026-05-27','Cash','BULK00078','99bf6ed3-bf5b-4b8e-9f02-46c192c410cc','b334d6c3-ed29-490a-b30e-3af1f3f6ba80','{}','2026-05-27 23:45:37','2026-05-27 23:45:37',1,NULL,NULL,'99bf6ed3-bf5b-4b8e-9f02-46c192c410cc',NULL,'659a72a6-284a-4b1b-b460-018096237cb9'),('0483daf5-63e3-48aa-b42d-ede859028de3',5500.00,'2026-05-27','Cheque','BULK00054','99bf6ed3-bf5b-4b8e-9f02-46c192c410cc','b3e64d2b-7ef2-43fb-a724-962ab50ee356','{}','2026-05-27 23:45:34','2026-05-27 23:45:34',1,NULL,NULL,'99bf6ed3-bf5b-4b8e-9f02-46c192c410cc',NULL,'659a72a6-284a-4b1b-b460-018096237cb9'),('6b955fb1-32f2-493d-b8f0-8d6b89ded053',2000.00,'2026-05-27','Online','BULK00026','99bf6ed3-bf5b-4b8e-9f02-46c192c410cc','b47b42be-f6d8-4a42-91ee-03f0dd93ba53','{}','2026-05-27 23:45:28','2026-05-27 23:45:28',1,NULL,NULL,'99bf6ed3-bf5b-4b8e-9f02-46c192c410cc',NULL,'659a72a6-284a-4b1b-b460-018096237cb9'),('a6487d8e-8cc5-4032-8e66-95d0c346a64d',6000.00,'2026-05-27','Cheque','BULK00094','99bf6ed3-bf5b-4b8e-9f02-46c192c410cc','b4855968-c1af-4106-9b54-91b6259d6a3e','{}','2026-05-27 23:45:39','2026-05-27 23:45:39',1,NULL,NULL,'99bf6ed3-bf5b-4b8e-9f02-46c192c410cc',NULL,'659a72a6-284a-4b1b-b460-018096237cb9'),('03dead7a-7c9b-4f61-936c-82a6ed26bf6b',6000.00,'2026-05-27','Cash','BULK00053','99bf6ed3-bf5b-4b8e-9f02-46c192c410cc','b4da73ad-60d1-4544-89dc-9be88d685c5f','{}','2026-05-27 23:45:33','2026-05-27 23:45:33',1,NULL,NULL,'99bf6ed3-bf5b-4b8e-9f02-46c192c410cc',NULL,'659a72a6-284a-4b1b-b460-018096237cb9'),('cbb1f847-c52e-44e8-b6cf-72e424ae4ac4',5500.00,'2026-05-27','UPI','BULK00122','99bf6ed3-bf5b-4b8e-9f02-46c192c410cc','b50497d3-a71a-4f97-aab2-14122aa6925d','{}','2026-05-27 23:45:43','2026-05-27 23:45:43',1,NULL,NULL,'99bf6ed3-bf5b-4b8e-9f02-46c192c410cc',NULL,'659a72a6-284a-4b1b-b460-018096237cb9'),('e9018b16-d7a5-4006-a1a6-07b83ce14c19',6000.00,'2026-05-27','Cash','PAY00021','99bf6ed3-bf5b-4b8e-9f02-46c192c410cc','b5ac8255-b52c-4210-8d4e-a5ae5797adab','{}','2026-05-27 23:36:57','2026-05-27 23:36:57',1,NULL,NULL,'99bf6ed3-bf5b-4b8e-9f02-46c192c410cc',NULL,'659a72a6-284a-4b1b-b460-018096237cb9'),('ddf95ac7-969d-4b6c-a5b8-f865fac11830',6000.00,'2026-05-27','UPI','UPI00006','99bf6ed3-bf5b-4b8e-9f02-46c192c410cc','b70d77bf-3e9d-4f36-a702-3e9720d808e1','{}','2026-05-27 23:36:21','2026-05-27 23:36:21',1,NULL,NULL,'99bf6ed3-bf5b-4b8e-9f02-46c192c410cc',NULL,'659a72a6-284a-4b1b-b460-018096237cb9'),('4b72d614-3206-42b4-9767-58cfd6524ae0',2000.00,'2026-05-27','Bank Transfer','BULK00020','99bf6ed3-bf5b-4b8e-9f02-46c192c410cc','b741fd50-6868-45cc-bc01-1ac9c3adceb5','{}','2026-05-27 23:45:27','2026-05-27 23:45:27',1,NULL,NULL,'99bf6ed3-bf5b-4b8e-9f02-46c192c410cc',NULL,'659a72a6-284a-4b1b-b460-018096237cb9'),('c2a2e39e-bf53-4173-810e-45399f9fb597',2000.00,'2026-05-27','Online','BULK00041','99bf6ed3-bf5b-4b8e-9f02-46c192c410cc','b7a327f0-8748-4f8a-820b-b0d3aa1bb984','{}','2026-05-27 23:45:31','2026-05-27 23:45:31',1,NULL,NULL,'99bf6ed3-bf5b-4b8e-9f02-46c192c410cc',NULL,'659a72a6-284a-4b1b-b460-018096237cb9'),('44fcef37-30c2-439e-97e9-69744f782c97',5500.00,'2026-05-27','UPI','UPI00018','99bf6ed3-bf5b-4b8e-9f02-46c192c410cc','b7adc425-2dab-4068-b7e2-0f849faf1930','{}','2026-05-27 23:36:22','2026-05-27 23:36:22',1,NULL,NULL,'99bf6ed3-bf5b-4b8e-9f02-46c192c410cc',NULL,'659a72a6-284a-4b1b-b460-018096237cb9'),('d9b7e85d-79b6-4ad6-b426-87893c51afca',5500.00,'2026-05-27','Cash','CAS00015','99bf6ed3-bf5b-4b8e-9f02-46c192c410cc','b7b3380c-c2b7-4a0c-a206-f389a278f477','{}','2026-05-27 23:36:22','2026-05-27 23:36:22',1,NULL,NULL,'99bf6ed3-bf5b-4b8e-9f02-46c192c410cc',NULL,'659a72a6-284a-4b1b-b460-018096237cb9'),('ad8356f6-f091-4b73-86d2-2846de5806e5',6000.00,'2026-05-27','Bank Transfer','BULK00095','99bf6ed3-bf5b-4b8e-9f02-46c192c410cc','b8119521-5eb3-49a3-b63e-fa778c72a410','{}','2026-05-27 23:45:39','2026-05-27 23:45:39',1,NULL,NULL,'99bf6ed3-bf5b-4b8e-9f02-46c192c410cc',NULL,'659a72a6-284a-4b1b-b460-018096237cb9'),('13ce0800-bdf9-4e27-8af8-368b4b8c8628',2000.00,'2026-05-27','Online','BULK00006','99bf6ed3-bf5b-4b8e-9f02-46c192c410cc','b962efa9-7b41-42ae-88bd-732ced429622','{}','2026-05-27 23:45:25','2026-05-27 23:45:25',1,NULL,NULL,'99bf6ed3-bf5b-4b8e-9f02-46c192c410cc',NULL,'659a72a6-284a-4b1b-b460-018096237cb9'),('c35c5349-1ca9-46fc-a3c9-f73b30fcdbae',5000.00,'2026-05-27','Online','ONL00005','99bf6ed3-bf5b-4b8e-9f02-46c192c410cc','b99abc4c-6220-4615-aa33-f7671c1850fa','{}','2026-05-27 23:36:21','2026-05-27 23:36:21',1,NULL,NULL,'99bf6ed3-bf5b-4b8e-9f02-46c192c410cc',NULL,'659a72a6-284a-4b1b-b460-018096237cb9'),('40fd87a5-b75a-4064-9224-860d940d48f4',6000.00,'2026-05-27','Online','BULK00071','99bf6ed3-bf5b-4b8e-9f02-46c192c410cc','bdb3b61d-bca6-4a68-b7ce-a8e1af8fe5db','{}','2026-05-27 23:45:36','2026-05-27 23:45:36',1,NULL,NULL,'99bf6ed3-bf5b-4b8e-9f02-46c192c410cc',NULL,'659a72a6-284a-4b1b-b460-018096237cb9'),('db98122d-27a6-4360-9f92-981e585b230b',2000.00,'2026-05-27','Cash','BULK00048','99bf6ed3-bf5b-4b8e-9f02-46c192c410cc','bdef4604-a488-43f2-9e56-4e333357f020','{}','2026-05-27 23:45:33','2026-05-27 23:45:33',1,NULL,NULL,'99bf6ed3-bf5b-4b8e-9f02-46c192c410cc',NULL,'659a72a6-284a-4b1b-b460-018096237cb9'),('4df9086d-9ccb-42d3-9236-4725b11b51fd',2000.00,'2026-05-27','Online','BULK00021','99bf6ed3-bf5b-4b8e-9f02-46c192c410cc','bfed9143-0e50-4dcd-b79e-9572b3d3d9ed','{}','2026-05-27 23:45:28','2026-05-27 23:45:28',1,NULL,NULL,'99bf6ed3-bf5b-4b8e-9f02-46c192c410cc',NULL,'659a72a6-284a-4b1b-b460-018096237cb9'),('3f48d4b9-c00e-46e1-aa56-fedee60a850c',5000.00,'2026-05-27','Cheque','CHE00028','99bf6ed3-bf5b-4b8e-9f02-46c192c410cc','c0bc3b52-91d2-44c4-af95-ff19cabf6596','{}','2026-05-27 23:36:24','2026-05-27 23:36:24',1,NULL,NULL,'99bf6ed3-bf5b-4b8e-9f02-46c192c410cc',NULL,'659a72a6-284a-4b1b-b460-018096237cb9'),('3eb520f8-91d2-4542-90e9-5d41fa33b400',2000.00,'2026-05-27','Cheque','BULK00019','99bf6ed3-bf5b-4b8e-9f02-46c192c410cc','c2b75d53-8ba3-43b6-8327-e4cd1b086180','{}','2026-05-27 23:45:27','2026-05-27 23:45:27',1,NULL,NULL,'99bf6ed3-bf5b-4b8e-9f02-46c192c410cc',NULL,'659a72a6-284a-4b1b-b460-018096237cb9'),('7274ab7c-d932-4d1b-af15-62d43b1812dd',5000.00,'2026-05-27','Online','ONL00023','99bf6ed3-bf5b-4b8e-9f02-46c192c410cc','c63f1122-63cc-4566-92f0-a2d940c669dd','{}','2026-05-27 23:36:23','2026-05-27 23:36:23',1,NULL,NULL,'99bf6ed3-bf5b-4b8e-9f02-46c192c410cc',NULL,'659a72a6-284a-4b1b-b460-018096237cb9'),('6037d519-d9a4-4b1f-a231-5c9261d3c65f',6000.00,'2026-05-27','Bank Transfer','BULK00080','99bf6ed3-bf5b-4b8e-9f02-46c192c410cc','c657f204-37f7-41bb-9f64-bf1dd4962dc1','{}','2026-05-27 23:45:37','2026-05-27 23:45:37',1,NULL,NULL,'99bf6ed3-bf5b-4b8e-9f02-46c192c410cc',NULL,'659a72a6-284a-4b1b-b460-018096237cb9'),('1bdb1b0e-1cb8-4b59-ac01-25cfa5f2b35c',2000.00,'2026-05-27','Cheque','BULK00009','99bf6ed3-bf5b-4b8e-9f02-46c192c410cc','c8af3110-08f2-4776-8cf8-86480f1f9dde','{}','2026-05-27 23:45:26','2026-05-27 23:45:26',1,NULL,NULL,'99bf6ed3-bf5b-4b8e-9f02-46c192c410cc',NULL,'659a72a6-284a-4b1b-b460-018096237cb9'),('ea53717f-a2c5-45ac-b9e2-c816055a8a8c',3000.00,'2026-05-27','UPI','BULK00112','99bf6ed3-bf5b-4b8e-9f02-46c192c410cc','c9aa1b11-14cf-443d-aab5-a7284c5dead7','{}','2026-05-27 23:45:42','2026-05-27 23:45:42',1,NULL,NULL,'99bf6ed3-bf5b-4b8e-9f02-46c192c410cc',NULL,'659a72a6-284a-4b1b-b460-018096237cb9'),('1b7180ac-d438-41e8-8fed-4c1e5feb2d06',6000.00,'2026-05-27','Cheque','BULK00059','99bf6ed3-bf5b-4b8e-9f02-46c192c410cc','c9e4c885-4627-4e37-bd38-92f491db5065','{}','2026-05-27 23:45:34','2026-05-27 23:45:34',1,NULL,NULL,'99bf6ed3-bf5b-4b8e-9f02-46c192c410cc',NULL,'659a72a6-284a-4b1b-b460-018096237cb9'),('29eb6757-0161-4259-b9f5-4355def62b32',5000.00,'2026-05-27','Online','HIST00006','99bf6ed3-bf5b-4b8e-9f02-46c192c410cc','cabb2f1e-1f5a-4449-8435-f739fdc3a55f','{}','2026-05-27 23:44:56','2026-05-27 23:44:56',1,NULL,NULL,'99bf6ed3-bf5b-4b8e-9f02-46c192c410cc',NULL,'659a72a6-284a-4b1b-b460-018096237cb9'),('be2a6dce-df78-47c0-8451-27675971cf14',6000.00,'2026-05-27','Online','BULK00101','99bf6ed3-bf5b-4b8e-9f02-46c192c410cc','cb38aaa1-16cf-4105-90c2-793c3f386554','{}','2026-05-27 23:45:40','2026-05-27 23:45:40',1,NULL,NULL,'99bf6ed3-bf5b-4b8e-9f02-46c192c410cc',NULL,'659a72a6-284a-4b1b-b460-018096237cb9'),('41010f00-0063-4552-bf77-44b8a43c68ee',6000.00,'2026-05-27','UPI','BULK00072','99bf6ed3-bf5b-4b8e-9f02-46c192c410cc','cfdaa0f6-1984-4fbf-8c97-3b477d1722f1','{}','2026-05-27 23:45:36','2026-05-27 23:45:36',1,NULL,NULL,'99bf6ed3-bf5b-4b8e-9f02-46c192c410cc',NULL,'659a72a6-284a-4b1b-b460-018096237cb9'),('d8937898-a3c2-4472-b477-2479180ada03',5500.00,'2026-05-27','Cash','BULK00108','99bf6ed3-bf5b-4b8e-9f02-46c192c410cc','d0de1b26-ed0a-4cad-ade0-591f6f5d7b00','{}','2026-05-27 23:45:41','2026-05-27 23:45:41',1,NULL,NULL,'99bf6ed3-bf5b-4b8e-9f02-46c192c410cc',NULL,'659a72a6-284a-4b1b-b460-018096237cb9'),('ebac471c-4219-41f0-8c44-3ce219d05362',5500.00,'2026-05-27','UPI','BULK00117','99bf6ed3-bf5b-4b8e-9f02-46c192c410cc','d1fcbccd-8609-4cdd-bdf6-6408bde053ac','{}','2026-05-27 23:45:42','2026-05-27 23:45:42',1,NULL,NULL,'99bf6ed3-bf5b-4b8e-9f02-46c192c410cc',NULL,'659a72a6-284a-4b1b-b460-018096237cb9'),('b30bc232-a683-4021-8c40-159740bb2d0a',5500.00,'2026-05-27','UPI','UPI00024','99bf6ed3-bf5b-4b8e-9f02-46c192c410cc','d277834d-a587-45a5-b830-f0909ab415c2','{}','2026-05-27 23:36:23','2026-05-27 23:36:23',1,NULL,NULL,'99bf6ed3-bf5b-4b8e-9f02-46c192c410cc',NULL,'659a72a6-284a-4b1b-b460-018096237cb9'),('5e387af1-d150-4b86-9fe8-70dad834dba4',5000.00,'2026-05-27','UPI','PAY00014','99bf6ed3-bf5b-4b8e-9f02-46c192c410cc','d3935e8e-b969-454b-b838-fe26ffbe3ea5','{}','2026-05-27 23:36:55','2026-05-27 23:36:55',1,NULL,NULL,'99bf6ed3-bf5b-4b8e-9f02-46c192c410cc',NULL,'659a72a6-284a-4b1b-b460-018096237cb9'),('574db7e5-1b2b-4ef2-84c5-9fc2d2949cd7',5000.00,'2026-05-27','Cheque','HIST00004','99bf6ed3-bf5b-4b8e-9f02-46c192c410cc','d4ee0154-604e-4833-bed3-95a292dd8d09','{}','2026-05-27 23:44:56','2026-05-27 23:44:56',1,NULL,NULL,'99bf6ed3-bf5b-4b8e-9f02-46c192c410cc',NULL,'659a72a6-284a-4b1b-b460-018096237cb9'),('8295de00-299b-4d3f-a5ea-7c862786d5f5',6000.00,'2026-05-27','UPI','PAY00026','99bf6ed3-bf5b-4b8e-9f02-46c192c410cc','d562f5fd-d5d6-4acc-9aa2-5d89fb39886c','{}','2026-05-27 23:36:57','2026-05-27 23:36:57',1,NULL,NULL,'99bf6ed3-bf5b-4b8e-9f02-46c192c410cc',NULL,'659a72a6-284a-4b1b-b460-018096237cb9'),('5b2f9f94-8241-47e9-a57e-5d181fcd4484',5000.00,'2026-05-27','Online','PAY00019','99bf6ed3-bf5b-4b8e-9f02-46c192c410cc','d67dc758-ad39-4d82-978c-d42d168bc1e9','{}','2026-05-27 23:36:56','2026-05-27 23:36:56',1,NULL,NULL,'99bf6ed3-bf5b-4b8e-9f02-46c192c410cc',NULL,'659a72a6-284a-4b1b-b460-018096237cb9'),('645c8363-41b3-40e6-b029-8f7b0a657b5c',3000.00,'2026-05-27','Cash','BULK00083','99bf6ed3-bf5b-4b8e-9f02-46c192c410cc','d810207f-599f-4691-9f8c-c6bd8f879680','{}','2026-05-27 23:45:38','2026-05-27 23:45:38',1,NULL,NULL,'99bf6ed3-bf5b-4b8e-9f02-46c192c410cc',NULL,'659a72a6-284a-4b1b-b460-018096237cb9'),('d9302ee9-4527-4964-8616-7cf54fd62cea',2000.00,'2026-05-27','UPI','BULK00047','99bf6ed3-bf5b-4b8e-9f02-46c192c410cc','da5c8594-a165-496a-9160-59cc2646a5b3','{}','2026-05-27 23:45:33','2026-05-27 23:45:33',1,NULL,NULL,'99bf6ed3-bf5b-4b8e-9f02-46c192c410cc',NULL,'659a72a6-284a-4b1b-b460-018096237cb9'),('250cca89-4dac-4c4c-b005-1f0c73ae4cbd',5500.00,'2026-05-27','UPI','BULK00062','99bf6ed3-bf5b-4b8e-9f02-46c192c410cc','da998a12-524f-4d80-8115-af00639e75c9','{}','2026-05-27 23:45:35','2026-05-27 23:45:35',1,NULL,NULL,'99bf6ed3-bf5b-4b8e-9f02-46c192c410cc',NULL,'659a72a6-284a-4b1b-b460-018096237cb9'),('ffbd0294-95bb-446f-b12d-372b3ddf2cdd',5000.00,'2026-05-27','Online','BULK00116','99bf6ed3-bf5b-4b8e-9f02-46c192c410cc','de705296-03dd-4cc0-9718-6119fc618e10','{}','2026-05-27 23:45:42','2026-05-27 23:45:42',1,NULL,NULL,'99bf6ed3-bf5b-4b8e-9f02-46c192c410cc',NULL,'659a72a6-284a-4b1b-b460-018096237cb9'),('2057f35d-80d5-4f59-b126-bbfbbd8f9132',2000.00,'2026-05-27','Online','BULK00011','99bf6ed3-bf5b-4b8e-9f02-46c192c410cc','df84902f-549e-4365-8760-91b0a799c472','{}','2026-05-27 23:45:26','2026-05-27 23:45:26',1,NULL,NULL,'99bf6ed3-bf5b-4b8e-9f02-46c192c410cc',NULL,'659a72a6-284a-4b1b-b460-018096237cb9'),('b200a59e-c4e1-4245-b1d1-b83ec03bbe39',5000.00,'2026-05-27','UPI','BULK00127','99bf6ed3-bf5b-4b8e-9f02-46c192c410cc','dfc8110a-25bc-4e02-b5e5-2d86c50c7f3d','{}','2026-05-27 23:45:44','2026-05-27 23:45:44',1,NULL,NULL,'99bf6ed3-bf5b-4b8e-9f02-46c192c410cc',NULL,'659a72a6-284a-4b1b-b460-018096237cb9'),('9ddf5053-b6e9-41aa-be78-c83db1e91be6',6000.00,'2026-05-27','Online','ONL00001','99bf6ed3-bf5b-4b8e-9f02-46c192c410cc','e0779b3b-150c-4397-b44e-e8b87b030d03','{}','2026-05-27 23:36:20','2026-05-27 23:36:20',1,NULL,NULL,'99bf6ed3-bf5b-4b8e-9f02-46c192c410cc',NULL,'659a72a6-284a-4b1b-b460-018096237cb9'),('98c25d8c-4ce8-4b8b-897c-875ab2889608',5500.00,'2026-05-27','Cheque','PAY00010','99bf6ed3-bf5b-4b8e-9f02-46c192c410cc','e2d1dd62-e074-4ae6-8002-8c898aaea4c0','{}','2026-05-27 23:36:55','2026-05-27 23:36:55',1,NULL,NULL,'99bf6ed3-bf5b-4b8e-9f02-46c192c410cc',NULL,'659a72a6-284a-4b1b-b460-018096237cb9'),('22c4cb4a-fd6c-442e-a950-f0903270d5b6',6000.00,'2026-05-27','Cash','CAS00021','99bf6ed3-bf5b-4b8e-9f02-46c192c410cc','e3cb0676-6e12-4b7f-a9fe-9f3f3fefa1a5','{}','2026-05-27 23:36:23','2026-05-27 23:36:23',1,NULL,NULL,'99bf6ed3-bf5b-4b8e-9f02-46c192c410cc',NULL,'659a72a6-284a-4b1b-b460-018096237cb9'),('a232a822-c3aa-4fda-9b78-e25d01fff21a',5500.00,'2026-05-27','Online','BULK00131','99bf6ed3-bf5b-4b8e-9f02-46c192c410cc','e3ccff2a-41d8-4afb-ab78-8ea75adda02a','{}','2026-05-27 23:45:46','2026-05-27 23:45:46',1,NULL,NULL,'99bf6ed3-bf5b-4b8e-9f02-46c192c410cc',NULL,'659a72a6-284a-4b1b-b460-018096237cb9'),('449c6dad-6df9-4eae-87a7-381567c88728',3000.00,'2026-05-27','Cash','BULK00073','99bf6ed3-bf5b-4b8e-9f02-46c192c410cc','e5541477-bda6-4b14-bc5e-6bde2e7db578','{}','2026-05-27 23:45:36','2026-05-27 23:45:36',1,NULL,NULL,'99bf6ed3-bf5b-4b8e-9f02-46c192c410cc',NULL,'659a72a6-284a-4b1b-b460-018096237cb9'),('25bb6cfb-b73c-4714-9ee8-1476060e337d',2000.00,'2026-05-27','Cheque','BULK00014','99bf6ed3-bf5b-4b8e-9f02-46c192c410cc','e623c217-f468-484e-8585-ca800322be52','{}','2026-05-27 23:45:26','2026-05-27 23:45:26',1,NULL,NULL,'99bf6ed3-bf5b-4b8e-9f02-46c192c410cc',NULL,'659a72a6-284a-4b1b-b460-018096237cb9'),('b4aaace2-8630-45a0-a88f-51e2bb042fba',5000.00,'2026-05-27','Cash','BULK00098','99bf6ed3-bf5b-4b8e-9f02-46c192c410cc','e64404bc-8c7b-42ba-b9a1-da3ce9b93adf','{}','2026-05-27 23:45:40','2026-05-27 23:45:40',1,NULL,NULL,'99bf6ed3-bf5b-4b8e-9f02-46c192c410cc',NULL,'659a72a6-284a-4b1b-b460-018096237cb9'),('aff5b81a-0deb-496a-b19f-87a22537d0cd',2000.00,'2026-05-27','Bank Transfer','BULK00035','99bf6ed3-bf5b-4b8e-9f02-46c192c410cc','e64e92de-1345-4256-862b-c604c9bd4347','{}','2026-05-27 23:45:30','2026-05-27 23:45:30',1,NULL,NULL,'99bf6ed3-bf5b-4b8e-9f02-46c192c410cc',NULL,'659a72a6-284a-4b1b-b460-018096237cb9'),('b40a8cc5-cc24-4546-9b61-44d4d0b03814',5000.00,'2026-05-27','UPI','PAY00012','99bf6ed3-bf5b-4b8e-9f02-46c192c410cc','e8699020-d16c-4d2a-add7-1ba075bb27e6','{}','2026-05-27 23:36:55','2026-05-27 23:36:55',1,NULL,NULL,'99bf6ed3-bf5b-4b8e-9f02-46c192c410cc',NULL,'659a72a6-284a-4b1b-b460-018096237cb9'),('fac8a90a-88e8-433c-8dfd-7a9f00032992',6000.00,'2026-05-27','Online','ONL00029','99bf6ed3-bf5b-4b8e-9f02-46c192c410cc','e9cc6311-68b6-4366-816a-013352878acb','{}','2026-05-27 23:36:24','2026-05-27 23:36:24',1,NULL,NULL,'99bf6ed3-bf5b-4b8e-9f02-46c192c410cc',NULL,'659a72a6-284a-4b1b-b460-018096237cb9'),('7b04f884-d6f1-40ba-b63d-86fd57051d6c',3000.00,'2026-05-27','Online','BULK00086','99bf6ed3-bf5b-4b8e-9f02-46c192c410cc','ea429437-9e76-4bd9-8df9-6cc54386cb18','{}','2026-05-27 23:45:38','2026-05-27 23:45:38',1,NULL,NULL,'99bf6ed3-bf5b-4b8e-9f02-46c192c410cc',NULL,'659a72a6-284a-4b1b-b460-018096237cb9'),('7d12f612-a770-4bea-a8d2-52b157ef3872',3000.00,'2026-05-27','Cash','BULK00088','99bf6ed3-bf5b-4b8e-9f02-46c192c410cc','eacbe43c-89b0-48bc-98b9-c5ae67075d56','{}','2026-05-27 23:45:39','2026-05-27 23:45:39',1,NULL,NULL,'99bf6ed3-bf5b-4b8e-9f02-46c192c410cc',NULL,'659a72a6-284a-4b1b-b460-018096237cb9'),('8b48a9b9-7d35-4915-bbfe-df2d05d9e8c4',5000.00,'2026-05-27','Bank Transfer','BULK00135','99bf6ed3-bf5b-4b8e-9f02-46c192c410cc','ebfd5ec8-4d5d-4962-854a-ab4527005fc5','{}','2026-05-27 23:45:47','2026-05-27 23:45:47',1,NULL,NULL,'99bf6ed3-bf5b-4b8e-9f02-46c192c410cc',NULL,'659a72a6-284a-4b1b-b460-018096237cb9'),('708a1ec4-8872-421c-98ad-05cef0c4bc47',2000.00,'2026-05-27','UPI','BULK00027','99bf6ed3-bf5b-4b8e-9f02-46c192c410cc','ed5757fc-ecb5-40e7-b14e-adec3803ac8d','{}','2026-05-27 23:45:29','2026-05-27 23:45:29',1,NULL,NULL,'99bf6ed3-bf5b-4b8e-9f02-46c192c410cc',NULL,'659a72a6-284a-4b1b-b460-018096237cb9'),('b2fe3850-f627-467c-ae5e-a7d5cd8cfb2c',6000.00,'2026-05-27','UPI','UPI00014','99bf6ed3-bf5b-4b8e-9f02-46c192c410cc','eded33ea-fd28-4e6d-8b49-f9d6ef60f375','{}','2026-05-27 23:36:22','2026-05-27 23:36:22',1,NULL,NULL,'99bf6ed3-bf5b-4b8e-9f02-46c192c410cc',NULL,'659a72a6-284a-4b1b-b460-018096237cb9'),('61856c41-fc7c-481c-a0b9-fd9ee3a1ec08',5500.00,'2026-05-27','UPI','BULK00082','99bf6ed3-bf5b-4b8e-9f02-46c192c410cc','ee8a2e7f-c3da-48ec-9dd7-66e64f944682','{}','2026-05-27 23:45:38','2026-05-27 23:45:38',1,NULL,NULL,'99bf6ed3-bf5b-4b8e-9f02-46c192c410cc',NULL,'659a72a6-284a-4b1b-b460-018096237cb9'),('c87c86d1-51af-48a5-bb8d-c407e8b15b56',2000.00,'2026-05-27','Cheque','BULK00044','99bf6ed3-bf5b-4b8e-9f02-46c192c410cc','f1fd12d0-11df-4e81-83b0-82eb163b6e28','{}','2026-05-27 23:45:32','2026-05-27 23:45:32',1,NULL,NULL,'99bf6ed3-bf5b-4b8e-9f02-46c192c410cc',NULL,'659a72a6-284a-4b1b-b460-018096237cb9'),('e5804161-2061-4bb6-b554-e48ebfb6eb67',2000.00,'2026-05-27','Bank Transfer','BULK00050','99bf6ed3-bf5b-4b8e-9f02-46c192c410cc','f2b3f1ac-c057-4a4d-bce7-7586f65a13a9','{}','2026-05-27 23:45:33','2026-05-27 23:45:33',1,NULL,NULL,'99bf6ed3-bf5b-4b8e-9f02-46c192c410cc',NULL,'659a72a6-284a-4b1b-b460-018096237cb9'),('044a8e99-4625-4d47-8c66-5e89052b7de3',5000.00,'2026-05-27','Cash','HIST00018','99bf6ed3-bf5b-4b8e-9f02-46c192c410cc','f38914b4-0778-4a98-a990-375dac03c778','{}','2026-05-27 23:44:58','2026-05-27 23:44:58',1,NULL,NULL,'99bf6ed3-bf5b-4b8e-9f02-46c192c410cc',NULL,'659a72a6-284a-4b1b-b460-018096237cb9'),('0d749fa2-a33b-409f-97df-4039c1864583',5000.00,'2026-05-27','Bank Transfer','HIST00020','99bf6ed3-bf5b-4b8e-9f02-46c192c410cc','f48d3c82-2b94-469e-befa-7b29ce34ce6c','{}','2026-05-27 23:44:58','2026-05-27 23:44:58',1,NULL,NULL,'99bf6ed3-bf5b-4b8e-9f02-46c192c410cc',NULL,'659a72a6-284a-4b1b-b460-018096237cb9'),('a6d08ee3-4923-414d-8e61-cfef2e766d7b',2000.00,'2026-05-27','Cheque','BULK00034','99bf6ed3-bf5b-4b8e-9f02-46c192c410cc','f502d609-6ff9-4422-83e9-a02f12413fdb','{}','2026-05-27 23:45:30','2026-05-27 23:45:30',1,NULL,NULL,'99bf6ed3-bf5b-4b8e-9f02-46c192c410cc',NULL,'659a72a6-284a-4b1b-b460-018096237cb9'),('dd917835-c2e9-4b63-b5a3-85cd12a1907a',5000.00,'2026-05-27','Cheque','CHE00004','99bf6ed3-bf5b-4b8e-9f02-46c192c410cc','f5cb8b99-7956-4ab9-91ff-13c6d2cad8d2','{}','2026-05-27 23:36:21','2026-05-27 23:36:21',1,NULL,NULL,'99bf6ed3-bf5b-4b8e-9f02-46c192c410cc',NULL,'659a72a6-284a-4b1b-b460-018096237cb9'),('28c262c9-c1c3-4b48-b4d0-ae873f8c5336',5500.00,'2026-05-27','UPI','HIST00012','99bf6ed3-bf5b-4b8e-9f02-46c192c410cc','f61b627b-34a5-42fe-9620-e12d3636acae','{}','2026-05-27 23:44:57','2026-05-27 23:44:57',1,NULL,NULL,'99bf6ed3-bf5b-4b8e-9f02-46c192c410cc',NULL,'659a72a6-284a-4b1b-b460-018096237cb9'),('3fa72dfa-f8ab-412b-b57e-0e0e4e8bca3f',5000.00,'2026-05-27','Online','ONL00013','99bf6ed3-bf5b-4b8e-9f02-46c192c410cc','f6283e95-5e7a-457d-8fcd-52c426bbf133','{}','2026-05-27 23:36:22','2026-05-27 23:36:22',1,NULL,NULL,'99bf6ed3-bf5b-4b8e-9f02-46c192c410cc',NULL,'659a72a6-284a-4b1b-b460-018096237cb9'),('be6aec66-2b56-49d2-ac82-d5b1566ff477',5000.00,'2026-05-27','UPI','UPI00026','99bf6ed3-bf5b-4b8e-9f02-46c192c410cc','f7c65270-1885-4739-8b54-c1c9f7112248','{}','2026-05-27 23:36:24','2026-05-27 23:36:24',1,NULL,NULL,'99bf6ed3-bf5b-4b8e-9f02-46c192c410cc',NULL,'659a72a6-284a-4b1b-b460-018096237cb9'),('b3802fc0-6a61-4cee-b4bb-a7a98d86dacc',5500.00,'2026-05-27','Cash','CAS00003','99bf6ed3-bf5b-4b8e-9f02-46c192c410cc','f8d4335e-104a-4255-aa1e-74ceb157b7c8','{}','2026-05-27 23:36:21','2026-05-27 23:36:21',1,NULL,NULL,'99bf6ed3-bf5b-4b8e-9f02-46c192c410cc',NULL,'659a72a6-284a-4b1b-b460-018096237cb9'),('0c30dd6a-6f6e-4407-9f9e-4770147aa3ec',2000.00,'2026-05-27','Cheque','BULK00004','99bf6ed3-bf5b-4b8e-9f02-46c192c410cc','f9de77cf-0a5e-46bd-b487-1d71e794f113','{}','2026-05-27 23:45:25','2026-05-27 23:45:25',1,NULL,NULL,'99bf6ed3-bf5b-4b8e-9f02-46c192c410cc',NULL,'659a72a6-284a-4b1b-b460-018096237cb9'),('1ec4c56d-e370-4cec-9794-fa2884a58d48',5000.00,'2026-05-27','Cash','CAS00027','99bf6ed3-bf5b-4b8e-9f02-46c192c410cc','fb66f3ac-aebe-49a4-b0e3-a8f0b859dd96','{}','2026-05-27 23:36:24','2026-05-27 23:36:24',1,NULL,NULL,'99bf6ed3-bf5b-4b8e-9f02-46c192c410cc',NULL,'659a72a6-284a-4b1b-b460-018096237cb9'),('de786894-67ed-4424-95e9-f6c7584aa024',5000.00,'2026-05-27','Cheque','BULK00119','99bf6ed3-bf5b-4b8e-9f02-46c192c410cc','fb7d73cd-dd3a-46bb-950f-db12fbdad652','{}','2026-05-27 23:45:43','2026-05-27 23:45:43',1,NULL,NULL,'99bf6ed3-bf5b-4b8e-9f02-46c192c410cc',NULL,'659a72a6-284a-4b1b-b460-018096237cb9'),('09fd21d1-a347-48ca-bdd6-6e11b29c9779',2000.00,'2026-05-27','UPI','BULK00002','99bf6ed3-bf5b-4b8e-9f02-46c192c410cc','fb85b98d-6ee4-4823-8578-2d47579699ee','{}','2026-05-27 23:45:25','2026-05-27 23:45:25',1,NULL,NULL,'99bf6ed3-bf5b-4b8e-9f02-46c192c410cc',NULL,'659a72a6-284a-4b1b-b460-018096237cb9'),('8ef63b28-b72e-458e-8668-113233a451a0',5500.00,'2026-05-27','Cheque','CHE00022','99bf6ed3-bf5b-4b8e-9f02-46c192c410cc','fc609d0a-0a27-4c5a-9638-95ff1ed655f4','{}','2026-05-27 23:36:23','2026-05-27 23:36:23',1,NULL,NULL,'99bf6ed3-bf5b-4b8e-9f02-46c192c410cc',NULL,'659a72a6-284a-4b1b-b460-018096237cb9'),('b9bea641-00cf-407d-ba5a-c3181363f4e7',3000.00,'2026-05-27','Cheque','BULK00099','99bf6ed3-bf5b-4b8e-9f02-46c192c410cc','ffaabb5f-f69d-4c16-b538-da21d3c00812','{}','2026-05-27 23:45:40','2026-05-27 23:45:40',1,NULL,NULL,'99bf6ed3-bf5b-4b8e-9f02-46c192c410cc',NULL,'659a72a6-284a-4b1b-b460-018096237cb9');
/*!40000 ALTER TABLE `fee_payments` ENABLE KEYS */;
UNLOCK TABLES;

--
-- Table structure for table `fee_penalties`
--

DROP TABLE IF EXISTS `fee_penalties`;
/*!40101 SET @saved_cs_client     = @@character_set_client */;
/*!50503 SET character_set_client = utf8mb4 */;
CREATE TABLE `fee_penalties` (
  `fee_record_id` char(36) CHARACTER SET utf8mb4 COLLATE utf8mb4_unicode_ci NOT NULL,
  `penalty_type` varchar(20) CHARACTER SET utf8mb4 COLLATE utf8mb4_unicode_ci NOT NULL,
  `amount` decimal(10,2) NOT NULL,
  `percentage` decimal(5,2) DEFAULT NULL,
  `applied_on` datetime NOT NULL,
  `applied_by` char(36) CHARACTER SET utf8mb4 COLLATE utf8mb4_unicode_ci NOT NULL,
  `id` char(36) CHARACTER SET utf8mb4 COLLATE utf8mb4_unicode_ci NOT NULL,
  `metadata` json NOT NULL,
  `created_at` datetime NOT NULL DEFAULT (now()),
  `updated_at` datetime NOT NULL DEFAULT (now()),
  `is_active` tinyint(1) NOT NULL,
  `deleted_at` datetime DEFAULT NULL,
  `deleted_by` char(36) CHARACTER SET utf8mb4 COLLATE utf8mb4_unicode_ci DEFAULT NULL,
  `created_by` char(36) CHARACTER SET utf8mb4 COLLATE utf8mb4_unicode_ci DEFAULT NULL,
  `updated_by` char(36) CHARACTER SET utf8mb4 COLLATE utf8mb4_unicode_ci DEFAULT NULL,
  `school_id` char(36) CHARACTER SET utf8mb4 COLLATE utf8mb4_unicode_ci NOT NULL,
  PRIMARY KEY (`id`),
  KEY `fk_fee_penalties_applied_by_users` (`applied_by`),
  KEY `idx_fee_penalties_record` (`fee_record_id`),
  KEY `ix_fee_penalties_is_active` (`is_active`),
  KEY `ix_fee_penalties_school_id` (`school_id`),
  KEY `idx_fee_penalties_date` (`school_id`,`applied_on`),
  CONSTRAINT `fk_fee_penalties_applied_by_users` FOREIGN KEY (`applied_by`) REFERENCES `users` (`id`),
  CONSTRAINT `fk_fee_penalties_fee_record_id_fee_records` FOREIGN KEY (`fee_record_id`) REFERENCES `fee_records` (`id`),
  CONSTRAINT `fk_fee_penalties_school_id_schools` FOREIGN KEY (`school_id`) REFERENCES `schools` (`id`)
) ENGINE=InnoDB DEFAULT CHARSET=utf8mb4 COLLATE=utf8mb4_unicode_ci;
/*!40101 SET character_set_client = @saved_cs_client */;

--
-- Dumping data for table `fee_penalties`
--

LOCK TABLES `fee_penalties` WRITE;
/*!40000 ALTER TABLE `fee_penalties` DISABLE KEYS */;
/*!40000 ALTER TABLE `fee_penalties` ENABLE KEYS */;
UNLOCK TABLES;

--
-- Table structure for table `fee_records`
--

DROP TABLE IF EXISTS `fee_records`;
/*!40101 SET @saved_cs_client     = @@character_set_client */;
/*!50503 SET character_set_client = utf8mb4 */;
CREATE TABLE `fee_records` (
  `academic_year_id` char(36) CHARACTER SET utf8mb4 COLLATE utf8mb4_unicode_ci NOT NULL,
  `student_id` char(36) CHARACTER SET utf8mb4 COLLATE utf8mb4_unicode_ci NOT NULL,
  `fee_structure_id` char(36) CHARACTER SET utf8mb4 COLLATE utf8mb4_unicode_ci DEFAULT NULL,
  `fee_type` varchar(50) CHARACTER SET utf8mb4 COLLATE utf8mb4_unicode_ci NOT NULL,
  `fee_category` varchar(20) CHARACTER SET utf8mb4 COLLATE utf8mb4_unicode_ci NOT NULL,
  `total_amount` decimal(10,2) NOT NULL,
  `paid` decimal(10,2) NOT NULL,
  `pending` decimal(10,2) NOT NULL,
  `total_late_fee` decimal(10,2) NOT NULL,
  `due_date` date NOT NULL,
  `status` varchar(20) CHARACTER SET utf8mb4 COLLATE utf8mb4_unicode_ci NOT NULL,
  `description` varchar(255) CHARACTER SET utf8mb4 COLLATE utf8mb4_unicode_ci DEFAULT NULL,
  `id` char(36) CHARACTER SET utf8mb4 COLLATE utf8mb4_unicode_ci NOT NULL,
  `metadata` json NOT NULL,
  `created_at` datetime NOT NULL DEFAULT (now()),
  `updated_at` datetime NOT NULL DEFAULT (now()),
  `is_active` tinyint(1) NOT NULL,
  `deleted_at` datetime DEFAULT NULL,
  `deleted_by` char(36) CHARACTER SET utf8mb4 COLLATE utf8mb4_unicode_ci DEFAULT NULL,
  `created_by` char(36) CHARACTER SET utf8mb4 COLLATE utf8mb4_unicode_ci DEFAULT NULL,
  `updated_by` char(36) CHARACTER SET utf8mb4 COLLATE utf8mb4_unicode_ci DEFAULT NULL,
  `school_id` char(36) CHARACTER SET utf8mb4 COLLATE utf8mb4_unicode_ci NOT NULL,
  PRIMARY KEY (`id`),
  KEY `fk_fee_records_academic_year_id_academic_years` (`academic_year_id`),
  KEY `fk_fee_records_fee_structure_id_fee_structures` (`fee_structure_id`),
  KEY `ix_fee_records_school_id` (`school_id`),
  KEY `ix_fee_records_is_active` (`is_active`),
  KEY `idx_fee_records_due_date` (`school_id`,`due_date`),
  KEY `idx_fee_records_student` (`student_id`,`academic_year_id`),
  KEY `idx_fee_records_fee_type` (`school_id`,`academic_year_id`,`fee_type`),
  KEY `idx_fee_records_status` (`school_id`,`academic_year_id`,`status`),
  CONSTRAINT `fk_fee_records_academic_year_id_academic_years` FOREIGN KEY (`academic_year_id`) REFERENCES `academic_years` (`id`),
  CONSTRAINT `fk_fee_records_fee_structure_id_fee_structures` FOREIGN KEY (`fee_structure_id`) REFERENCES `fee_structures` (`id`),
  CONSTRAINT `fk_fee_records_school_id_schools` FOREIGN KEY (`school_id`) REFERENCES `schools` (`id`),
  CONSTRAINT `fk_fee_records_student_id_students` FOREIGN KEY (`student_id`) REFERENCES `students` (`id`)
) ENGINE=InnoDB DEFAULT CHARSET=utf8mb4 COLLATE=utf8mb4_unicode_ci;
/*!40101 SET character_set_client = @saved_cs_client */;

--
-- Dumping data for table `fee_records`
--

LOCK TABLES `fee_records` WRITE;
/*!40000 ALTER TABLE `fee_records` DISABLE KEYS */;
INSERT INTO `fee_records` VALUES ('491598d9-1ca9-4402-86f3-87b92cf96f11','718e064c-26d8-4d8e-8bbb-fcebd31f70b1',NULL,'Tuition Fee','academic',5000.00,0.00,5000.00,0.00,'2025-11-10','Pending',NULL,'0114e0ba-681c-4c67-a115-0c1ed702fd7b','{}','2026-05-27 23:33:29','2026-05-27 23:33:29',1,NULL,NULL,'99bf6ed3-bf5b-4b8e-9f02-46c192c410cc',NULL,'659a72a6-284a-4b1b-b460-018096237cb9'),('491598d9-1ca9-4402-86f3-87b92cf96f11','c590e7e3-c666-4da3-8a68-91f07dbbbadf',NULL,'Lab Fee','academic',2000.00,2000.00,0.00,0.00,'2025-07-15','Paid',NULL,'014d8a58-712b-45e8-ad19-e9a4f11eb3da','{}','2026-05-27 23:33:34','2026-05-27 23:45:25',1,NULL,NULL,'99bf6ed3-bf5b-4b8e-9f02-46c192c410cc',NULL,'659a72a6-284a-4b1b-b460-018096237cb9'),('491598d9-1ca9-4402-86f3-87b92cf96f11','dcd9ac28-b22f-41ce-90e8-46b4dfae4799',NULL,'Tuition Fee','academic',5000.00,0.00,5000.00,0.00,'2025-08-10','Pending',NULL,'019d8059-0713-4475-a035-ac204d889652','{}','2026-05-27 23:33:29','2026-05-27 23:33:29',1,NULL,NULL,'99bf6ed3-bf5b-4b8e-9f02-46c192c410cc',NULL,'659a72a6-284a-4b1b-b460-018096237cb9'),('491598d9-1ca9-4402-86f3-87b92cf96f11','154dba0d-46f1-4ba7-a1a6-6f5bc2ed051c',NULL,'Tuition Fee','academic',5000.00,0.00,5000.00,0.00,'2025-11-10','Pending',NULL,'02cfb976-18b4-4e1e-89d7-2475cb38ecd6','{}','2026-05-27 23:33:30','2026-05-27 23:33:30',1,NULL,NULL,'99bf6ed3-bf5b-4b8e-9f02-46c192c410cc',NULL,'659a72a6-284a-4b1b-b460-018096237cb9'),('491598d9-1ca9-4402-86f3-87b92cf96f11','0e9e1858-b649-4961-8e79-561f6e058836',NULL,'Tuition Fee','academic',5500.00,0.00,5500.00,0.00,'2025-09-10','Pending',NULL,'03a0697c-25c8-422b-9dba-7fb37f1534cb','{}','2026-05-27 23:33:30','2026-05-27 23:33:30',1,NULL,NULL,'99bf6ed3-bf5b-4b8e-9f02-46c192c410cc',NULL,'659a72a6-284a-4b1b-b460-018096237cb9'),('491598d9-1ca9-4402-86f3-87b92cf96f11','d50613db-5b80-4dfc-bc55-865d8ddbcb25',NULL,'Tuition Fee','academic',6000.00,6000.00,0.00,0.00,'2025-07-10','Paid',NULL,'03dead7a-7c9b-4f61-936c-82a6ed26bf6b','{}','2026-05-27 23:33:32','2026-05-27 23:45:33',1,NULL,NULL,'99bf6ed3-bf5b-4b8e-9f02-46c192c410cc',NULL,'659a72a6-284a-4b1b-b460-018096237cb9'),('491598d9-1ca9-4402-86f3-87b92cf96f11','a81dcd18-15ed-467b-8583-60cbf3665752',NULL,'Tuition Fee','academic',5000.00,5000.00,0.00,0.00,'2025-09-10','Paid',NULL,'044a8e99-4625-4d47-8c66-5e89052b7de3','{}','2026-05-27 23:33:29','2026-05-27 23:44:58',1,NULL,NULL,'99bf6ed3-bf5b-4b8e-9f02-46c192c410cc',NULL,'659a72a6-284a-4b1b-b460-018096237cb9'),('491598d9-1ca9-4402-86f3-87b92cf96f11','417901ea-f5f8-4c33-b141-e2843c36c497',NULL,'Exam Fee','academic',500.00,0.00,500.00,0.00,'2026-03-15','Pending',NULL,'044c8389-de92-45da-a16b-1c56723f3472','{}','2026-05-28 01:08:52','2026-05-28 01:08:52',1,NULL,NULL,'99bf6ed3-bf5b-4b8e-9f02-46c192c410cc',NULL,'659a72a6-284a-4b1b-b460-018096237cb9'),('491598d9-1ca9-4402-86f3-87b92cf96f11','0e9e1858-b649-4961-8e79-561f6e058836',NULL,'Tuition Fee','academic',5500.00,5500.00,0.00,0.00,'2025-07-10','Paid',NULL,'0483daf5-63e3-48aa-b42d-ede859028de3','{}','2026-05-27 23:33:30','2026-05-27 23:45:34',1,NULL,NULL,'99bf6ed3-bf5b-4b8e-9f02-46c192c410cc',NULL,'659a72a6-284a-4b1b-b460-018096237cb9'),('491598d9-1ca9-4402-86f3-87b92cf96f11','b656d8da-0176-43e6-b53d-0cb4c7bab509',NULL,'Tuition Fee','academic',5500.00,5500.00,0.00,0.00,'2025-09-10','Paid',NULL,'07b08d0d-9907-43c4-bd46-b0a13f94a87f','{}','2026-05-27 23:33:31','2026-05-27 23:44:58',1,NULL,NULL,'99bf6ed3-bf5b-4b8e-9f02-46c192c410cc',NULL,'659a72a6-284a-4b1b-b460-018096237cb9'),('491598d9-1ca9-4402-86f3-87b92cf96f11','e296a48c-e6f2-485c-bd1f-c3034149a0a2',NULL,'Tuition Fee','academic',6000.00,0.00,6000.00,0.00,'2025-08-10','Pending',NULL,'0852af38-ea79-4835-b766-50e487f990e5','{}','2026-05-27 23:33:32','2026-05-27 23:33:32',1,NULL,NULL,'99bf6ed3-bf5b-4b8e-9f02-46c192c410cc',NULL,'659a72a6-284a-4b1b-b460-018096237cb9'),('491598d9-1ca9-4402-86f3-87b92cf96f11','718e064c-26d8-4d8e-8bbb-fcebd31f70b1',NULL,'Tuition Fee','academic',5000.00,0.00,5000.00,0.00,'2025-09-10','Pending',NULL,'087fcf10-24b5-4929-b703-7775a22df7a5','{}','2026-05-27 23:33:29','2026-05-27 23:33:29',1,NULL,NULL,'99bf6ed3-bf5b-4b8e-9f02-46c192c410cc',NULL,'659a72a6-284a-4b1b-b460-018096237cb9'),('491598d9-1ca9-4402-86f3-87b92cf96f11','a81dcd18-15ed-467b-8583-60cbf3665752',NULL,'Lab Fee','academic',2000.00,2000.00,0.00,0.00,'2025-07-15','Paid',NULL,'09fd21d1-a347-48ca-bdd6-6e11b29c9779','{}','2026-05-27 23:33:33','2026-05-27 23:45:25',1,NULL,NULL,'99bf6ed3-bf5b-4b8e-9f02-46c192c410cc',NULL,'659a72a6-284a-4b1b-b460-018096237cb9'),('491598d9-1ca9-4402-86f3-87b92cf96f11','743e944a-3b70-4df6-bdb2-c5b6eb0ff9e8',NULL,'Tuition Fee','academic',5000.00,0.00,5000.00,0.00,'2025-08-10','Pending',NULL,'0a93e5a2-1f2a-4e55-a55c-0a99faffacd4','{}','2026-05-27 23:33:29','2026-05-27 23:33:29',1,NULL,NULL,'99bf6ed3-bf5b-4b8e-9f02-46c192c410cc',NULL,'659a72a6-284a-4b1b-b460-018096237cb9'),('491598d9-1ca9-4402-86f3-87b92cf96f11','01fbc26d-95b1-43be-b42a-6dd602973499',NULL,'Tuition Fee','academic',6000.00,0.00,6000.00,0.00,'2025-08-10','Pending',NULL,'0b29cedf-8eb4-41b0-bd84-e370282ec1cc','{}','2026-05-27 23:33:32','2026-05-27 23:33:32',1,NULL,NULL,'99bf6ed3-bf5b-4b8e-9f02-46c192c410cc',NULL,'659a72a6-284a-4b1b-b460-018096237cb9'),('491598d9-1ca9-4402-86f3-87b92cf96f11','1db8fd34-b725-4da4-8665-a5534238f137',NULL,'Tuition Fee','academic',5500.00,0.00,5500.00,0.00,'2025-10-10','Pending',NULL,'0b6becbe-3653-4b4f-9eb8-6a783443e0fe','{}','2026-05-27 23:33:30','2026-05-27 23:33:30',1,NULL,NULL,'99bf6ed3-bf5b-4b8e-9f02-46c192c410cc',NULL,'659a72a6-284a-4b1b-b460-018096237cb9'),('491598d9-1ca9-4402-86f3-87b92cf96f11','154dba0d-46f1-4ba7-a1a6-6f5bc2ed051c',NULL,'Lab Fee','academic',2000.00,2000.00,0.00,0.00,'2025-07-15','Paid',NULL,'0b7548d3-457c-45c5-bbd4-6b6eeac1b30f','{}','2026-05-27 23:33:33','2026-05-27 23:45:25',1,NULL,NULL,'99bf6ed3-bf5b-4b8e-9f02-46c192c410cc',NULL,'659a72a6-284a-4b1b-b460-018096237cb9'),('491598d9-1ca9-4402-86f3-87b92cf96f11','95133435-5c71-4ee2-8866-1ef9e527e199',NULL,'Tuition Fee','academic',6000.00,0.00,6000.00,0.00,'2025-11-10','Pending',NULL,'0ba79bf6-7857-401d-b7c6-34b660ff6c38','{}','2026-05-27 23:33:33','2026-05-27 23:33:33',1,NULL,NULL,'99bf6ed3-bf5b-4b8e-9f02-46c192c410cc',NULL,'659a72a6-284a-4b1b-b460-018096237cb9'),('491598d9-1ca9-4402-86f3-87b92cf96f11','e32641ce-926f-4338-ac29-3f2a89e94524',NULL,'Tuition Fee','academic',5000.00,0.00,5000.00,0.00,'2025-11-10','Pending',NULL,'0be166b2-a066-475c-bc4e-597107e91ac7','{}','2026-05-27 23:33:30','2026-05-27 23:33:30',1,NULL,NULL,'99bf6ed3-bf5b-4b8e-9f02-46c192c410cc',NULL,'659a72a6-284a-4b1b-b460-018096237cb9'),('491598d9-1ca9-4402-86f3-87b92cf96f11','1f84a410-f76c-48e6-bd71-dde6983af906',NULL,'Lab Fee','academic',2000.00,2000.00,0.00,0.00,'2025-07-15','Paid',NULL,'0c30dd6a-6f6e-4407-9f9e-4770147aa3ec','{}','2026-05-27 23:33:34','2026-05-27 23:45:25',1,NULL,NULL,'99bf6ed3-bf5b-4b8e-9f02-46c192c410cc',NULL,'659a72a6-284a-4b1b-b460-018096237cb9'),('491598d9-1ca9-4402-86f3-87b92cf96f11','e296a48c-e6f2-485c-bd1f-c3034149a0a2',NULL,'Tuition Fee','academic',6000.00,0.00,6000.00,0.00,'2025-10-10','Pending',NULL,'0ce398b6-3d8a-4198-9cac-3b30fc00ef33','{}','2026-05-27 23:33:33','2026-05-27 23:33:33',1,NULL,NULL,'99bf6ed3-bf5b-4b8e-9f02-46c192c410cc',NULL,'659a72a6-284a-4b1b-b460-018096237cb9'),('491598d9-1ca9-4402-86f3-87b92cf96f11','fea91fe4-40b6-422d-b549-b4089cc7223d',NULL,'Tuition Fee','academic',5500.00,5500.00,0.00,0.00,'2025-07-10','Paid',NULL,'0d17240e-d50a-4e7d-811f-47067c55c62e','{}','2026-05-27 23:33:31','2026-05-27 23:45:34',1,NULL,NULL,'99bf6ed3-bf5b-4b8e-9f02-46c192c410cc',NULL,'659a72a6-284a-4b1b-b460-018096237cb9'),('491598d9-1ca9-4402-86f3-87b92cf96f11','c25eb5ef-cb17-4022-8883-b20ef32ec981',NULL,'Tuition Fee','academic',6000.00,0.00,6000.00,0.00,'2025-08-10','Pending',NULL,'0d59bea8-230c-4693-a436-d0ba7c2736c7','{}','2026-05-27 23:33:32','2026-05-27 23:33:32',1,NULL,NULL,'99bf6ed3-bf5b-4b8e-9f02-46c192c410cc',NULL,'659a72a6-284a-4b1b-b460-018096237cb9'),('491598d9-1ca9-4402-86f3-87b92cf96f11','e32641ce-926f-4338-ac29-3f2a89e94524',NULL,'Tuition Fee','academic',5000.00,5000.00,0.00,0.00,'2025-09-10','Paid',NULL,'0d749fa2-a33b-409f-97df-4039c1864583','{}','2026-05-27 23:33:30','2026-05-27 23:44:58',1,NULL,NULL,'99bf6ed3-bf5b-4b8e-9f02-46c192c410cc',NULL,'659a72a6-284a-4b1b-b460-018096237cb9'),('491598d9-1ca9-4402-86f3-87b92cf96f11','1f84a410-f76c-48e6-bd71-dde6983af906',NULL,'Tuition Fee','academic',6000.00,6000.00,0.00,0.00,'2025-09-10','Paid',NULL,'0d7a1635-7d75-4265-bce4-c718add38b3e','{}','2026-05-27 23:33:33','2026-05-27 23:44:57',1,NULL,NULL,'99bf6ed3-bf5b-4b8e-9f02-46c192c410cc',NULL,'659a72a6-284a-4b1b-b460-018096237cb9'),('491598d9-1ca9-4402-86f3-87b92cf96f11','96cc2aff-1541-447c-8d31-35c2f80d4428',NULL,'Tuition Fee','academic',5500.00,5500.00,0.00,0.00,'2025-07-10','Paid',NULL,'0dbda954-640f-42bb-b544-6f1057b90d0f','{}','2026-05-27 23:33:31','2026-05-27 23:45:34',1,NULL,NULL,'99bf6ed3-bf5b-4b8e-9f02-46c192c410cc',NULL,'659a72a6-284a-4b1b-b460-018096237cb9'),('491598d9-1ca9-4402-86f3-87b92cf96f11','ac753b58-b0cf-49a4-bb08-399faee3076d',NULL,'Tuition Fee','academic',5500.00,5500.00,0.00,0.00,'2025-09-10','Paid',NULL,'0e39371d-9fe4-4320-99ff-1fc3987dada7','{}','2026-05-27 23:33:31','2026-05-27 23:44:56',1,NULL,NULL,'99bf6ed3-bf5b-4b8e-9f02-46c192c410cc',NULL,'659a72a6-284a-4b1b-b460-018096237cb9'),('491598d9-1ca9-4402-86f3-87b92cf96f11','b12b3e5a-18da-483b-8c63-30e1ee23f84a',NULL,'Tuition Fee','academic',6000.00,0.00,6000.00,0.00,'2025-11-10','Pending',NULL,'0e9c04a5-a702-4570-a5b2-cf813286752d','{}','2026-05-27 23:33:33','2026-05-27 23:33:33',1,NULL,NULL,'99bf6ed3-bf5b-4b8e-9f02-46c192c410cc',NULL,'659a72a6-284a-4b1b-b460-018096237cb9'),('491598d9-1ca9-4402-86f3-87b92cf96f11','01fbc26d-95b1-43be-b42a-6dd602973499',NULL,'Tuition Fee','academic',6000.00,0.00,6000.00,0.00,'2025-10-10','Pending',NULL,'0efc01f3-fd08-4274-a1a3-2fcb11d07da0','{}','2026-05-27 23:33:32','2026-05-27 23:33:32',1,NULL,NULL,'99bf6ed3-bf5b-4b8e-9f02-46c192c410cc',NULL,'659a72a6-284a-4b1b-b460-018096237cb9'),('491598d9-1ca9-4402-86f3-87b92cf96f11','ff8d12ed-6489-43dd-b2b1-88c02d42f826',NULL,'Tuition Fee','academic',5000.00,5000.00,0.00,0.00,'2025-07-10','Paid',NULL,'0fbdc643-7080-4f91-bbae-0556e8180b99','{}','2026-05-27 23:33:29','2026-05-27 23:45:34',1,NULL,NULL,'99bf6ed3-bf5b-4b8e-9f02-46c192c410cc',NULL,'659a72a6-284a-4b1b-b460-018096237cb9'),('491598d9-1ca9-4402-86f3-87b92cf96f11','35fee766-a623-4c7f-acd1-aad490913162',NULL,'Lab Fee','academic',2000.00,2000.00,0.00,0.00,'2025-07-15','Paid',NULL,'0fdd0d72-3c5c-4689-82e4-26abb7d1152f','{}','2026-05-27 23:33:33','2026-05-27 23:45:25',1,NULL,NULL,'99bf6ed3-bf5b-4b8e-9f02-46c192c410cc',NULL,'659a72a6-284a-4b1b-b460-018096237cb9'),('491598d9-1ca9-4402-86f3-87b92cf96f11','fda271fc-dbcf-4c98-b58d-26f61c4da45f',NULL,'Tuition Fee','academic',6000.00,0.00,6000.00,0.00,'2025-08-10','Pending',NULL,'104623c8-0783-4cff-92f8-ecb3f89ba76a','{}','2026-05-27 23:33:32','2026-05-27 23:33:32',1,NULL,NULL,'99bf6ed3-bf5b-4b8e-9f02-46c192c410cc',NULL,'659a72a6-284a-4b1b-b460-018096237cb9'),('491598d9-1ca9-4402-86f3-87b92cf96f11','912f3a07-2523-455d-b4b8-d2c8096b8b33',NULL,'Tuition Fee','academic',6000.00,0.00,6000.00,0.00,'2025-08-10','Pending',NULL,'1381763c-271b-4b92-b14e-47fc48734624','{}','2026-05-27 23:33:32','2026-05-27 23:33:32',1,NULL,NULL,'99bf6ed3-bf5b-4b8e-9f02-46c192c410cc',NULL,'659a72a6-284a-4b1b-b460-018096237cb9'),('491598d9-1ca9-4402-86f3-87b92cf96f11','6bc40a80-af77-4da5-b009-098e08d37281',NULL,'Lab Fee','academic',2000.00,2000.00,0.00,0.00,'2025-07-15','Paid',NULL,'13ce0800-bdf9-4e27-8af8-368b4b8c8628','{}','2026-05-27 23:33:34','2026-05-27 23:45:25',1,NULL,NULL,'99bf6ed3-bf5b-4b8e-9f02-46c192c410cc',NULL,'659a72a6-284a-4b1b-b460-018096237cb9'),('491598d9-1ca9-4402-86f3-87b92cf96f11','100d2412-5e2c-4c6a-8806-6cfde9401bab',NULL,'Tuition Fee','academic',6000.00,0.00,6000.00,0.00,'2025-11-10','Pending',NULL,'151c67d8-c720-4ba8-bb7b-a2a7c88bc077','{}','2026-05-27 23:33:32','2026-05-27 23:33:32',1,NULL,NULL,'99bf6ed3-bf5b-4b8e-9f02-46c192c410cc',NULL,'659a72a6-284a-4b1b-b460-018096237cb9'),('491598d9-1ca9-4402-86f3-87b92cf96f11','8439d760-20b7-4d8f-a0c9-40e1b2dfba6a',NULL,'Lab Fee','academic',2000.00,2000.00,0.00,0.00,'2025-07-15','Paid',NULL,'1543af88-870c-462d-9500-e810464a9f44','{}','2026-05-27 23:33:33','2026-05-27 23:45:25',1,NULL,NULL,'99bf6ed3-bf5b-4b8e-9f02-46c192c410cc',NULL,'659a72a6-284a-4b1b-b460-018096237cb9'),('491598d9-1ca9-4402-86f3-87b92cf96f11','95133435-5c71-4ee2-8866-1ef9e527e199',NULL,'Tuition Fee','academic',6000.00,6000.00,0.00,0.00,'2025-07-10','Paid',NULL,'17124a76-b4e9-40db-addb-55ddc1aaed5c','{}','2026-05-27 23:33:32','2026-05-27 23:45:34',1,NULL,NULL,'99bf6ed3-bf5b-4b8e-9f02-46c192c410cc',NULL,'659a72a6-284a-4b1b-b460-018096237cb9'),('491598d9-1ca9-4402-86f3-87b92cf96f11','fda271fc-dbcf-4c98-b58d-26f61c4da45f',NULL,'Tuition Fee','academic',6000.00,6000.00,0.00,0.00,'2025-09-10','Paid',NULL,'171fbcfa-ccf9-493a-961d-127daad1d81d','{}','2026-05-27 23:33:32','2026-05-27 23:44:56',1,NULL,NULL,'99bf6ed3-bf5b-4b8e-9f02-46c192c410cc',NULL,'659a72a6-284a-4b1b-b460-018096237cb9'),('491598d9-1ca9-4402-86f3-87b92cf96f11','cff46e7b-0ff3-4ed5-84d8-f64ec9ce9811',NULL,'Tuition Fee','academic',5500.00,0.00,5500.00,0.00,'2025-08-10','Pending',NULL,'17cc5e14-73a4-42f4-8bad-9c2a0c5c52b0','{}','2026-05-27 23:33:30','2026-05-27 23:33:30',1,NULL,NULL,'99bf6ed3-bf5b-4b8e-9f02-46c192c410cc',NULL,'659a72a6-284a-4b1b-b460-018096237cb9'),('491598d9-1ca9-4402-86f3-87b92cf96f11','20ae1e67-5fb3-48ac-89f7-f47dda7407c1',NULL,'Tuition Fee','academic',5000.00,0.00,5000.00,0.00,'2025-08-10','Pending',NULL,'18782980-e673-4fbc-b094-a331f88afc31','{}','2026-05-27 23:33:29','2026-05-27 23:33:29',1,NULL,NULL,'99bf6ed3-bf5b-4b8e-9f02-46c192c410cc',NULL,'659a72a6-284a-4b1b-b460-018096237cb9'),('491598d9-1ca9-4402-86f3-87b92cf96f11','4a81aff3-2e60-460f-98e1-fd7afc013c21',NULL,'Tuition Fee','academic',5000.00,0.00,5000.00,0.00,'2025-08-10','Pending',NULL,'19308e76-82ad-467f-ac26-07d16c415051','{}','2026-05-27 23:33:29','2026-05-27 23:33:29',1,NULL,NULL,'99bf6ed3-bf5b-4b8e-9f02-46c192c410cc',NULL,'659a72a6-284a-4b1b-b460-018096237cb9'),('491598d9-1ca9-4402-86f3-87b92cf96f11','743e944a-3b70-4df6-bdb2-c5b6eb0ff9e8',NULL,'Lab Fee','academic',2000.00,2000.00,0.00,0.00,'2025-07-15','Paid',NULL,'19856449-2b3c-4dd5-b5d0-7ac097a5530d','{}','2026-05-27 23:33:33','2026-05-27 23:45:26',1,NULL,NULL,'99bf6ed3-bf5b-4b8e-9f02-46c192c410cc',NULL,'659a72a6-284a-4b1b-b460-018096237cb9'),('491598d9-1ca9-4402-86f3-87b92cf96f11','8439d760-20b7-4d8f-a0c9-40e1b2dfba6a',NULL,'Tuition Fee','academic',5000.00,0.00,5000.00,0.00,'2025-10-10','Pending',NULL,'19922839-747b-4237-a22d-9ffee92e2d89','{}','2026-05-27 23:33:30','2026-05-27 23:33:30',1,NULL,NULL,'99bf6ed3-bf5b-4b8e-9f02-46c192c410cc',NULL,'659a72a6-284a-4b1b-b460-018096237cb9'),('491598d9-1ca9-4402-86f3-87b92cf96f11','95133435-5c71-4ee2-8866-1ef9e527e199',NULL,'Tuition Fee','academic',6000.00,6000.00,0.00,0.00,'2025-09-10','Paid',NULL,'19b9b5b1-81fa-4c87-a6d5-d48ba5b20947','{}','2026-05-27 23:33:33','2026-05-27 23:44:57',1,NULL,NULL,'99bf6ed3-bf5b-4b8e-9f02-46c192c410cc',NULL,'659a72a6-284a-4b1b-b460-018096237cb9'),('491598d9-1ca9-4402-86f3-87b92cf96f11','1f84a410-f76c-48e6-bd71-dde6983af906',NULL,'Tuition Fee','academic',6000.00,0.00,6000.00,0.00,'2025-11-10','Pending',NULL,'1a6a7945-2a3b-43ce-9832-d16320e7a505','{}','2026-05-27 23:33:33','2026-05-27 23:33:33',1,NULL,NULL,'99bf6ed3-bf5b-4b8e-9f02-46c192c410cc',NULL,'659a72a6-284a-4b1b-b460-018096237cb9'),('491598d9-1ca9-4402-86f3-87b92cf96f11','a0a7ebf8-7824-4bf1-a8b3-401b0fcf1801',NULL,'Tuition Fee','academic',5500.00,5500.00,0.00,0.00,'2025-09-10','Paid',NULL,'1ad8d724-a127-4cbc-8bdd-505899078590','{}','2026-05-27 23:33:30','2026-05-27 23:44:57',1,NULL,NULL,'99bf6ed3-bf5b-4b8e-9f02-46c192c410cc',NULL,'659a72a6-284a-4b1b-b460-018096237cb9'),('491598d9-1ca9-4402-86f3-87b92cf96f11','e296a48c-e6f2-485c-bd1f-c3034149a0a2',NULL,'Tuition Fee','academic',6000.00,6000.00,0.00,0.00,'2025-07-10','Paid',NULL,'1b7180ac-d438-41e8-8fed-4c1e5feb2d06','{}','2026-05-27 23:33:32','2026-05-27 23:45:34',1,NULL,NULL,'99bf6ed3-bf5b-4b8e-9f02-46c192c410cc',NULL,'659a72a6-284a-4b1b-b460-018096237cb9'),('491598d9-1ca9-4402-86f3-87b92cf96f11','dcd9ac28-b22f-41ce-90e8-46b4dfae4799',NULL,'Lab Fee','academic',2000.00,2000.00,0.00,0.00,'2025-07-15','Paid',NULL,'1bdb1b0e-1cb8-4b59-ac01-25cfa5f2b35c','{}','2026-05-27 23:33:33','2026-05-27 23:45:26',1,NULL,NULL,'99bf6ed3-bf5b-4b8e-9f02-46c192c410cc',NULL,'659a72a6-284a-4b1b-b460-018096237cb9'),('491598d9-1ca9-4402-86f3-87b92cf96f11','6107e285-e2a4-47d5-8835-bf4bf89ebc5c',NULL,'Tuition Fee','academic',5000.00,0.00,5000.00,0.00,'2025-08-10','Pending',NULL,'1c1cdd7a-c696-4c74-bfc1-3f29b75604b2','{}','2026-05-27 23:33:29','2026-05-27 23:33:29',1,NULL,NULL,'99bf6ed3-bf5b-4b8e-9f02-46c192c410cc',NULL,'659a72a6-284a-4b1b-b460-018096237cb9'),('491598d9-1ca9-4402-86f3-87b92cf96f11','1db8fd34-b725-4da4-8665-a5534238f137',NULL,'Tuition Fee','academic',5500.00,5500.00,0.00,0.00,'2025-07-10','Paid',NULL,'1c9fa0cb-12f4-4b48-b10b-00778a055d0b','{}','2026-05-27 23:33:30','2026-05-27 23:45:34',1,NULL,NULL,'99bf6ed3-bf5b-4b8e-9f02-46c192c410cc',NULL,'659a72a6-284a-4b1b-b460-018096237cb9'),('491598d9-1ca9-4402-86f3-87b92cf96f11','35fee766-a623-4c7f-acd1-aad490913162',NULL,'Tuition Fee','academic',5000.00,0.00,5000.00,0.00,'2025-11-10','Pending',NULL,'1cb8d81c-5082-4560-9fff-0e591cef2cf9','{}','2026-05-27 23:33:30','2026-05-27 23:33:30',1,NULL,NULL,'99bf6ed3-bf5b-4b8e-9f02-46c192c410cc',NULL,'659a72a6-284a-4b1b-b460-018096237cb9'),('491598d9-1ca9-4402-86f3-87b92cf96f11','1db8fd34-b725-4da4-8665-a5534238f137',NULL,'Tuition Fee','academic',5500.00,0.00,5500.00,0.00,'2025-11-10','Pending',NULL,'1cf8c080-8f01-4b7f-9fbd-a1114ba2ab53','{}','2026-05-27 23:33:30','2026-05-27 23:33:30',1,NULL,NULL,'99bf6ed3-bf5b-4b8e-9f02-46c192c410cc',NULL,'659a72a6-284a-4b1b-b460-018096237cb9'),('491598d9-1ca9-4402-86f3-87b92cf96f11','ff8d12ed-6489-43dd-b2b1-88c02d42f826',NULL,'Tuition Fee','academic',5000.00,0.00,5000.00,0.00,'2025-08-10','Pending',NULL,'1dad8fc4-97e0-4992-af1d-52f9084d1a82','{}','2026-05-27 23:33:29','2026-05-27 23:33:29',1,NULL,NULL,'99bf6ed3-bf5b-4b8e-9f02-46c192c410cc',NULL,'659a72a6-284a-4b1b-b460-018096237cb9'),('491598d9-1ca9-4402-86f3-87b92cf96f11','20ae1e67-5fb3-48ac-89f7-f47dda7407c1',NULL,'Tuition Fee','academic',5000.00,5000.00,0.00,0.00,'2025-10-10','Paid',NULL,'1ec4c56d-e370-4cec-9794-fa2884a58d48','{}','2026-05-27 23:33:30','2026-05-27 23:36:24',1,NULL,NULL,'99bf6ed3-bf5b-4b8e-9f02-46c192c410cc',NULL,'659a72a6-284a-4b1b-b460-018096237cb9'),('491598d9-1ca9-4402-86f3-87b92cf96f11','c8bc6088-83de-4c0a-9260-70f8bd66b5a5',NULL,'Tuition Fee','academic',5000.00,5000.00,0.00,0.00,'2025-09-10','Paid',NULL,'1f35b1eb-cf8a-48a2-9d36-5ab5938e533d','{}','2026-05-27 23:33:29','2026-05-27 23:44:59',1,NULL,NULL,'99bf6ed3-bf5b-4b8e-9f02-46c192c410cc',NULL,'659a72a6-284a-4b1b-b460-018096237cb9'),('491598d9-1ca9-4402-86f3-87b92cf96f11','b12b3e5a-18da-483b-8c63-30e1ee23f84a',NULL,'Lab Fee','academic',2000.00,2000.00,0.00,0.00,'2025-07-15','Paid',NULL,'1f69b9e9-a098-4a84-a183-51a0e67519e9','{}','2026-05-27 23:33:34','2026-05-27 23:45:26',1,NULL,NULL,'99bf6ed3-bf5b-4b8e-9f02-46c192c410cc',NULL,'659a72a6-284a-4b1b-b460-018096237cb9'),('491598d9-1ca9-4402-86f3-87b92cf96f11','cff46e7b-0ff3-4ed5-84d8-f64ec9ce9811',NULL,'Tuition Fee','academic',5500.00,0.00,5500.00,0.00,'2025-11-10','Pending',NULL,'2030777e-b991-45fa-bb00-efda1f80784b','{}','2026-05-27 23:33:30','2026-05-27 23:33:30',1,NULL,NULL,'99bf6ed3-bf5b-4b8e-9f02-46c192c410cc',NULL,'659a72a6-284a-4b1b-b460-018096237cb9'),('491598d9-1ca9-4402-86f3-87b92cf96f11','cff46e7b-0ff3-4ed5-84d8-f64ec9ce9811',NULL,'Lab Fee','academic',2000.00,2000.00,0.00,0.00,'2025-07-15','Paid',NULL,'2057f35d-80d5-4f59-b126-bbfbbd8f9132','{}','2026-05-27 23:33:33','2026-05-27 23:45:26',1,NULL,NULL,'99bf6ed3-bf5b-4b8e-9f02-46c192c410cc',NULL,'659a72a6-284a-4b1b-b460-018096237cb9'),('491598d9-1ca9-4402-86f3-87b92cf96f11','e296a48c-e6f2-485c-bd1f-c3034149a0a2',NULL,'Lab Fee','academic',2000.00,2000.00,0.00,0.00,'2025-07-15','Paid',NULL,'20d767f8-047e-4581-be8f-16ee041d72ad','{}','2026-05-27 23:33:34','2026-05-27 23:45:26',1,NULL,NULL,'99bf6ed3-bf5b-4b8e-9f02-46c192c410cc',NULL,'659a72a6-284a-4b1b-b460-018096237cb9'),('491598d9-1ca9-4402-86f3-87b92cf96f11','01fbc26d-95b1-43be-b42a-6dd602973499',NULL,'Tuition Fee','academic',6000.00,6000.00,0.00,0.00,'2025-07-10','Paid',NULL,'224e56ea-eb04-4440-bbac-292a52bc10cf','{}','2026-05-27 23:33:32','2026-05-27 23:45:34',1,NULL,NULL,'99bf6ed3-bf5b-4b8e-9f02-46c192c410cc',NULL,'659a72a6-284a-4b1b-b460-018096237cb9'),('491598d9-1ca9-4402-86f3-87b92cf96f11','b49b38e9-9c3a-4e52-bd02-51854bd4e9a4',NULL,'Tuition Fee','academic',6000.00,6000.00,0.00,0.00,'2025-09-10','Paid',NULL,'225c44bb-9961-4b6d-bae1-6a4ff271986e','{}','2026-05-27 23:33:33','2026-05-27 23:44:58',1,NULL,NULL,'99bf6ed3-bf5b-4b8e-9f02-46c192c410cc',NULL,'659a72a6-284a-4b1b-b460-018096237cb9'),('491598d9-1ca9-4402-86f3-87b92cf96f11','6a5a126b-1303-4ed6-9b80-971d4e908c1f',NULL,'Tuition Fee','academic',6000.00,6000.00,0.00,0.00,'2025-10-10','Paid',NULL,'22c4cb4a-fd6c-442e-a950-f0903270d5b6','{}','2026-05-27 23:33:33','2026-05-27 23:36:23',1,NULL,NULL,'99bf6ed3-bf5b-4b8e-9f02-46c192c410cc',NULL,'659a72a6-284a-4b1b-b460-018096237cb9'),('491598d9-1ca9-4402-86f3-87b92cf96f11','ac753b58-b0cf-49a4-bb08-399faee3076d',NULL,'Lab Fee','academic',2000.00,2000.00,0.00,0.00,'2025-07-15','Paid',NULL,'23069843-3358-455e-bd6a-f0a6a4c8b5c5','{}','2026-05-27 23:33:34','2026-05-27 23:45:26',1,NULL,NULL,'99bf6ed3-bf5b-4b8e-9f02-46c192c410cc',NULL,'659a72a6-284a-4b1b-b460-018096237cb9'),('491598d9-1ca9-4402-86f3-87b92cf96f11','a8cc521b-8de9-42c5-8500-6c7c0638d050',NULL,'Tuition Fee','academic',5500.00,5500.00,0.00,0.00,'2025-07-10','Paid',NULL,'250cca89-4dac-4c4c-b005-1f0c73ae4cbd','{}','2026-05-27 23:33:30','2026-05-27 23:45:35',1,NULL,NULL,'99bf6ed3-bf5b-4b8e-9f02-46c192c410cc',NULL,'659a72a6-284a-4b1b-b460-018096237cb9'),('491598d9-1ca9-4402-86f3-87b92cf96f11','0b3004ca-b328-415d-aa9f-c57a6a091f5d',NULL,'Tuition Fee','academic',6000.00,0.00,6000.00,0.00,'2025-11-10','Pending',NULL,'254910d6-8e57-463c-b44f-86470e76c16d','{}','2026-05-27 23:33:32','2026-05-27 23:33:32',1,NULL,NULL,'99bf6ed3-bf5b-4b8e-9f02-46c192c410cc',NULL,'659a72a6-284a-4b1b-b460-018096237cb9'),('491598d9-1ca9-4402-86f3-87b92cf96f11','a0a7ebf8-7824-4bf1-a8b3-401b0fcf1801',NULL,'Lab Fee','academic',2000.00,2000.00,0.00,0.00,'2025-07-15','Paid',NULL,'25bb6cfb-b73c-4714-9ee8-1476060e337d','{}','2026-05-27 23:33:33','2026-05-27 23:45:26',1,NULL,NULL,'99bf6ed3-bf5b-4b8e-9f02-46c192c410cc',NULL,'659a72a6-284a-4b1b-b460-018096237cb9'),('491598d9-1ca9-4402-86f3-87b92cf96f11','c25eb5ef-cb17-4022-8883-b20ef32ec981',NULL,'Tuition Fee','academic',6000.00,6000.00,0.00,0.00,'2025-07-10','Paid',NULL,'27b1b6f9-4a0c-4acd-8f1d-1d4b8c724a24','{}','2026-05-27 23:33:32','2026-05-27 23:45:35',1,NULL,NULL,'99bf6ed3-bf5b-4b8e-9f02-46c192c410cc',NULL,'659a72a6-284a-4b1b-b460-018096237cb9'),('491598d9-1ca9-4402-86f3-87b92cf96f11','6107e285-e2a4-47d5-8835-bf4bf89ebc5c',NULL,'Tuition Fee','academic',5000.00,5000.00,0.00,0.00,'2025-09-10','Paid',NULL,'27ce4ca2-fb99-4b8a-860b-f26935634fab','{}','2026-05-27 23:33:29','2026-05-27 23:44:58',1,NULL,NULL,'99bf6ed3-bf5b-4b8e-9f02-46c192c410cc',NULL,'659a72a6-284a-4b1b-b460-018096237cb9'),('491598d9-1ca9-4402-86f3-87b92cf96f11','980a5137-5d5f-48de-927d-f2d2db672c2f',NULL,'Tuition Fee','academic',5500.00,5500.00,0.00,0.00,'2025-09-10','Paid',NULL,'28c262c9-c1c3-4b48-b4d0-ae873f8c5336','{}','2026-05-27 23:33:31','2026-05-27 23:44:57',1,NULL,NULL,'99bf6ed3-bf5b-4b8e-9f02-46c192c410cc',NULL,'659a72a6-284a-4b1b-b460-018096237cb9'),('491598d9-1ca9-4402-86f3-87b92cf96f11','c8bc6088-83de-4c0a-9260-70f8bd66b5a5',NULL,'Transport Fee','transport',3000.00,3000.00,0.00,0.00,'2025-07-10','Paid',NULL,'2925c174-fa03-4e35-a614-8f5b5d15e930','{}','2026-05-27 23:33:34','2026-05-27 23:45:35',1,NULL,NULL,'99bf6ed3-bf5b-4b8e-9f02-46c192c410cc',NULL,'659a72a6-284a-4b1b-b460-018096237cb9'),('491598d9-1ca9-4402-86f3-87b92cf96f11','743e944a-3b70-4df6-bdb2-c5b6eb0ff9e8',NULL,'Tuition Fee','academic',5000.00,5000.00,0.00,0.00,'2025-09-10','Paid',NULL,'29eb6757-0161-4259-b9f5-4355def62b32','{}','2026-05-27 23:33:29','2026-05-27 23:44:56',1,NULL,NULL,'99bf6ed3-bf5b-4b8e-9f02-46c192c410cc',NULL,'659a72a6-284a-4b1b-b460-018096237cb9'),('491598d9-1ca9-4402-86f3-87b92cf96f11','21a9a63c-efc4-4459-b072-61b898412a5a',NULL,'Lab Fee','academic',2000.00,2000.00,0.00,0.00,'2025-07-15','Paid',NULL,'2a1b0037-e9a6-4c33-b042-4b9becc675f6','{}','2026-05-27 23:33:34','2026-05-27 23:45:27',1,NULL,NULL,'99bf6ed3-bf5b-4b8e-9f02-46c192c410cc',NULL,'659a72a6-284a-4b1b-b460-018096237cb9'),('491598d9-1ca9-4402-86f3-87b92cf96f11','980a5137-5d5f-48de-927d-f2d2db672c2f',NULL,'Tuition Fee','academic',5500.00,0.00,5500.00,0.00,'2025-11-10','Pending',NULL,'2a2fed3b-a193-4687-b60a-b3e57e7494ba','{}','2026-05-27 23:33:31','2026-05-27 23:33:31',1,NULL,NULL,'99bf6ed3-bf5b-4b8e-9f02-46c192c410cc',NULL,'659a72a6-284a-4b1b-b460-018096237cb9'),('491598d9-1ca9-4402-86f3-87b92cf96f11','b12b3e5a-18da-483b-8c63-30e1ee23f84a',NULL,'Tuition Fee','academic',6000.00,0.00,6000.00,0.00,'2025-09-10','Pending',NULL,'2a83cc23-d81b-4139-a64c-5c3aae99c1fb','{}','2026-05-27 23:33:33','2026-05-27 23:33:33',1,NULL,NULL,'99bf6ed3-bf5b-4b8e-9f02-46c192c410cc',NULL,'659a72a6-284a-4b1b-b460-018096237cb9'),('491598d9-1ca9-4402-86f3-87b92cf96f11','e77aeb23-e06c-4060-940b-e98c6076ae15',NULL,'Exam Fee','academic',500.00,0.00,500.00,0.00,'2026-03-15','Pending',NULL,'2aa44a0d-ff3a-4234-9fc0-ecfafd229f17','{}','2026-05-28 01:08:52','2026-05-28 01:08:52',1,NULL,NULL,'99bf6ed3-bf5b-4b8e-9f02-46c192c410cc',NULL,'659a72a6-284a-4b1b-b460-018096237cb9'),('491598d9-1ca9-4402-86f3-87b92cf96f11','c8bc6088-83de-4c0a-9260-70f8bd66b5a5',NULL,'Tuition Fee','academic',5000.00,0.00,5000.00,0.00,'2025-11-10','Pending',NULL,'2af9cd81-0aa3-424f-8d47-185919ecc99c','{}','2026-05-27 23:33:29','2026-05-27 23:33:29',1,NULL,NULL,'99bf6ed3-bf5b-4b8e-9f02-46c192c410cc',NULL,'659a72a6-284a-4b1b-b460-018096237cb9'),('491598d9-1ca9-4402-86f3-87b92cf96f11','a0a7ebf8-7824-4bf1-a8b3-401b0fcf1801',NULL,'Tuition Fee','academic',5500.00,5500.00,0.00,0.00,'2025-07-10','Paid',NULL,'2bf6309a-d39f-4013-88e6-bc1294e817b2','{}','2026-05-27 23:33:30','2026-05-27 23:45:35',1,NULL,NULL,'99bf6ed3-bf5b-4b8e-9f02-46c192c410cc',NULL,'659a72a6-284a-4b1b-b460-018096237cb9'),('491598d9-1ca9-4402-86f3-87b92cf96f11','0a3f6d58-7348-4c37-ab09-ebe0238a3b1f',NULL,'Tuition Fee','academic',5000.00,0.00,5000.00,0.00,'2025-11-10','Pending',NULL,'2c0f59dd-e191-4c3f-a73f-133064049980','{}','2026-05-27 23:33:30','2026-05-27 23:33:30',1,NULL,NULL,'99bf6ed3-bf5b-4b8e-9f02-46c192c410cc',NULL,'659a72a6-284a-4b1b-b460-018096237cb9'),('491598d9-1ca9-4402-86f3-87b92cf96f11','c590e7e3-c666-4da3-8a68-91f07dbbbadf',NULL,'Tuition Fee','academic',5500.00,0.00,5500.00,0.00,'2025-11-10','Pending',NULL,'2c4d61fc-b295-449c-b5eb-48dba90a50a4','{}','2026-05-27 23:33:30','2026-05-27 23:33:30',1,NULL,NULL,'99bf6ed3-bf5b-4b8e-9f02-46c192c410cc',NULL,'659a72a6-284a-4b1b-b460-018096237cb9'),('491598d9-1ca9-4402-86f3-87b92cf96f11','fda271fc-dbcf-4c98-b58d-26f61c4da45f',NULL,'Tuition Fee','academic',6000.00,0.00,6000.00,0.00,'2025-10-10','Pending',NULL,'2ce09ed9-851c-428b-8663-bfa337d87ce8','{}','2026-05-27 23:33:32','2026-05-27 23:33:32',1,NULL,NULL,'99bf6ed3-bf5b-4b8e-9f02-46c192c410cc',NULL,'659a72a6-284a-4b1b-b460-018096237cb9'),('491598d9-1ca9-4402-86f3-87b92cf96f11','100d2412-5e2c-4c6a-8806-6cfde9401bab',NULL,'Lab Fee','academic',2000.00,2000.00,0.00,0.00,'2025-07-15','Paid',NULL,'2f09f4c9-7e6d-4050-ac3b-b1f5e821aac0','{}','2026-05-27 23:33:34','2026-05-27 23:45:27',1,NULL,NULL,'99bf6ed3-bf5b-4b8e-9f02-46c192c410cc',NULL,'659a72a6-284a-4b1b-b460-018096237cb9'),('491598d9-1ca9-4402-86f3-87b92cf96f11','980a5137-5d5f-48de-927d-f2d2db672c2f',NULL,'Tuition Fee','academic',5500.00,0.00,5500.00,0.00,'2025-08-10','Pending',NULL,'30b014a7-9410-4245-8393-7714ec86d779','{}','2026-05-27 23:33:31','2026-05-27 23:33:31',1,NULL,NULL,'99bf6ed3-bf5b-4b8e-9f02-46c192c410cc',NULL,'659a72a6-284a-4b1b-b460-018096237cb9'),('491598d9-1ca9-4402-86f3-87b92cf96f11','ff8d12ed-6489-43dd-b2b1-88c02d42f826',NULL,'Lab Fee','academic',2000.00,2000.00,0.00,0.00,'2025-07-15','Paid',NULL,'33220c71-535d-4f01-b99c-6b76b64d52e5','{}','2026-05-27 23:33:33','2026-05-27 23:45:27',1,NULL,NULL,'99bf6ed3-bf5b-4b8e-9f02-46c192c410cc',NULL,'659a72a6-284a-4b1b-b460-018096237cb9'),('491598d9-1ca9-4402-86f3-87b92cf96f11','4a81aff3-2e60-460f-98e1-fd7afc013c21',NULL,'Tuition Fee','academic',5000.00,5000.00,0.00,0.00,'2025-07-10','Paid',NULL,'332b565d-79d1-4313-9f3f-0742a69f3267','{}','2026-05-27 23:33:29','2026-05-27 23:45:35',1,NULL,NULL,'99bf6ed3-bf5b-4b8e-9f02-46c192c410cc',NULL,'659a72a6-284a-4b1b-b460-018096237cb9'),('491598d9-1ca9-4402-86f3-87b92cf96f11','0b3004ca-b328-415d-aa9f-c57a6a091f5d',NULL,'Tuition Fee','academic',6000.00,6000.00,0.00,0.00,'2025-09-10','Paid',NULL,'33990931-28ef-434b-83cc-480f51770427','{}','2026-05-27 23:33:32','2026-05-27 23:44:59',1,NULL,NULL,'99bf6ed3-bf5b-4b8e-9f02-46c192c410cc',NULL,'659a72a6-284a-4b1b-b460-018096237cb9'),('491598d9-1ca9-4402-86f3-87b92cf96f11','2035c178-1855-41c2-b078-20f6ff65dec8',NULL,'Tuition Fee','academic',6000.00,6000.00,0.00,0.00,'2025-07-10','Paid',NULL,'33e903ea-9c59-4c45-96b3-fb802f9de588','{}','2026-05-27 23:33:32','2026-05-27 23:45:35',1,NULL,NULL,'99bf6ed3-bf5b-4b8e-9f02-46c192c410cc',NULL,'659a72a6-284a-4b1b-b460-018096237cb9'),('491598d9-1ca9-4402-86f3-87b92cf96f11','21a9a63c-efc4-4459-b072-61b898412a5a',NULL,'Tuition Fee','academic',5500.00,0.00,5500.00,0.00,'2025-11-10','Pending',NULL,'33f5a208-2e63-496d-8135-18646a088d14','{}','2026-05-27 23:33:31','2026-05-27 23:33:31',1,NULL,NULL,'99bf6ed3-bf5b-4b8e-9f02-46c192c410cc',NULL,'659a72a6-284a-4b1b-b460-018096237cb9'),('491598d9-1ca9-4402-86f3-87b92cf96f11','6107e285-e2a4-47d5-8835-bf4bf89ebc5c',NULL,'Lab Fee','academic',2000.00,2000.00,0.00,0.00,'2025-07-15','Paid',NULL,'344c6342-468a-4abf-a0ec-165ec2ba2914','{}','2026-05-27 23:33:33','2026-05-27 23:45:27',1,NULL,NULL,'99bf6ed3-bf5b-4b8e-9f02-46c192c410cc',NULL,'659a72a6-284a-4b1b-b460-018096237cb9'),('491598d9-1ca9-4402-86f3-87b92cf96f11','dcd9ac28-b22f-41ce-90e8-46b4dfae4799',NULL,'Tuition Fee','academic',5000.00,5000.00,0.00,0.00,'2025-07-10','Paid',NULL,'3488aad8-7664-4668-b24b-68449f5c112e','{}','2026-05-27 23:33:29','2026-05-27 23:45:35',1,NULL,NULL,'99bf6ed3-bf5b-4b8e-9f02-46c192c410cc',NULL,'659a72a6-284a-4b1b-b460-018096237cb9'),('491598d9-1ca9-4402-86f3-87b92cf96f11','e77aeb23-e06c-4060-940b-e98c6076ae15',NULL,'Tuition Fee','academic',5000.00,0.00,5000.00,0.00,'2025-08-10','Pending',NULL,'34a714fc-3bea-498f-bf42-1e4fb38cf6bd','{}','2026-05-27 23:33:29','2026-05-27 23:33:29',1,NULL,NULL,'99bf6ed3-bf5b-4b8e-9f02-46c192c410cc',NULL,'659a72a6-284a-4b1b-b460-018096237cb9'),('491598d9-1ca9-4402-86f3-87b92cf96f11','2035c178-1855-41c2-b078-20f6ff65dec8',NULL,'Tuition Fee','academic',6000.00,0.00,6000.00,0.00,'2025-11-10','Pending',NULL,'367a5c4f-f718-4b85-919f-cc8122481881','{}','2026-05-27 23:33:33','2026-05-27 23:33:33',1,NULL,NULL,'99bf6ed3-bf5b-4b8e-9f02-46c192c410cc',NULL,'659a72a6-284a-4b1b-b460-018096237cb9'),('491598d9-1ca9-4402-86f3-87b92cf96f11','dcd9ac28-b22f-41ce-90e8-46b4dfae4799',NULL,'Exam Fee','academic',500.00,0.00,500.00,0.00,'2026-03-15','Pending',NULL,'39d1a983-d3c5-483f-832b-cbde486fabab','{}','2026-05-28 01:08:52','2026-05-28 01:08:52',1,NULL,NULL,'99bf6ed3-bf5b-4b8e-9f02-46c192c410cc',NULL,'659a72a6-284a-4b1b-b460-018096237cb9'),('491598d9-1ca9-4402-86f3-87b92cf96f11','d1ca8baf-ef87-4b9a-84fc-694cde5ad95f',NULL,'Tuition Fee','academic',5500.00,0.00,5500.00,0.00,'2025-09-10','Pending',NULL,'3cf6e2a6-9184-49c5-b1ec-65c76d64a573','{}','2026-05-27 23:33:31','2026-05-27 23:33:31',1,NULL,NULL,'99bf6ed3-bf5b-4b8e-9f02-46c192c410cc',NULL,'659a72a6-284a-4b1b-b460-018096237cb9'),('491598d9-1ca9-4402-86f3-87b92cf96f11','980a5137-5d5f-48de-927d-f2d2db672c2f',NULL,'Tuition Fee','academic',5500.00,5500.00,0.00,0.00,'2025-07-10','Paid',NULL,'3d58acf4-b6f6-44bd-80d8-5163288feebc','{}','2026-05-27 23:33:31','2026-05-27 23:45:36',1,NULL,NULL,'99bf6ed3-bf5b-4b8e-9f02-46c192c410cc',NULL,'659a72a6-284a-4b1b-b460-018096237cb9'),('491598d9-1ca9-4402-86f3-87b92cf96f11','2035c178-1855-41c2-b078-20f6ff65dec8',NULL,'Exam Fee','academic',500.00,500.00,0.00,0.00,'2026-03-01','Paid',NULL,'3de226c1-fd22-469e-a8ef-168dee86170e','{}','2026-05-28 01:08:49','2026-05-28 01:08:49',1,NULL,NULL,'99bf6ed3-bf5b-4b8e-9f02-46c192c410cc',NULL,'659a72a6-284a-4b1b-b460-018096237cb9'),('491598d9-1ca9-4402-86f3-87b92cf96f11','4297c48a-a425-4828-961d-1e09369bda04',NULL,'Lab Fee','academic',2000.00,2000.00,0.00,0.00,'2025-07-15','Paid',NULL,'3eb520f8-91d2-4542-90e9-5d41fa33b400','{}','2026-05-27 23:33:33','2026-05-27 23:45:27',1,NULL,NULL,'99bf6ed3-bf5b-4b8e-9f02-46c192c410cc',NULL,'659a72a6-284a-4b1b-b460-018096237cb9'),('491598d9-1ca9-4402-86f3-87b92cf96f11','dac10e09-9beb-4354-afaf-4f4bd6dc23a6',NULL,'Tuition Fee','academic',5000.00,5000.00,0.00,0.00,'2025-10-10','Paid',NULL,'3f48d4b9-c00e-46e1-aa56-fedee60a850c','{}','2026-05-27 23:33:30','2026-05-27 23:36:24',1,NULL,NULL,'99bf6ed3-bf5b-4b8e-9f02-46c192c410cc',NULL,'659a72a6-284a-4b1b-b460-018096237cb9'),('491598d9-1ca9-4402-86f3-87b92cf96f11','35fee766-a623-4c7f-acd1-aad490913162',NULL,'Tuition Fee','academic',5000.00,5000.00,0.00,0.00,'2025-10-10','Paid',NULL,'3fa72dfa-f8ab-412b-b57e-0e0e4e8bca3f','{}','2026-05-27 23:33:30','2026-05-27 23:36:22',1,NULL,NULL,'99bf6ed3-bf5b-4b8e-9f02-46c192c410cc',NULL,'659a72a6-284a-4b1b-b460-018096237cb9'),('491598d9-1ca9-4402-86f3-87b92cf96f11','0b3004ca-b328-415d-aa9f-c57a6a091f5d',NULL,'Tuition Fee','academic',6000.00,6000.00,0.00,0.00,'2025-07-10','Paid',NULL,'40d5f099-0ccc-4ab1-b301-d241c022be6d','{}','2026-05-27 23:33:32','2026-05-27 23:45:36',1,NULL,NULL,'99bf6ed3-bf5b-4b8e-9f02-46c192c410cc',NULL,'659a72a6-284a-4b1b-b460-018096237cb9'),('491598d9-1ca9-4402-86f3-87b92cf96f11','e77aeb23-e06c-4060-940b-e98c6076ae15',NULL,'Tuition Fee','academic',5000.00,5000.00,0.00,0.00,'2025-10-10','Paid',NULL,'40dd6958-0b9d-4717-9ff4-e5cdda7a5935','{}','2026-05-27 23:33:29','2026-05-27 23:36:25',1,NULL,NULL,'99bf6ed3-bf5b-4b8e-9f02-46c192c410cc',NULL,'659a72a6-284a-4b1b-b460-018096237cb9'),('491598d9-1ca9-4402-86f3-87b92cf96f11','100d2412-5e2c-4c6a-8806-6cfde9401bab',NULL,'Tuition Fee','academic',6000.00,6000.00,0.00,0.00,'2025-07-10','Paid',NULL,'40fd87a5-b75a-4064-9224-860d940d48f4','{}','2026-05-27 23:33:32','2026-05-27 23:45:36',1,NULL,NULL,'99bf6ed3-bf5b-4b8e-9f02-46c192c410cc',NULL,'659a72a6-284a-4b1b-b460-018096237cb9'),('491598d9-1ca9-4402-86f3-87b92cf96f11','2035c178-1855-41c2-b078-20f6ff65dec8',NULL,'Tuition Fee','academic',6000.00,0.00,6000.00,0.00,'2025-09-10','Pending',NULL,'40fff72d-2d22-4a0f-9ff6-f94e5ec0e744','{}','2026-05-27 23:33:33','2026-05-27 23:33:33',1,NULL,NULL,'99bf6ed3-bf5b-4b8e-9f02-46c192c410cc',NULL,'659a72a6-284a-4b1b-b460-018096237cb9'),('491598d9-1ca9-4402-86f3-87b92cf96f11','e59ec31f-8889-4a2c-82c6-e44129b4e01b',NULL,'Tuition Fee','academic',6000.00,6000.00,0.00,0.00,'2025-07-10','Paid',NULL,'41010f00-0063-4552-bf77-44b8a43c68ee','{}','2026-05-27 23:33:32','2026-05-27 23:45:36',1,NULL,NULL,'99bf6ed3-bf5b-4b8e-9f02-46c192c410cc',NULL,'659a72a6-284a-4b1b-b460-018096237cb9'),('491598d9-1ca9-4402-86f3-87b92cf96f11','6a5a126b-1303-4ed6-9b80-971d4e908c1f',NULL,'Tuition Fee','academic',6000.00,0.00,6000.00,0.00,'2025-09-10','Pending',NULL,'41a8575e-c078-489f-a106-0b4a627c1a11','{}','2026-05-27 23:33:33','2026-05-27 23:33:33',1,NULL,NULL,'99bf6ed3-bf5b-4b8e-9f02-46c192c410cc',NULL,'659a72a6-284a-4b1b-b460-018096237cb9'),('491598d9-1ca9-4402-86f3-87b92cf96f11','0e9e1858-b649-4961-8e79-561f6e058836',NULL,'Tuition Fee','academic',5500.00,0.00,5500.00,0.00,'2025-11-10','Pending',NULL,'437d381a-56cb-4118-80e4-243f6d8b0f4a','{}','2026-05-27 23:33:31','2026-05-27 23:33:31',1,NULL,NULL,'99bf6ed3-bf5b-4b8e-9f02-46c192c410cc',NULL,'659a72a6-284a-4b1b-b460-018096237cb9'),('491598d9-1ca9-4402-86f3-87b92cf96f11','8439d760-20b7-4d8f-a0c9-40e1b2dfba6a',NULL,'Tuition Fee','academic',5000.00,0.00,5000.00,0.00,'2025-11-10','Pending',NULL,'43944bec-fbb4-4f4f-8378-4e0db7b16625','{}','2026-05-27 23:33:30','2026-05-27 23:33:30',1,NULL,NULL,'99bf6ed3-bf5b-4b8e-9f02-46c192c410cc',NULL,'659a72a6-284a-4b1b-b460-018096237cb9'),('491598d9-1ca9-4402-86f3-87b92cf96f11','e81f6d5a-d28d-4aea-9771-ca26ef984530',NULL,'Transport Fee','transport',3000.00,3000.00,0.00,0.00,'2025-07-10','Paid',NULL,'449c6dad-6df9-4eae-87a7-381567c88728','{}','2026-05-27 23:33:34','2026-05-27 23:45:36',1,NULL,NULL,'99bf6ed3-bf5b-4b8e-9f02-46c192c410cc',NULL,'659a72a6-284a-4b1b-b460-018096237cb9'),('491598d9-1ca9-4402-86f3-87b92cf96f11','9398407c-f2ab-4629-b6a0-9b843f8761fb',NULL,'Tuition Fee','academic',5500.00,5500.00,0.00,0.00,'2025-10-10','Paid',NULL,'44fcef37-30c2-439e-97e9-69744f782c97','{}','2026-05-27 23:33:31','2026-05-27 23:36:22',1,NULL,NULL,'99bf6ed3-bf5b-4b8e-9f02-46c192c410cc',NULL,'659a72a6-284a-4b1b-b460-018096237cb9'),('491598d9-1ca9-4402-86f3-87b92cf96f11','a0a7ebf8-7824-4bf1-a8b3-401b0fcf1801',NULL,'Tuition Fee','academic',5500.00,0.00,5500.00,0.00,'2025-08-10','Pending',NULL,'4604204c-6451-410a-aad8-10872f677d53','{}','2026-05-27 23:33:30','2026-05-27 23:33:30',1,NULL,NULL,'99bf6ed3-bf5b-4b8e-9f02-46c192c410cc',NULL,'659a72a6-284a-4b1b-b460-018096237cb9'),('491598d9-1ca9-4402-86f3-87b92cf96f11','743e944a-3b70-4df6-bdb2-c5b6eb0ff9e8',NULL,'Tuition Fee','academic',5000.00,0.00,5000.00,0.00,'2025-11-10','Pending',NULL,'472763ef-3024-49fb-98f5-8246d267c5c5','{}','2026-05-27 23:33:29','2026-05-27 23:33:29',1,NULL,NULL,'99bf6ed3-bf5b-4b8e-9f02-46c192c410cc',NULL,'659a72a6-284a-4b1b-b460-018096237cb9'),('491598d9-1ca9-4402-86f3-87b92cf96f11','c8bc6088-83de-4c0a-9260-70f8bd66b5a5',NULL,'Tuition Fee','academic',5000.00,0.00,5000.00,0.00,'2025-08-10','Pending',NULL,'47392a63-bf0b-49ab-83f6-6b2afc9a8e65','{}','2026-05-27 23:33:29','2026-05-27 23:33:29',1,NULL,NULL,'99bf6ed3-bf5b-4b8e-9f02-46c192c410cc',NULL,'659a72a6-284a-4b1b-b460-018096237cb9'),('491598d9-1ca9-4402-86f3-87b92cf96f11','d50613db-5b80-4dfc-bc55-865d8ddbcb25',NULL,'Tuition Fee','academic',6000.00,0.00,6000.00,0.00,'2025-10-10','Pending',NULL,'47bf7021-2a25-4ee2-bba4-9a5206ad20d1','{}','2026-05-27 23:33:32','2026-05-27 23:33:32',1,NULL,NULL,'99bf6ed3-bf5b-4b8e-9f02-46c192c410cc',NULL,'659a72a6-284a-4b1b-b460-018096237cb9'),('491598d9-1ca9-4402-86f3-87b92cf96f11','6107e285-e2a4-47d5-8835-bf4bf89ebc5c',NULL,'Transport Fee','transport',3000.00,3000.00,0.00,0.00,'2025-07-10','Paid',NULL,'4802f66e-3ca7-42f8-b119-c90d11ca52e8','{}','2026-05-27 23:33:34','2026-05-27 23:45:36',1,NULL,NULL,'99bf6ed3-bf5b-4b8e-9f02-46c192c410cc',NULL,'659a72a6-284a-4b1b-b460-018096237cb9'),('491598d9-1ca9-4402-86f3-87b92cf96f11','20ae1e67-5fb3-48ac-89f7-f47dda7407c1',NULL,'Tuition Fee','academic',5000.00,5000.00,0.00,0.00,'2025-09-10','Paid',NULL,'49d1b91d-c5f7-4665-8f1f-e692d7ccd8b9','{}','2026-05-27 23:33:30','2026-05-27 23:44:56',1,NULL,NULL,'99bf6ed3-bf5b-4b8e-9f02-46c192c410cc',NULL,'659a72a6-284a-4b1b-b460-018096237cb9'),('491598d9-1ca9-4402-86f3-87b92cf96f11','e32641ce-926f-4338-ac29-3f2a89e94524',NULL,'Lab Fee','academic',2000.00,2000.00,0.00,0.00,'2025-07-15','Paid',NULL,'4b72d614-3206-42b4-9767-58cfd6524ae0','{}','2026-05-27 23:33:33','2026-05-27 23:45:27',1,NULL,NULL,'99bf6ed3-bf5b-4b8e-9f02-46c192c410cc',NULL,'659a72a6-284a-4b1b-b460-018096237cb9'),('491598d9-1ca9-4402-86f3-87b92cf96f11','e32641ce-926f-4338-ac29-3f2a89e94524',NULL,'Tuition Fee','academic',5000.00,5000.00,0.00,0.00,'2025-10-10','Paid',NULL,'4ce65c17-07c8-4654-938d-5cc86549ea1f','{}','2026-05-27 23:33:30','2026-05-27 23:36:21',1,NULL,NULL,'99bf6ed3-bf5b-4b8e-9f02-46c192c410cc',NULL,'659a72a6-284a-4b1b-b460-018096237cb9'),('491598d9-1ca9-4402-86f3-87b92cf96f11','ac753b58-b0cf-49a4-bb08-399faee3076d',NULL,'Tuition Fee','academic',5500.00,0.00,5500.00,0.00,'2025-11-10','Pending',NULL,'4d5dd93e-4af6-4745-8157-b6f53954e595','{}','2026-05-27 23:33:31','2026-05-27 23:33:31',1,NULL,NULL,'99bf6ed3-bf5b-4b8e-9f02-46c192c410cc',NULL,'659a72a6-284a-4b1b-b460-018096237cb9'),('491598d9-1ca9-4402-86f3-87b92cf96f11','0a3f6d58-7348-4c37-ab09-ebe0238a3b1f',NULL,'Lab Fee','academic',2000.00,2000.00,0.00,0.00,'2025-07-15','Paid',NULL,'4df9086d-9ccb-42d3-9236-4725b11b51fd','{}','2026-05-27 23:33:33','2026-05-27 23:45:28',1,NULL,NULL,'99bf6ed3-bf5b-4b8e-9f02-46c192c410cc',NULL,'659a72a6-284a-4b1b-b460-018096237cb9'),('491598d9-1ca9-4402-86f3-87b92cf96f11','e81f6d5a-d28d-4aea-9771-ca26ef984530',NULL,'Tuition Fee','academic',5000.00,5000.00,0.00,0.00,'2025-07-10','Paid',NULL,'4e034e72-c278-4a6b-a544-0fc1371e6efb','{}','2026-05-27 23:33:29','2026-05-27 23:45:37',1,NULL,NULL,'99bf6ed3-bf5b-4b8e-9f02-46c192c410cc',NULL,'659a72a6-284a-4b1b-b460-018096237cb9'),('491598d9-1ca9-4402-86f3-87b92cf96f11','467b52aa-b799-43d5-b6cc-ca9f96b7a907',NULL,'Lab Fee','academic',2000.00,2000.00,0.00,0.00,'2025-07-15','Paid',NULL,'4e48460c-337d-4e78-aba9-2f8275d38d6c','{}','2026-05-27 23:33:34','2026-05-27 23:45:28',1,NULL,NULL,'99bf6ed3-bf5b-4b8e-9f02-46c192c410cc',NULL,'659a72a6-284a-4b1b-b460-018096237cb9'),('491598d9-1ca9-4402-86f3-87b92cf96f11','0a3f6d58-7348-4c37-ab09-ebe0238a3b1f',NULL,'Tuition Fee','academic',5000.00,0.00,5000.00,0.00,'2025-08-10','Pending',NULL,'4fee617c-3595-4c74-85f9-c451328eabd1','{}','2026-05-27 23:33:29','2026-05-27 23:33:29',1,NULL,NULL,'99bf6ed3-bf5b-4b8e-9f02-46c192c410cc',NULL,'659a72a6-284a-4b1b-b460-018096237cb9'),('491598d9-1ca9-4402-86f3-87b92cf96f11','e59ec31f-8889-4a2c-82c6-e44129b4e01b',NULL,'Tuition Fee','academic',6000.00,0.00,6000.00,0.00,'2025-08-10','Pending',NULL,'50436744-68b5-47a9-b258-a0278a4f0deb','{}','2026-05-27 23:33:32','2026-05-27 23:33:32',1,NULL,NULL,'99bf6ed3-bf5b-4b8e-9f02-46c192c410cc',NULL,'659a72a6-284a-4b1b-b460-018096237cb9'),('491598d9-1ca9-4402-86f3-87b92cf96f11','42e817b5-8abc-43aa-8a80-3e98221c4ab6',NULL,'Transport Fee','transport',3000.00,3000.00,0.00,0.00,'2025-07-10','Paid',NULL,'5394b82a-5a2d-4d08-99b7-56aa86e38099','{}','2026-05-27 23:33:34','2026-05-27 23:45:37',1,NULL,NULL,'99bf6ed3-bf5b-4b8e-9f02-46c192c410cc',NULL,'659a72a6-284a-4b1b-b460-018096237cb9'),('491598d9-1ca9-4402-86f3-87b92cf96f11','100d2412-5e2c-4c6a-8806-6cfde9401bab',NULL,'Tuition Fee','academic',6000.00,6000.00,0.00,0.00,'2025-09-10','Paid',NULL,'54b10ae9-7646-4ab8-bcb3-74867e43eda4','{}','2026-05-27 23:33:32','2026-05-27 23:44:58',1,NULL,NULL,'99bf6ed3-bf5b-4b8e-9f02-46c192c410cc',NULL,'659a72a6-284a-4b1b-b460-018096237cb9'),('491598d9-1ca9-4402-86f3-87b92cf96f11','d50613db-5b80-4dfc-bc55-865d8ddbcb25',NULL,'Tuition Fee','academic',6000.00,0.00,6000.00,0.00,'2025-08-10','Pending',NULL,'54d88143-0743-4017-8252-a63416307d81','{}','2026-05-27 23:33:32','2026-05-27 23:33:32',1,NULL,NULL,'99bf6ed3-bf5b-4b8e-9f02-46c192c410cc',NULL,'659a72a6-284a-4b1b-b460-018096237cb9'),('491598d9-1ca9-4402-86f3-87b92cf96f11','3d673b0c-d001-4212-883d-20963cdfb164',NULL,'Tuition Fee','academic',5000.00,5000.00,0.00,0.00,'2025-09-10','Paid',NULL,'55f1c7fe-8ed2-4aef-98d9-91a48a131212','{}','2026-05-27 23:33:29','2026-05-27 23:44:59',1,NULL,NULL,'99bf6ed3-bf5b-4b8e-9f02-46c192c410cc',NULL,'659a72a6-284a-4b1b-b460-018096237cb9'),('491598d9-1ca9-4402-86f3-87b92cf96f11','8439d760-20b7-4d8f-a0c9-40e1b2dfba6a',NULL,'Tuition Fee','academic',5000.00,5000.00,0.00,0.00,'2025-09-10','Paid',NULL,'574db7e5-1b2b-4ef2-84c5-9fc2d2949cd7','{}','2026-05-27 23:33:30','2026-05-27 23:44:56',1,NULL,NULL,'99bf6ed3-bf5b-4b8e-9f02-46c192c410cc',NULL,'659a72a6-284a-4b1b-b460-018096237cb9'),('491598d9-1ca9-4402-86f3-87b92cf96f11','e32641ce-926f-4338-ac29-3f2a89e94524',NULL,'Tuition Fee','academic',5000.00,5000.00,0.00,0.00,'2025-07-10','Paid',NULL,'5838d2ad-f2fb-4212-9d01-3a3052058ad3','{}','2026-05-27 23:33:29','2026-05-27 23:45:37',1,NULL,NULL,'99bf6ed3-bf5b-4b8e-9f02-46c192c410cc',NULL,'659a72a6-284a-4b1b-b460-018096237cb9'),('491598d9-1ca9-4402-86f3-87b92cf96f11','ac753b58-b0cf-49a4-bb08-399faee3076d',NULL,'Tuition Fee','academic',5500.00,5500.00,0.00,0.00,'2025-07-10','Paid',NULL,'586aefd1-3f27-4d91-af6d-3979c366c930','{}','2026-05-27 23:33:31','2026-05-27 23:45:37',1,NULL,NULL,'99bf6ed3-bf5b-4b8e-9f02-46c192c410cc',NULL,'659a72a6-284a-4b1b-b460-018096237cb9'),('491598d9-1ca9-4402-86f3-87b92cf96f11','e910065c-8c58-4918-bbe9-b8dce2aa85b8',NULL,'Lab Fee','academic',2000.00,2000.00,0.00,0.00,'2025-07-15','Paid',NULL,'589c0903-36b2-4d81-94e4-379f12f3cab6','{}','2026-05-27 23:33:34','2026-05-27 23:45:28',1,NULL,NULL,'99bf6ed3-bf5b-4b8e-9f02-46c192c410cc',NULL,'659a72a6-284a-4b1b-b460-018096237cb9'),('491598d9-1ca9-4402-86f3-87b92cf96f11','912f3a07-2523-455d-b4b8-d2c8096b8b33',NULL,'Tuition Fee','academic',6000.00,0.00,6000.00,0.00,'2025-11-10','Pending',NULL,'5a723785-af93-4a47-898b-f3591997653b','{}','2026-05-27 23:33:32','2026-05-27 23:33:32',1,NULL,NULL,'99bf6ed3-bf5b-4b8e-9f02-46c192c410cc',NULL,'659a72a6-284a-4b1b-b460-018096237cb9'),('491598d9-1ca9-4402-86f3-87b92cf96f11','ff8d12ed-6489-43dd-b2b1-88c02d42f826',NULL,'Tuition Fee','academic',5000.00,5000.00,0.00,0.00,'2025-09-10','Paid',NULL,'5b2f9f94-8241-47e9-a57e-5d181fcd4484','{}','2026-05-27 23:33:30','2026-05-27 23:36:56',1,NULL,NULL,'99bf6ed3-bf5b-4b8e-9f02-46c192c410cc',NULL,'659a72a6-284a-4b1b-b460-018096237cb9'),('491598d9-1ca9-4402-86f3-87b92cf96f11','a8cc521b-8de9-42c5-8500-6c7c0638d050',NULL,'Lab Fee','academic',2000.00,2000.00,0.00,0.00,'2025-07-15','Paid',NULL,'5b6add16-d28b-4d80-bbc8-c860dc22f880','{}','2026-05-27 23:33:34','2026-05-27 23:45:28',1,NULL,NULL,'99bf6ed3-bf5b-4b8e-9f02-46c192c410cc',NULL,'659a72a6-284a-4b1b-b460-018096237cb9'),('491598d9-1ca9-4402-86f3-87b92cf96f11','b656d8da-0176-43e6-b53d-0cb4c7bab509',NULL,'Tuition Fee','academic',5500.00,5500.00,0.00,0.00,'2025-07-10','Paid',NULL,'5dffa603-c331-4531-a077-02acfe34bfb9','{}','2026-05-27 23:33:31','2026-05-27 23:45:37',1,NULL,NULL,'99bf6ed3-bf5b-4b8e-9f02-46c192c410cc',NULL,'659a72a6-284a-4b1b-b460-018096237cb9'),('491598d9-1ca9-4402-86f3-87b92cf96f11','e77aeb23-e06c-4060-940b-e98c6076ae15',NULL,'Tuition Fee','academic',5000.00,5000.00,0.00,0.00,'2025-09-10','Paid',NULL,'5e387af1-d150-4b86-9fe8-70dad834dba4','{}','2026-05-27 23:33:29','2026-05-27 23:36:55',1,NULL,NULL,'99bf6ed3-bf5b-4b8e-9f02-46c192c410cc',NULL,'659a72a6-284a-4b1b-b460-018096237cb9'),('491598d9-1ca9-4402-86f3-87b92cf96f11','a81dcd18-15ed-467b-8583-60cbf3665752',NULL,'Tuition Fee','academic',5000.00,0.00,5000.00,0.00,'2025-11-10','Pending',NULL,'5ffc3f61-2b09-406a-ab41-dfaa1eaba0a9','{}','2026-05-27 23:33:29','2026-05-27 23:33:29',1,NULL,NULL,'99bf6ed3-bf5b-4b8e-9f02-46c192c410cc',NULL,'659a72a6-284a-4b1b-b460-018096237cb9'),('491598d9-1ca9-4402-86f3-87b92cf96f11','912f3a07-2523-455d-b4b8-d2c8096b8b33',NULL,'Tuition Fee','academic',6000.00,6000.00,0.00,0.00,'2025-07-10','Paid',NULL,'6037d519-d9a4-4b1f-a231-5c9261d3c65f','{}','2026-05-27 23:33:32','2026-05-27 23:45:37',1,NULL,NULL,'99bf6ed3-bf5b-4b8e-9f02-46c192c410cc',NULL,'659a72a6-284a-4b1b-b460-018096237cb9'),('491598d9-1ca9-4402-86f3-87b92cf96f11','1f84a410-f76c-48e6-bd71-dde6983af906',NULL,'Tuition Fee','academic',6000.00,6000.00,0.00,0.00,'2025-07-10','Paid',NULL,'616a0ff5-a9a1-42c6-ac60-8fcc979e3d1b','{}','2026-05-27 23:33:32','2026-05-27 23:45:38',1,NULL,NULL,'99bf6ed3-bf5b-4b8e-9f02-46c192c410cc',NULL,'659a72a6-284a-4b1b-b460-018096237cb9'),('491598d9-1ca9-4402-86f3-87b92cf96f11','e81f6d5a-d28d-4aea-9771-ca26ef984530',NULL,'Tuition Fee','academic',5000.00,0.00,5000.00,0.00,'2025-10-10','Pending',NULL,'616c2006-cfa3-4a51-b775-23e529442fc7','{}','2026-05-27 23:33:29','2026-05-27 23:33:29',1,NULL,NULL,'99bf6ed3-bf5b-4b8e-9f02-46c192c410cc',NULL,'659a72a6-284a-4b1b-b460-018096237cb9'),('491598d9-1ca9-4402-86f3-87b92cf96f11','cff46e7b-0ff3-4ed5-84d8-f64ec9ce9811',NULL,'Tuition Fee','academic',5500.00,5500.00,0.00,0.00,'2025-07-10','Paid',NULL,'61856c41-fc7c-481c-a0b9-fd9ee3a1ec08','{}','2026-05-27 23:33:30','2026-05-27 23:45:38',1,NULL,NULL,'99bf6ed3-bf5b-4b8e-9f02-46c192c410cc',NULL,'659a72a6-284a-4b1b-b460-018096237cb9'),('491598d9-1ca9-4402-86f3-87b92cf96f11','dac10e09-9beb-4354-afaf-4f4bd6dc23a6',NULL,'Tuition Fee','academic',5000.00,0.00,5000.00,0.00,'2025-11-10','Pending',NULL,'619421b4-8b99-44fa-9713-1081d2017044','{}','2026-05-27 23:33:30','2026-05-27 23:33:30',1,NULL,NULL,'99bf6ed3-bf5b-4b8e-9f02-46c192c410cc',NULL,'659a72a6-284a-4b1b-b460-018096237cb9'),('491598d9-1ca9-4402-86f3-87b92cf96f11','2035c178-1855-41c2-b078-20f6ff65dec8',NULL,'Lab Fee','academic',2000.00,2000.00,0.00,0.00,'2025-07-15','Paid',NULL,'643e91b9-e198-4156-b0a2-74d087e91d99','{}','2026-05-27 23:33:34','2026-05-27 23:45:28',1,NULL,NULL,'99bf6ed3-bf5b-4b8e-9f02-46c192c410cc',NULL,'659a72a6-284a-4b1b-b460-018096237cb9'),('491598d9-1ca9-4402-86f3-87b92cf96f11','4297c48a-a425-4828-961d-1e09369bda04',NULL,'Transport Fee','transport',3000.00,3000.00,0.00,0.00,'2025-07-10','Paid',NULL,'645c8363-41b3-40e6-b029-8f7b0a657b5c','{}','2026-05-27 23:33:34','2026-05-27 23:45:38',1,NULL,NULL,'99bf6ed3-bf5b-4b8e-9f02-46c192c410cc',NULL,'659a72a6-284a-4b1b-b460-018096237cb9'),('491598d9-1ca9-4402-86f3-87b92cf96f11','e81f6d5a-d28d-4aea-9771-ca26ef984530',NULL,'Tuition Fee','academic',5000.00,0.00,5000.00,0.00,'2025-08-10','Pending',NULL,'646e568b-cc61-4274-8d62-e827e63fc66f','{}','2026-05-27 23:33:29','2026-05-27 23:33:29',1,NULL,NULL,'99bf6ed3-bf5b-4b8e-9f02-46c192c410cc',NULL,'659a72a6-284a-4b1b-b460-018096237cb9'),('491598d9-1ca9-4402-86f3-87b92cf96f11','b656d8da-0176-43e6-b53d-0cb4c7bab509',NULL,'Tuition Fee','academic',5500.00,0.00,5500.00,0.00,'2025-08-10','Pending',NULL,'65af0fc5-ad73-485c-9df1-85e3e60ef514','{}','2026-05-27 23:33:31','2026-05-27 23:33:31',1,NULL,NULL,'99bf6ed3-bf5b-4b8e-9f02-46c192c410cc',NULL,'659a72a6-284a-4b1b-b460-018096237cb9'),('491598d9-1ca9-4402-86f3-87b92cf96f11','35fee766-a623-4c7f-acd1-aad490913162',NULL,'Tuition Fee','academic',5000.00,5000.00,0.00,0.00,'2025-09-10','Paid',NULL,'672aadfa-d56c-41f9-8322-0b200f4c641c','{}','2026-05-27 23:33:30','2026-05-27 23:36:54',1,NULL,NULL,'99bf6ed3-bf5b-4b8e-9f02-46c192c410cc',NULL,'659a72a6-284a-4b1b-b460-018096237cb9'),('491598d9-1ca9-4402-86f3-87b92cf96f11','e77aeb23-e06c-4060-940b-e98c6076ae15',NULL,'Tuition Fee','academic',5000.00,0.00,5000.00,0.00,'2025-11-10','Pending',NULL,'68118410-65ad-4368-bbc8-6e0248b8b9f6','{}','2026-05-27 23:33:29','2026-05-27 23:33:29',1,NULL,NULL,'99bf6ed3-bf5b-4b8e-9f02-46c192c410cc',NULL,'659a72a6-284a-4b1b-b460-018096237cb9'),('491598d9-1ca9-4402-86f3-87b92cf96f11','95133435-5c71-4ee2-8866-1ef9e527e199',NULL,'Tuition Fee','academic',6000.00,0.00,6000.00,0.00,'2025-08-10','Pending',NULL,'68494136-e34c-46b5-8c38-0cdaeb3bbcd3','{}','2026-05-27 23:33:32','2026-05-27 23:33:32',1,NULL,NULL,'99bf6ed3-bf5b-4b8e-9f02-46c192c410cc',NULL,'659a72a6-284a-4b1b-b460-018096237cb9'),('491598d9-1ca9-4402-86f3-87b92cf96f11','d50613db-5b80-4dfc-bc55-865d8ddbcb25',NULL,'Tuition Fee','academic',6000.00,6000.00,0.00,0.00,'2025-09-10','Paid',NULL,'68abdd05-d721-4c30-b8da-2df22a533e0f','{}','2026-05-27 23:33:32','2026-05-27 23:36:55',1,NULL,NULL,'99bf6ed3-bf5b-4b8e-9f02-46c192c410cc',NULL,'659a72a6-284a-4b1b-b460-018096237cb9'),('491598d9-1ca9-4402-86f3-87b92cf96f11','c590e7e3-c666-4da3-8a68-91f07dbbbadf',NULL,'Tuition Fee','academic',5500.00,5500.00,0.00,0.00,'2025-09-10','Paid',NULL,'6a4ad20c-be6a-4957-a29a-5b0adc81df5a','{}','2026-05-27 23:33:30','2026-05-27 23:36:57',1,NULL,NULL,'99bf6ed3-bf5b-4b8e-9f02-46c192c410cc',NULL,'659a72a6-284a-4b1b-b460-018096237cb9'),('491598d9-1ca9-4402-86f3-87b92cf96f11','4a81aff3-2e60-460f-98e1-fd7afc013c21',NULL,'Tuition Fee','academic',5000.00,0.00,5000.00,0.00,'2025-11-10','Pending',NULL,'6b7ab6fc-743b-48c3-a11f-9eca87827d7a','{}','2026-05-27 23:33:29','2026-05-27 23:33:29',1,NULL,NULL,'99bf6ed3-bf5b-4b8e-9f02-46c192c410cc',NULL,'659a72a6-284a-4b1b-b460-018096237cb9'),('491598d9-1ca9-4402-86f3-87b92cf96f11','b49b38e9-9c3a-4e52-bd02-51854bd4e9a4',NULL,'Lab Fee','academic',2000.00,2000.00,0.00,0.00,'2025-07-15','Paid',NULL,'6b955fb1-32f2-493d-b8f0-8d6b89ded053','{}','2026-05-27 23:33:34','2026-05-27 23:45:28',1,NULL,NULL,'99bf6ed3-bf5b-4b8e-9f02-46c192c410cc',NULL,'659a72a6-284a-4b1b-b460-018096237cb9'),('491598d9-1ca9-4402-86f3-87b92cf96f11','ac753b58-b0cf-49a4-bb08-399faee3076d',NULL,'Tuition Fee','academic',5500.00,0.00,5500.00,0.00,'2025-08-10','Pending',NULL,'6cc9dc70-70f6-48de-a788-478ea9a655ff','{}','2026-05-27 23:33:31','2026-05-27 23:33:31',1,NULL,NULL,'99bf6ed3-bf5b-4b8e-9f02-46c192c410cc',NULL,'659a72a6-284a-4b1b-b460-018096237cb9'),('491598d9-1ca9-4402-86f3-87b92cf96f11','3d673b0c-d001-4212-883d-20963cdfb164',NULL,'Tuition Fee','academic',5000.00,5000.00,0.00,0.00,'2025-08-10','Paid',NULL,'6d449c10-a050-4759-9e08-57a469ef8359','{}','2026-05-27 23:33:29','2026-05-27 23:45:48',1,NULL,NULL,'99bf6ed3-bf5b-4b8e-9f02-46c192c410cc',NULL,'659a72a6-284a-4b1b-b460-018096237cb9'),('491598d9-1ca9-4402-86f3-87b92cf96f11','743e944a-3b70-4df6-bdb2-c5b6eb0ff9e8',NULL,'Tuition Fee','academic',5000.00,5000.00,0.00,0.00,'2025-07-10','Paid',NULL,'6ef42a4e-1f22-4ba6-a3a3-5147ddbd3a0a','{}','2026-05-27 23:33:29','2026-05-27 23:45:38',1,NULL,NULL,'99bf6ed3-bf5b-4b8e-9f02-46c192c410cc',NULL,'659a72a6-284a-4b1b-b460-018096237cb9'),('491598d9-1ca9-4402-86f3-87b92cf96f11','a81dcd18-15ed-467b-8583-60cbf3665752',NULL,'Tuition Fee','academic',5000.00,0.00,5000.00,0.00,'2025-10-10','Pending',NULL,'6f4039f5-1682-4021-854c-79507573c1a6','{}','2026-05-27 23:33:29','2026-05-27 23:33:29',1,NULL,NULL,'99bf6ed3-bf5b-4b8e-9f02-46c192c410cc',NULL,'659a72a6-284a-4b1b-b460-018096237cb9'),('491598d9-1ca9-4402-86f3-87b92cf96f11','e296a48c-e6f2-485c-bd1f-c3034149a0a2',NULL,'Tuition Fee','academic',6000.00,6000.00,0.00,0.00,'2025-09-10','Paid',NULL,'700410ae-b2e8-45a4-99e0-8c4e72dd4d8c','{}','2026-05-27 23:33:33','2026-05-27 23:36:55',1,NULL,NULL,'99bf6ed3-bf5b-4b8e-9f02-46c192c410cc',NULL,'659a72a6-284a-4b1b-b460-018096237cb9'),('491598d9-1ca9-4402-86f3-87b92cf96f11','42e817b5-8abc-43aa-8a80-3e98221c4ab6',NULL,'Lab Fee','academic',2000.00,2000.00,0.00,0.00,'2025-07-15','Paid',NULL,'708a1ec4-8872-421c-98ad-05cef0c4bc47','{}','2026-05-27 23:33:33','2026-05-27 23:45:29',1,NULL,NULL,'99bf6ed3-bf5b-4b8e-9f02-46c192c410cc',NULL,'659a72a6-284a-4b1b-b460-018096237cb9'),('491598d9-1ca9-4402-86f3-87b92cf96f11','e81f6d5a-d28d-4aea-9771-ca26ef984530',NULL,'Tuition Fee','academic',5000.00,0.00,5000.00,0.00,'2025-11-10','Pending',NULL,'717329c4-4d5f-4050-8882-fc912ba2fc32','{}','2026-05-27 23:33:29','2026-05-27 23:33:29',1,NULL,NULL,'99bf6ed3-bf5b-4b8e-9f02-46c192c410cc',NULL,'659a72a6-284a-4b1b-b460-018096237cb9'),('491598d9-1ca9-4402-86f3-87b92cf96f11','42e817b5-8abc-43aa-8a80-3e98221c4ab6',NULL,'Tuition Fee','academic',5000.00,0.00,5000.00,0.00,'2025-11-10','Pending',NULL,'718f6df2-2747-4762-92a8-f036ee75e82f','{}','2026-05-27 23:33:29','2026-05-27 23:33:29',1,NULL,NULL,'99bf6ed3-bf5b-4b8e-9f02-46c192c410cc',NULL,'659a72a6-284a-4b1b-b460-018096237cb9'),('491598d9-1ca9-4402-86f3-87b92cf96f11','6bc40a80-af77-4da5-b009-098e08d37281',NULL,'Tuition Fee','academic',5500.00,5500.00,0.00,0.00,'2025-07-10','Paid',NULL,'7215989b-792c-4813-9f6d-165149627ae2','{}','2026-05-27 23:33:30','2026-05-27 23:45:38',1,NULL,NULL,'99bf6ed3-bf5b-4b8e-9f02-46c192c410cc',NULL,'659a72a6-284a-4b1b-b460-018096237cb9'),('491598d9-1ca9-4402-86f3-87b92cf96f11','6107e285-e2a4-47d5-8835-bf4bf89ebc5c',NULL,'Tuition Fee','academic',5000.00,5000.00,0.00,0.00,'2025-10-10','Paid',NULL,'7274ab7c-d932-4d1b-af15-62d43b1812dd','{}','2026-05-27 23:33:29','2026-05-27 23:36:23',1,NULL,NULL,'99bf6ed3-bf5b-4b8e-9f02-46c192c410cc',NULL,'659a72a6-284a-4b1b-b460-018096237cb9'),('491598d9-1ca9-4402-86f3-87b92cf96f11','96cc2aff-1541-447c-8d31-35c2f80d4428',NULL,'Tuition Fee','academic',5500.00,5500.00,0.00,0.00,'2025-08-10','Paid',NULL,'73a28a5c-a0b2-40b7-9060-707f3d31cad9','{}','2026-05-27 23:33:31','2026-05-27 23:45:48',1,NULL,NULL,'99bf6ed3-bf5b-4b8e-9f02-46c192c410cc',NULL,'659a72a6-284a-4b1b-b460-018096237cb9'),('491598d9-1ca9-4402-86f3-87b92cf96f11','b656d8da-0176-43e6-b53d-0cb4c7bab509',NULL,'Lab Fee','academic',2000.00,2000.00,0.00,0.00,'2025-07-15','Paid',NULL,'76f261e7-272d-45a2-8faa-a731146acae6','{}','2026-05-27 23:33:34','2026-05-27 23:45:29',1,NULL,NULL,'99bf6ed3-bf5b-4b8e-9f02-46c192c410cc',NULL,'659a72a6-284a-4b1b-b460-018096237cb9'),('491598d9-1ca9-4402-86f3-87b92cf96f11','cff46e7b-0ff3-4ed5-84d8-f64ec9ce9811',NULL,'Tuition Fee','academic',5500.00,5500.00,0.00,0.00,'2025-10-10','Paid',NULL,'778f26cb-2ab0-48aa-b9e0-9d23d50b8db6','{}','2026-05-27 23:33:30','2026-05-27 23:36:22',1,NULL,NULL,'99bf6ed3-bf5b-4b8e-9f02-46c192c410cc',NULL,'659a72a6-284a-4b1b-b460-018096237cb9'),('491598d9-1ca9-4402-86f3-87b92cf96f11','cff46e7b-0ff3-4ed5-84d8-f64ec9ce9811',NULL,'Tuition Fee','academic',5500.00,5500.00,0.00,0.00,'2025-09-10','Paid',NULL,'78929d3b-b5e0-418b-80c5-dcb9f85c7755','{}','2026-05-27 23:33:30','2026-05-27 23:36:54',1,NULL,NULL,'99bf6ed3-bf5b-4b8e-9f02-46c192c410cc',NULL,'659a72a6-284a-4b1b-b460-018096237cb9'),('491598d9-1ca9-4402-86f3-87b92cf96f11','20ae1e67-5fb3-48ac-89f7-f47dda7407c1',NULL,'Tuition Fee','academic',5000.00,0.00,5000.00,0.00,'2025-11-10','Pending',NULL,'7a52d580-c9dc-4466-8d10-d11d77b640f7','{}','2026-05-27 23:33:30','2026-05-27 23:33:30',1,NULL,NULL,'99bf6ed3-bf5b-4b8e-9f02-46c192c410cc',NULL,'659a72a6-284a-4b1b-b460-018096237cb9'),('491598d9-1ca9-4402-86f3-87b92cf96f11','dcd9ac28-b22f-41ce-90e8-46b4dfae4799',NULL,'Transport Fee','transport',3000.00,3000.00,0.00,0.00,'2025-07-10','Paid',NULL,'7b04f884-d6f1-40ba-b63d-86fd57051d6c','{}','2026-05-27 23:33:34','2026-05-27 23:45:38',1,NULL,NULL,'99bf6ed3-bf5b-4b8e-9f02-46c192c410cc',NULL,'659a72a6-284a-4b1b-b460-018096237cb9'),('491598d9-1ca9-4402-86f3-87b92cf96f11','4297c48a-a425-4828-961d-1e09369bda04',NULL,'Tuition Fee','academic',5000.00,5000.00,0.00,0.00,'2025-07-10','Paid',NULL,'7b7fe2b1-1248-4a1a-bbcc-062f07f2c446','{}','2026-05-27 23:33:29','2026-05-27 23:45:38',1,NULL,NULL,'99bf6ed3-bf5b-4b8e-9f02-46c192c410cc',NULL,'659a72a6-284a-4b1b-b460-018096237cb9'),('491598d9-1ca9-4402-86f3-87b92cf96f11','743e944a-3b70-4df6-bdb2-c5b6eb0ff9e8',NULL,'Transport Fee','transport',3000.00,3000.00,0.00,0.00,'2025-07-10','Paid',NULL,'7d12f612-a770-4bea-a8d2-52b157ef3872','{}','2026-05-27 23:33:34','2026-05-27 23:45:39',1,NULL,NULL,'99bf6ed3-bf5b-4b8e-9f02-46c192c410cc',NULL,'659a72a6-284a-4b1b-b460-018096237cb9'),('491598d9-1ca9-4402-86f3-87b92cf96f11','467b52aa-b799-43d5-b6cc-ca9f96b7a907',NULL,'Tuition Fee','academic',5500.00,0.00,5500.00,0.00,'2025-11-10','Pending',NULL,'7fa1726f-82ee-406e-99e4-bac09be7c173','{}','2026-05-27 23:33:30','2026-05-27 23:33:30',1,NULL,NULL,'99bf6ed3-bf5b-4b8e-9f02-46c192c410cc',NULL,'659a72a6-284a-4b1b-b460-018096237cb9'),('491598d9-1ca9-4402-86f3-87b92cf96f11','fea91fe4-40b6-422d-b549-b4089cc7223d',NULL,'Tuition Fee','academic',5500.00,5500.00,0.00,0.00,'2025-09-10','Paid',NULL,'80c61e5d-bc17-44a5-9efa-7866a4585fea','{}','2026-05-27 23:33:31','2026-05-27 23:36:56',1,NULL,NULL,'99bf6ed3-bf5b-4b8e-9f02-46c192c410cc',NULL,'659a72a6-284a-4b1b-b460-018096237cb9'),('491598d9-1ca9-4402-86f3-87b92cf96f11','96cc2aff-1541-447c-8d31-35c2f80d4428',NULL,'Tuition Fee','academic',5500.00,0.00,5500.00,0.00,'2025-10-10','Pending',NULL,'81e01f66-f451-4fd0-bc40-caf781f4cc6b','{}','2026-05-27 23:33:31','2026-05-27 23:33:31',1,NULL,NULL,'99bf6ed3-bf5b-4b8e-9f02-46c192c410cc',NULL,'659a72a6-284a-4b1b-b460-018096237cb9'),('491598d9-1ca9-4402-86f3-87b92cf96f11','d1ca8baf-ef87-4b9a-84fc-694cde5ad95f',NULL,'Tuition Fee','academic',5500.00,5500.00,0.00,0.00,'2025-08-10','Paid',NULL,'8212ed87-4513-4502-a4e6-a22af34506be','{}','2026-05-27 23:33:31','2026-05-27 23:45:48',1,NULL,NULL,'99bf6ed3-bf5b-4b8e-9f02-46c192c410cc',NULL,'659a72a6-284a-4b1b-b460-018096237cb9'),('491598d9-1ca9-4402-86f3-87b92cf96f11','912f3a07-2523-455d-b4b8-d2c8096b8b33',NULL,'Tuition Fee','academic',6000.00,6000.00,0.00,0.00,'2025-09-10','Paid',NULL,'8295de00-299b-4d3f-a5ea-7c862786d5f5','{}','2026-05-27 23:33:32','2026-05-27 23:36:57',1,NULL,NULL,'99bf6ed3-bf5b-4b8e-9f02-46c192c410cc',NULL,'659a72a6-284a-4b1b-b460-018096237cb9'),('491598d9-1ca9-4402-86f3-87b92cf96f11','3d673b0c-d001-4212-883d-20963cdfb164',NULL,'Tuition Fee','academic',5000.00,0.00,5000.00,0.00,'2025-11-10','Pending',NULL,'86de261b-26f7-4321-b260-a163c4ca6eb9','{}','2026-05-27 23:33:29','2026-05-27 23:33:29',1,NULL,NULL,'99bf6ed3-bf5b-4b8e-9f02-46c192c410cc',NULL,'659a72a6-284a-4b1b-b460-018096237cb9'),('491598d9-1ca9-4402-86f3-87b92cf96f11','6bc40a80-af77-4da5-b009-098e08d37281',NULL,'Tuition Fee','academic',5500.00,5500.00,0.00,0.00,'2025-10-10','Paid',NULL,'872b0824-ec77-437f-8b69-de1997b8daf5','{}','2026-05-27 23:33:30','2026-05-27 23:36:22',1,NULL,NULL,'99bf6ed3-bf5b-4b8e-9f02-46c192c410cc',NULL,'659a72a6-284a-4b1b-b460-018096237cb9'),('491598d9-1ca9-4402-86f3-87b92cf96f11','e59ec31f-8889-4a2c-82c6-e44129b4e01b',NULL,'Tuition Fee','academic',6000.00,0.00,6000.00,0.00,'2025-11-10','Pending',NULL,'873be689-a922-4b29-8b2a-d168903ca5c7','{}','2026-05-27 23:33:33','2026-05-27 23:33:33',1,NULL,NULL,'99bf6ed3-bf5b-4b8e-9f02-46c192c410cc',NULL,'659a72a6-284a-4b1b-b460-018096237cb9'),('491598d9-1ca9-4402-86f3-87b92cf96f11','4297c48a-a425-4828-961d-1e09369bda04',NULL,'Tuition Fee','academic',5000.00,5000.00,0.00,0.00,'2025-08-10','Paid',NULL,'882f9d31-bb91-4927-8e30-73b3c4ad3648','{}','2026-05-27 23:33:29','2026-05-27 23:45:48',1,NULL,NULL,'99bf6ed3-bf5b-4b8e-9f02-46c192c410cc',NULL,'659a72a6-284a-4b1b-b460-018096237cb9'),('491598d9-1ca9-4402-86f3-87b92cf96f11','dac10e09-9beb-4354-afaf-4f4bd6dc23a6',NULL,'Tuition Fee','academic',5000.00,5000.00,0.00,0.00,'2025-07-10','Paid',NULL,'884f7e30-5403-443f-85d3-1d2665193e79','{}','2026-05-27 23:33:29','2026-05-27 23:45:39',1,NULL,NULL,'99bf6ed3-bf5b-4b8e-9f02-46c192c410cc',NULL,'659a72a6-284a-4b1b-b460-018096237cb9'),('491598d9-1ca9-4402-86f3-87b92cf96f11','0e9e1858-b649-4961-8e79-561f6e058836',NULL,'Tuition Fee','academic',5500.00,5500.00,0.00,0.00,'2025-08-10','Paid',NULL,'88519a7e-d2de-4358-a869-8642c74cf7b8','{}','2026-05-27 23:33:30','2026-05-27 23:45:47',1,NULL,NULL,'99bf6ed3-bf5b-4b8e-9f02-46c192c410cc',NULL,'659a72a6-284a-4b1b-b460-018096237cb9'),('491598d9-1ca9-4402-86f3-87b92cf96f11','467b52aa-b799-43d5-b6cc-ca9f96b7a907',NULL,'Tuition Fee','academic',5500.00,5500.00,0.00,0.00,'2025-08-10','Paid',NULL,'89027444-ce20-4883-84c2-39633bd57314','{}','2026-05-27 23:33:30','2026-05-27 23:45:47',1,NULL,NULL,'99bf6ed3-bf5b-4b8e-9f02-46c192c410cc',NULL,'659a72a6-284a-4b1b-b460-018096237cb9'),('491598d9-1ca9-4402-86f3-87b92cf96f11','6107e285-e2a4-47d5-8835-bf4bf89ebc5c',NULL,'Tuition Fee','academic',5000.00,0.00,5000.00,0.00,'2025-11-10','Pending',NULL,'89d6d9f1-bf5d-4ab4-ab98-fe8ab77f6016','{}','2026-05-27 23:33:29','2026-05-27 23:33:29',1,NULL,NULL,'99bf6ed3-bf5b-4b8e-9f02-46c192c410cc',NULL,'659a72a6-284a-4b1b-b460-018096237cb9'),('491598d9-1ca9-4402-86f3-87b92cf96f11','e910065c-8c58-4918-bbe9-b8dce2aa85b8',NULL,'Tuition Fee','academic',6000.00,6000.00,0.00,0.00,'2025-08-10','Paid',NULL,'8aabe7c0-cdc9-4650-8542-c9b9922878b8','{}','2026-05-27 23:33:32','2026-05-27 23:45:47',1,NULL,NULL,'99bf6ed3-bf5b-4b8e-9f02-46c192c410cc',NULL,'659a72a6-284a-4b1b-b460-018096237cb9'),('491598d9-1ca9-4402-86f3-87b92cf96f11','6a5a126b-1303-4ed6-9b80-971d4e908c1f',NULL,'Lab Fee','academic',2000.00,2000.00,0.00,0.00,'2025-07-15','Paid',NULL,'8b3b02c2-175f-4f32-bb60-0c9894147e31','{}','2026-05-27 23:33:34','2026-05-27 23:45:29',1,NULL,NULL,'99bf6ed3-bf5b-4b8e-9f02-46c192c410cc',NULL,'659a72a6-284a-4b1b-b460-018096237cb9'),('491598d9-1ca9-4402-86f3-87b92cf96f11','e32641ce-926f-4338-ac29-3f2a89e94524',NULL,'Tuition Fee','academic',5000.00,5000.00,0.00,0.00,'2025-08-10','Paid',NULL,'8b48a9b9-7d35-4915-bbfe-df2d05d9e8c4','{}','2026-05-27 23:33:29','2026-05-27 23:45:47',1,NULL,NULL,'99bf6ed3-bf5b-4b8e-9f02-46c192c410cc',NULL,'659a72a6-284a-4b1b-b460-018096237cb9'),('491598d9-1ca9-4402-86f3-87b92cf96f11','e296a48c-e6f2-485c-bd1f-c3034149a0a2',NULL,'Tuition Fee','academic',6000.00,0.00,6000.00,0.00,'2025-11-10','Pending',NULL,'8bd0a8a3-5e29-45b9-99f9-fbe28d789b2b','{}','2026-05-27 23:33:33','2026-05-27 23:33:33',1,NULL,NULL,'99bf6ed3-bf5b-4b8e-9f02-46c192c410cc',NULL,'659a72a6-284a-4b1b-b460-018096237cb9'),('491598d9-1ca9-4402-86f3-87b92cf96f11','0e9e1858-b649-4961-8e79-561f6e058836',NULL,'Tuition Fee','academic',5500.00,5500.00,0.00,0.00,'2025-10-10','Paid',NULL,'8ef63b28-b72e-458e-8668-113233a451a0','{}','2026-05-27 23:33:30','2026-05-27 23:36:23',1,NULL,NULL,'99bf6ed3-bf5b-4b8e-9f02-46c192c410cc',NULL,'659a72a6-284a-4b1b-b460-018096237cb9'),('491598d9-1ca9-4402-86f3-87b92cf96f11','e910065c-8c58-4918-bbe9-b8dce2aa85b8',NULL,'Tuition Fee','academic',6000.00,6000.00,0.00,0.00,'2025-09-10','Paid',NULL,'911ec1c6-5729-4878-b3ea-a981280ea40f','{}','2026-05-27 23:33:32','2026-05-27 23:36:55',1,NULL,NULL,'99bf6ed3-bf5b-4b8e-9f02-46c192c410cc',NULL,'659a72a6-284a-4b1b-b460-018096237cb9'),('491598d9-1ca9-4402-86f3-87b92cf96f11','e59ec31f-8889-4a2c-82c6-e44129b4e01b',NULL,'Tuition Fee','academic',6000.00,6000.00,0.00,0.00,'2025-10-10','Paid',NULL,'929196f1-bc65-4678-b565-9c5bfecaf6eb','{}','2026-05-27 23:33:33','2026-05-27 23:36:23',1,NULL,NULL,'99bf6ed3-bf5b-4b8e-9f02-46c192c410cc',NULL,'659a72a6-284a-4b1b-b460-018096237cb9'),('491598d9-1ca9-4402-86f3-87b92cf96f11','fea91fe4-40b6-422d-b549-b4089cc7223d',NULL,'Lab Fee','academic',2000.00,2000.00,0.00,0.00,'2025-07-15','Paid',NULL,'94d81453-f950-4257-a128-99adc089ce73','{}','2026-05-27 23:33:34','2026-05-27 23:45:29',1,NULL,NULL,'99bf6ed3-bf5b-4b8e-9f02-46c192c410cc',NULL,'659a72a6-284a-4b1b-b460-018096237cb9'),('491598d9-1ca9-4402-86f3-87b92cf96f11','e81f6d5a-d28d-4aea-9771-ca26ef984530',NULL,'Tuition Fee','academic',5000.00,5000.00,0.00,0.00,'2025-09-10','Paid',NULL,'951e8060-5273-47c6-a21a-0274008b5ff3','{}','2026-05-27 23:33:29','2026-05-27 23:36:53',1,NULL,NULL,'99bf6ed3-bf5b-4b8e-9f02-46c192c410cc',NULL,'659a72a6-284a-4b1b-b460-018096237cb9'),('491598d9-1ca9-4402-86f3-87b92cf96f11','a8cc521b-8de9-42c5-8500-6c7c0638d050',NULL,'Tuition Fee','academic',5500.00,5500.00,0.00,0.00,'2025-09-10','Paid',NULL,'974747bb-c0d2-4aef-975d-4f526bf269b9','{}','2026-05-27 23:33:30','2026-05-27 23:36:56',1,NULL,NULL,'99bf6ed3-bf5b-4b8e-9f02-46c192c410cc',NULL,'659a72a6-284a-4b1b-b460-018096237cb9'),('491598d9-1ca9-4402-86f3-87b92cf96f11','1db8fd34-b725-4da4-8665-a5534238f137',NULL,'Tuition Fee','academic',5500.00,5500.00,0.00,0.00,'2025-08-10','Paid',NULL,'97dc157c-7890-4c4b-b234-60823971ddc5','{}','2026-05-27 23:33:30','2026-05-27 23:45:46',1,NULL,NULL,'99bf6ed3-bf5b-4b8e-9f02-46c192c410cc',NULL,'659a72a6-284a-4b1b-b460-018096237cb9'),('491598d9-1ca9-4402-86f3-87b92cf96f11','e910065c-8c58-4918-bbe9-b8dce2aa85b8',NULL,'Tuition Fee','academic',6000.00,0.00,6000.00,0.00,'2025-11-10','Pending',NULL,'9834b654-1c4c-4191-a6de-ffffd06c47f8','{}','2026-05-27 23:33:32','2026-05-27 23:33:32',1,NULL,NULL,'99bf6ed3-bf5b-4b8e-9f02-46c192c410cc',NULL,'659a72a6-284a-4b1b-b460-018096237cb9'),('491598d9-1ca9-4402-86f3-87b92cf96f11','e59ec31f-8889-4a2c-82c6-e44129b4e01b',NULL,'Tuition Fee','academic',6000.00,6000.00,0.00,0.00,'2025-09-10','Paid',NULL,'98c147c5-61b8-44bf-9c4a-a443d5b2b6f5','{}','2026-05-27 23:33:33','2026-05-27 23:36:56',1,NULL,NULL,'99bf6ed3-bf5b-4b8e-9f02-46c192c410cc',NULL,'659a72a6-284a-4b1b-b460-018096237cb9'),('491598d9-1ca9-4402-86f3-87b92cf96f11','6bc40a80-af77-4da5-b009-098e08d37281',NULL,'Tuition Fee','academic',5500.00,5500.00,0.00,0.00,'2025-09-10','Paid',NULL,'98c25d8c-4ce8-4b8b-897c-875ab2889608','{}','2026-05-27 23:33:30','2026-05-27 23:36:55',1,NULL,NULL,'99bf6ed3-bf5b-4b8e-9f02-46c192c410cc',NULL,'659a72a6-284a-4b1b-b460-018096237cb9'),('491598d9-1ca9-4402-86f3-87b92cf96f11','9398407c-f2ab-4629-b6a0-9b843f8761fb',NULL,'Lab Fee','academic',2000.00,2000.00,0.00,0.00,'2025-07-15','Paid',NULL,'98cd35ce-e80d-4763-9f2d-dfc50cbff0e7','{}','2026-05-27 23:33:34','2026-05-27 23:45:29',1,NULL,NULL,'99bf6ed3-bf5b-4b8e-9f02-46c192c410cc',NULL,'659a72a6-284a-4b1b-b460-018096237cb9'),('491598d9-1ca9-4402-86f3-87b92cf96f11','a81dcd18-15ed-467b-8583-60cbf3665752',NULL,'Tuition Fee','academic',5000.00,5000.00,0.00,0.00,'2025-08-10','Paid',NULL,'98dd766d-852a-4dbb-9e30-c4655083faa4','{}','2026-05-27 23:33:29','2026-05-27 23:45:46',1,NULL,NULL,'99bf6ed3-bf5b-4b8e-9f02-46c192c410cc',NULL,'659a72a6-284a-4b1b-b460-018096237cb9'),('491598d9-1ca9-4402-86f3-87b92cf96f11','467b52aa-b799-43d5-b6cc-ca9f96b7a907',NULL,'Tuition Fee','academic',5500.00,5500.00,0.00,0.00,'2025-07-10','Paid',NULL,'99b10952-4d00-488f-8ddd-ccf8f587b15f','{}','2026-05-27 23:33:30','2026-05-27 23:45:39',1,NULL,NULL,'99bf6ed3-bf5b-4b8e-9f02-46c192c410cc',NULL,'659a72a6-284a-4b1b-b460-018096237cb9'),('491598d9-1ca9-4402-86f3-87b92cf96f11','980a5137-5d5f-48de-927d-f2d2db672c2f',NULL,'Lab Fee','academic',2000.00,2000.00,0.00,0.00,'2025-07-15','Paid',NULL,'99ed1cb6-6bc8-4c26-b7ca-15eb102b6d22','{}','2026-05-27 23:33:34','2026-05-27 23:45:30',1,NULL,NULL,'99bf6ed3-bf5b-4b8e-9f02-46c192c410cc',NULL,'659a72a6-284a-4b1b-b460-018096237cb9'),('491598d9-1ca9-4402-86f3-87b92cf96f11','fea91fe4-40b6-422d-b549-b4089cc7223d',NULL,'Tuition Fee','academic',5500.00,5500.00,0.00,0.00,'2025-10-10','Paid',NULL,'9a727ec8-3bf7-45ed-b2b9-b177bf7a76d0','{}','2026-05-27 23:33:31','2026-05-27 23:36:21',1,NULL,NULL,'99bf6ed3-bf5b-4b8e-9f02-46c192c410cc',NULL,'659a72a6-284a-4b1b-b460-018096237cb9'),('491598d9-1ca9-4402-86f3-87b92cf96f11','d1ca8baf-ef87-4b9a-84fc-694cde5ad95f',NULL,'Tuition Fee','academic',5500.00,0.00,5500.00,0.00,'2025-11-10','Pending',NULL,'9c192ed5-48bd-4062-bb60-ce5ed59b95a7','{}','2026-05-27 23:33:31','2026-05-27 23:33:31',1,NULL,NULL,'99bf6ed3-bf5b-4b8e-9f02-46c192c410cc',NULL,'659a72a6-284a-4b1b-b460-018096237cb9'),('491598d9-1ca9-4402-86f3-87b92cf96f11','718e064c-26d8-4d8e-8bbb-fcebd31f70b1',NULL,'Tuition Fee','academic',5000.00,5000.00,0.00,0.00,'2025-08-10','Paid',NULL,'9d9c300e-7d70-40b7-87ea-1ce5b64c161d','{}','2026-05-27 23:33:29','2026-05-27 23:45:46',1,NULL,NULL,'99bf6ed3-bf5b-4b8e-9f02-46c192c410cc',NULL,'659a72a6-284a-4b1b-b460-018096237cb9'),('491598d9-1ca9-4402-86f3-87b92cf96f11','100d2412-5e2c-4c6a-8806-6cfde9401bab',NULL,'Tuition Fee','academic',6000.00,6000.00,0.00,0.00,'2025-10-10','Paid',NULL,'9ddf5053-b6e9-41aa-be78-c83db1e91be6','{}','2026-05-27 23:33:32','2026-05-27 23:36:20',1,NULL,NULL,'99bf6ed3-bf5b-4b8e-9f02-46c192c410cc',NULL,'659a72a6-284a-4b1b-b460-018096237cb9'),('491598d9-1ca9-4402-86f3-87b92cf96f11','c8bc6088-83de-4c0a-9260-70f8bd66b5a5',NULL,'Tuition Fee','academic',5000.00,5000.00,0.00,0.00,'2025-07-10','Paid',NULL,'9e5b0678-ae54-466a-8413-f88adedf95a2','{}','2026-05-27 23:33:29','2026-05-27 23:45:39',1,NULL,NULL,'99bf6ed3-bf5b-4b8e-9f02-46c192c410cc',NULL,'659a72a6-284a-4b1b-b460-018096237cb9'),('491598d9-1ca9-4402-86f3-87b92cf96f11','c8bc6088-83de-4c0a-9260-70f8bd66b5a5',NULL,'Exam Fee','academic',500.00,0.00,500.00,0.00,'2026-03-15','Pending',NULL,'9fbf4f8a-c105-4a0a-bae0-5ed60689c2d0','{}','2026-05-28 01:08:52','2026-05-28 01:08:52',1,NULL,NULL,'99bf6ed3-bf5b-4b8e-9f02-46c192c410cc',NULL,'659a72a6-284a-4b1b-b460-018096237cb9'),('491598d9-1ca9-4402-86f3-87b92cf96f11','154dba0d-46f1-4ba7-a1a6-6f5bc2ed051c',NULL,'Tuition Fee','academic',5000.00,5000.00,0.00,0.00,'2025-07-10','Paid',NULL,'9fbfa9e0-8b6c-4df5-9671-f46ca231c88e','{}','2026-05-27 23:33:29','2026-05-27 23:45:39',1,NULL,NULL,'99bf6ed3-bf5b-4b8e-9f02-46c192c410cc',NULL,'659a72a6-284a-4b1b-b460-018096237cb9'),('491598d9-1ca9-4402-86f3-87b92cf96f11','9398407c-f2ab-4629-b6a0-9b843f8761fb',NULL,'Tuition Fee','academic',5500.00,0.00,5500.00,0.00,'2025-11-10','Pending',NULL,'a0d7f29e-9ce4-4190-a0cc-300134d523fe','{}','2026-05-27 23:33:31','2026-05-27 23:33:31',1,NULL,NULL,'99bf6ed3-bf5b-4b8e-9f02-46c192c410cc',NULL,'659a72a6-284a-4b1b-b460-018096237cb9'),('491598d9-1ca9-4402-86f3-87b92cf96f11','c25eb5ef-cb17-4022-8883-b20ef32ec981',NULL,'Tuition Fee','academic',6000.00,6000.00,0.00,0.00,'2025-09-10','Paid',NULL,'a12411fa-3fbb-4bfb-994d-88208034758c','{}','2026-05-27 23:33:32','2026-05-27 23:36:55',1,NULL,NULL,'99bf6ed3-bf5b-4b8e-9f02-46c192c410cc',NULL,'659a72a6-284a-4b1b-b460-018096237cb9'),('491598d9-1ca9-4402-86f3-87b92cf96f11','95133435-5c71-4ee2-8866-1ef9e527e199',NULL,'Lab Fee','academic',2000.00,2000.00,0.00,0.00,'2025-07-15','Paid',NULL,'a177e021-4370-4b09-8f54-8c45908eb8d1','{}','2026-05-27 23:33:34','2026-05-27 23:45:30',1,NULL,NULL,'99bf6ed3-bf5b-4b8e-9f02-46c192c410cc',NULL,'659a72a6-284a-4b1b-b460-018096237cb9'),('491598d9-1ca9-4402-86f3-87b92cf96f11','9398407c-f2ab-4629-b6a0-9b843f8761fb',NULL,'Tuition Fee','academic',5500.00,5500.00,0.00,0.00,'2025-08-10','Paid',NULL,'a232a822-c3aa-4fda-9b78-e25d01fff21a','{}','2026-05-27 23:33:31','2026-05-27 23:45:46',1,NULL,NULL,'99bf6ed3-bf5b-4b8e-9f02-46c192c410cc',NULL,'659a72a6-284a-4b1b-b460-018096237cb9'),('491598d9-1ca9-4402-86f3-87b92cf96f11','0b3004ca-b328-415d-aa9f-c57a6a091f5d',NULL,'Tuition Fee','academic',6000.00,6000.00,0.00,0.00,'2025-10-10','Paid',NULL,'a39eb73a-ad89-4460-9d4a-eee53e34079e','{}','2026-05-27 23:33:32','2026-05-27 23:36:22',1,NULL,NULL,'99bf6ed3-bf5b-4b8e-9f02-46c192c410cc',NULL,'659a72a6-284a-4b1b-b460-018096237cb9'),('491598d9-1ca9-4402-86f3-87b92cf96f11','20ae1e67-5fb3-48ac-89f7-f47dda7407c1',NULL,'Tuition Fee','academic',5000.00,5000.00,0.00,0.00,'2025-07-10','Paid',NULL,'a3a35a9a-7c33-411a-8a27-7d13a8c91a52','{}','2026-05-27 23:33:29','2026-05-27 23:45:39',1,NULL,NULL,'99bf6ed3-bf5b-4b8e-9f02-46c192c410cc',NULL,'659a72a6-284a-4b1b-b460-018096237cb9'),('491598d9-1ca9-4402-86f3-87b92cf96f11','dcd9ac28-b22f-41ce-90e8-46b4dfae4799',NULL,'Tuition Fee','academic',5000.00,5000.00,0.00,0.00,'2025-09-10','Paid',NULL,'a3beccb9-f28c-4a86-b701-8f5cdde1b729','{}','2026-05-27 23:33:29','2026-05-27 23:44:57',1,NULL,NULL,'99bf6ed3-bf5b-4b8e-9f02-46c192c410cc',NULL,'659a72a6-284a-4b1b-b460-018096237cb9'),('491598d9-1ca9-4402-86f3-87b92cf96f11','fda271fc-dbcf-4c98-b58d-26f61c4da45f',NULL,'Tuition Fee','academic',6000.00,6000.00,0.00,0.00,'2025-07-10','Paid',NULL,'a6487d8e-8cc5-4032-8e66-95d0c346a64d','{}','2026-05-27 23:33:32','2026-05-27 23:45:39',1,NULL,NULL,'99bf6ed3-bf5b-4b8e-9f02-46c192c410cc',NULL,'659a72a6-284a-4b1b-b460-018096237cb9'),('491598d9-1ca9-4402-86f3-87b92cf96f11','e59ec31f-8889-4a2c-82c6-e44129b4e01b',NULL,'Lab Fee','academic',2000.00,2000.00,0.00,0.00,'2025-07-15','Paid',NULL,'a6d08ee3-4923-414d-8e61-cfef2e766d7b','{}','2026-05-27 23:33:34','2026-05-27 23:45:30',1,NULL,NULL,'99bf6ed3-bf5b-4b8e-9f02-46c192c410cc',NULL,'659a72a6-284a-4b1b-b460-018096237cb9'),('491598d9-1ca9-4402-86f3-87b92cf96f11','4297c48a-a425-4828-961d-1e09369bda04',NULL,'Exam Fee','academic',500.00,0.00,500.00,0.00,'2026-03-15','Pending',NULL,'a99443fb-1c33-4555-9f85-d98240556552','{}','2026-05-28 01:08:52','2026-05-28 01:08:52',1,NULL,NULL,'99bf6ed3-bf5b-4b8e-9f02-46c192c410cc',NULL,'659a72a6-284a-4b1b-b460-018096237cb9'),('491598d9-1ca9-4402-86f3-87b92cf96f11','6bc40a80-af77-4da5-b009-098e08d37281',NULL,'Tuition Fee','academic',5500.00,5500.00,0.00,0.00,'2025-08-10','Paid',NULL,'aa81de20-7ebd-45cd-aed0-4ae5b04bf937','{}','2026-05-27 23:33:30','2026-05-27 23:45:46',1,NULL,NULL,'99bf6ed3-bf5b-4b8e-9f02-46c192c410cc',NULL,'659a72a6-284a-4b1b-b460-018096237cb9'),('491598d9-1ca9-4402-86f3-87b92cf96f11','6a5a126b-1303-4ed6-9b80-971d4e908c1f',NULL,'Tuition Fee','academic',6000.00,6000.00,0.00,0.00,'2025-07-10','Paid',NULL,'ad8356f6-f091-4b73-86d2-2846de5806e5','{}','2026-05-27 23:33:32','2026-05-27 23:45:39',1,NULL,NULL,'99bf6ed3-bf5b-4b8e-9f02-46c192c410cc',NULL,'659a72a6-284a-4b1b-b460-018096237cb9'),('491598d9-1ca9-4402-86f3-87b92cf96f11','467b52aa-b799-43d5-b6cc-ca9f96b7a907',NULL,'Tuition Fee','academic',5500.00,0.00,5500.00,0.00,'2025-10-10','Pending',NULL,'ae4bc645-ae98-49f0-a910-19fbb06e7562','{}','2026-05-27 23:33:30','2026-05-27 23:33:30',1,NULL,NULL,'99bf6ed3-bf5b-4b8e-9f02-46c192c410cc',NULL,'659a72a6-284a-4b1b-b460-018096237cb9'),('491598d9-1ca9-4402-86f3-87b92cf96f11','718e064c-26d8-4d8e-8bbb-fcebd31f70b1',NULL,'Tuition Fee','academic',5000.00,5000.00,0.00,0.00,'2025-07-10','Paid',NULL,'ae615549-95e7-4663-9176-15af8ee06493','{}','2026-05-27 23:33:29','2026-05-27 23:45:40',1,NULL,NULL,'99bf6ed3-bf5b-4b8e-9f02-46c192c410cc',NULL,'659a72a6-284a-4b1b-b460-018096237cb9'),('491598d9-1ca9-4402-86f3-87b92cf96f11','8439d760-20b7-4d8f-a0c9-40e1b2dfba6a',NULL,'Tuition Fee','academic',5000.00,5000.00,0.00,0.00,'2025-08-10','Paid',NULL,'aeaff1af-2e6a-46db-a6a5-ad794b76d078','{}','2026-05-27 23:33:29','2026-05-27 23:45:45',1,NULL,NULL,'99bf6ed3-bf5b-4b8e-9f02-46c192c410cc',NULL,'659a72a6-284a-4b1b-b460-018096237cb9'),('491598d9-1ca9-4402-86f3-87b92cf96f11','ff8d12ed-6489-43dd-b2b1-88c02d42f826',NULL,'Tuition Fee','academic',5000.00,0.00,5000.00,0.00,'2025-11-10','Pending',NULL,'af53891c-235c-4aae-ba97-88ee5d4d4469','{}','2026-05-27 23:33:30','2026-05-27 23:33:30',1,NULL,NULL,'99bf6ed3-bf5b-4b8e-9f02-46c192c410cc',NULL,'659a72a6-284a-4b1b-b460-018096237cb9'),('491598d9-1ca9-4402-86f3-87b92cf96f11','21a9a63c-efc4-4459-b072-61b898412a5a',NULL,'Tuition Fee','academic',5500.00,5500.00,0.00,0.00,'2025-09-10','Paid',NULL,'afb07ec0-c4bc-4f74-9399-f624c4a8a3ec','{}','2026-05-27 23:33:31','2026-05-27 23:36:55',1,NULL,NULL,'99bf6ed3-bf5b-4b8e-9f02-46c192c410cc',NULL,'659a72a6-284a-4b1b-b460-018096237cb9'),('491598d9-1ca9-4402-86f3-87b92cf96f11','718e064c-26d8-4d8e-8bbb-fcebd31f70b1',NULL,'Lab Fee','academic',2000.00,2000.00,0.00,0.00,'2025-07-15','Paid',NULL,'aff5b81a-0deb-496a-b19f-87a22537d0cd','{}','2026-05-27 23:33:33','2026-05-27 23:45:30',1,NULL,NULL,'99bf6ed3-bf5b-4b8e-9f02-46c192c410cc',NULL,'659a72a6-284a-4b1b-b460-018096237cb9'),('491598d9-1ca9-4402-86f3-87b92cf96f11','6a5a126b-1303-4ed6-9b80-971d4e908c1f',NULL,'Tuition Fee','academic',6000.00,6000.00,0.00,0.00,'2025-08-10','Paid',NULL,'b06df82e-806a-41d3-9669-9e6c2666a132','{}','2026-05-27 23:33:32','2026-05-27 23:45:45',1,NULL,NULL,'99bf6ed3-bf5b-4b8e-9f02-46c192c410cc',NULL,'659a72a6-284a-4b1b-b460-018096237cb9'),('491598d9-1ca9-4402-86f3-87b92cf96f11','6a5a126b-1303-4ed6-9b80-971d4e908c1f',NULL,'Tuition Fee','academic',6000.00,0.00,6000.00,0.00,'2025-11-10','Pending',NULL,'b0f2c3d1-a1c5-4c0c-87c3-2376f519f9c9','{}','2026-05-27 23:33:33','2026-05-27 23:33:33',1,NULL,NULL,'99bf6ed3-bf5b-4b8e-9f02-46c192c410cc',NULL,'659a72a6-284a-4b1b-b460-018096237cb9'),('491598d9-1ca9-4402-86f3-87b92cf96f11','3d673b0c-d001-4212-883d-20963cdfb164',NULL,'Tuition Fee','academic',5000.00,5000.00,0.00,0.00,'2025-07-10','Paid',NULL,'b1d5ab3a-bd9b-457d-a670-790aac688d7e','{}','2026-05-27 23:33:29','2026-05-27 23:45:40',1,NULL,NULL,'99bf6ed3-bf5b-4b8e-9f02-46c192c410cc',NULL,'659a72a6-284a-4b1b-b460-018096237cb9'),('491598d9-1ca9-4402-86f3-87b92cf96f11','154dba0d-46f1-4ba7-a1a6-6f5bc2ed051c',NULL,'Tuition Fee','academic',5000.00,5000.00,0.00,0.00,'2025-08-10','Paid',NULL,'b200a59e-c4e1-4245-b1d1-b83ec03bbe39','{}','2026-05-27 23:33:29','2026-05-27 23:45:44',1,NULL,NULL,'99bf6ed3-bf5b-4b8e-9f02-46c192c410cc',NULL,'659a72a6-284a-4b1b-b460-018096237cb9'),('491598d9-1ca9-4402-86f3-87b92cf96f11','e910065c-8c58-4918-bbe9-b8dce2aa85b8',NULL,'Tuition Fee','academic',6000.00,6000.00,0.00,0.00,'2025-10-10','Paid',NULL,'b2fe3850-f627-467c-ae5e-a7d5cd8cfb2c','{}','2026-05-27 23:33:32','2026-05-27 23:36:22',1,NULL,NULL,'99bf6ed3-bf5b-4b8e-9f02-46c192c410cc',NULL,'659a72a6-284a-4b1b-b460-018096237cb9'),('491598d9-1ca9-4402-86f3-87b92cf96f11','980a5137-5d5f-48de-927d-f2d2db672c2f',NULL,'Tuition Fee','academic',5500.00,5500.00,0.00,0.00,'2025-10-10','Paid',NULL,'b30bc232-a683-4021-8c40-159740bb2d0a','{}','2026-05-27 23:33:31','2026-05-27 23:36:23',1,NULL,NULL,'99bf6ed3-bf5b-4b8e-9f02-46c192c410cc',NULL,'659a72a6-284a-4b1b-b460-018096237cb9'),('491598d9-1ca9-4402-86f3-87b92cf96f11','96cc2aff-1541-447c-8d31-35c2f80d4428',NULL,'Tuition Fee','academic',5500.00,5500.00,0.00,0.00,'2025-09-10','Paid',NULL,'b32ba50f-542e-48ed-a9f9-a0e3bfe205c7','{}','2026-05-27 23:33:31','2026-05-27 23:36:54',1,NULL,NULL,'99bf6ed3-bf5b-4b8e-9f02-46c192c410cc',NULL,'659a72a6-284a-4b1b-b460-018096237cb9'),('491598d9-1ca9-4402-86f3-87b92cf96f11','ac753b58-b0cf-49a4-bb08-399faee3076d',NULL,'Tuition Fee','academic',5500.00,5500.00,0.00,0.00,'2025-10-10','Paid',NULL,'b3802fc0-6a61-4cee-b4bb-a7a98d86dacc','{}','2026-05-27 23:33:31','2026-05-27 23:36:21',1,NULL,NULL,'99bf6ed3-bf5b-4b8e-9f02-46c192c410cc',NULL,'659a72a6-284a-4b1b-b460-018096237cb9'),('491598d9-1ca9-4402-86f3-87b92cf96f11','154dba0d-46f1-4ba7-a1a6-6f5bc2ed051c',NULL,'Tuition Fee','academic',5000.00,5000.00,0.00,0.00,'2025-09-10','Paid',NULL,'b40a8cc5-cc24-4546-9b61-44d4d0b03814','{}','2026-05-27 23:33:30','2026-05-27 23:36:55',1,NULL,NULL,'99bf6ed3-bf5b-4b8e-9f02-46c192c410cc',NULL,'659a72a6-284a-4b1b-b460-018096237cb9'),('491598d9-1ca9-4402-86f3-87b92cf96f11','dac10e09-9beb-4354-afaf-4f4bd6dc23a6',NULL,'Tuition Fee','academic',5000.00,5000.00,0.00,0.00,'2025-08-10','Paid',NULL,'b415d946-b91f-4e8c-ba98-0dfa1d772da3','{}','2026-05-27 23:33:29','2026-05-27 23:45:44',1,NULL,NULL,'99bf6ed3-bf5b-4b8e-9f02-46c192c410cc',NULL,'659a72a6-284a-4b1b-b460-018096237cb9'),('491598d9-1ca9-4402-86f3-87b92cf96f11','42e817b5-8abc-43aa-8a80-3e98221c4ab6',NULL,'Tuition Fee','academic',5000.00,5000.00,0.00,0.00,'2025-07-10','Paid',NULL,'b4aaace2-8630-45a0-a88f-51e2bb042fba','{}','2026-05-27 23:33:29','2026-05-27 23:45:40',1,NULL,NULL,'99bf6ed3-bf5b-4b8e-9f02-46c192c410cc',NULL,'659a72a6-284a-4b1b-b460-018096237cb9'),('491598d9-1ca9-4402-86f3-87b92cf96f11','01fbc26d-95b1-43be-b42a-6dd602973499',NULL,'Tuition Fee','academic',6000.00,0.00,6000.00,0.00,'2025-11-10','Pending',NULL,'b72caf7f-fa16-4e9c-9f86-24eff510a773','{}','2026-05-27 23:33:32','2026-05-27 23:33:32',1,NULL,NULL,'99bf6ed3-bf5b-4b8e-9f02-46c192c410cc',NULL,'659a72a6-284a-4b1b-b460-018096237cb9'),('491598d9-1ca9-4402-86f3-87b92cf96f11','9398407c-f2ab-4629-b6a0-9b843f8761fb',NULL,'Tuition Fee','academic',5500.00,5500.00,0.00,0.00,'2025-09-10','Paid',NULL,'b7644200-644e-4f32-884f-72d0d0ce8e16','{}','2026-05-27 23:33:31','2026-05-27 23:36:56',1,NULL,NULL,'99bf6ed3-bf5b-4b8e-9f02-46c192c410cc',NULL,'659a72a6-284a-4b1b-b460-018096237cb9'),('491598d9-1ca9-4402-86f3-87b92cf96f11','a0a7ebf8-7824-4bf1-a8b3-401b0fcf1801',NULL,'Tuition Fee','academic',5500.00,0.00,5500.00,0.00,'2025-11-10','Pending',NULL,'b82cd49d-d13c-49ae-a48a-723b090d7391','{}','2026-05-27 23:33:30','2026-05-27 23:33:30',1,NULL,NULL,'99bf6ed3-bf5b-4b8e-9f02-46c192c410cc',NULL,'659a72a6-284a-4b1b-b460-018096237cb9'),('491598d9-1ca9-4402-86f3-87b92cf96f11','4297c48a-a425-4828-961d-1e09369bda04',NULL,'Tuition Fee','academic',5000.00,0.00,5000.00,0.00,'2025-11-10','Pending',NULL,'b85ecbb0-a08f-4085-bced-8d2c626e4761','{}','2026-05-27 23:33:29','2026-05-27 23:33:29',1,NULL,NULL,'99bf6ed3-bf5b-4b8e-9f02-46c192c410cc',NULL,'659a72a6-284a-4b1b-b460-018096237cb9'),('491598d9-1ca9-4402-86f3-87b92cf96f11','4a81aff3-2e60-460f-98e1-fd7afc013c21',NULL,'Lab Fee','academic',2000.00,2000.00,0.00,0.00,'2025-07-15','Paid',NULL,'b90aa560-e044-4703-bcd2-6ebdec667c39','{}','2026-05-27 23:33:33','2026-05-27 23:45:30',1,NULL,NULL,'99bf6ed3-bf5b-4b8e-9f02-46c192c410cc',NULL,'659a72a6-284a-4b1b-b460-018096237cb9'),('491598d9-1ca9-4402-86f3-87b92cf96f11','718e064c-26d8-4d8e-8bbb-fcebd31f70b1',NULL,'Transport Fee','transport',3000.00,3000.00,0.00,0.00,'2025-07-10','Paid',NULL,'b9bea641-00cf-407d-ba5a-c3181363f4e7','{}','2026-05-27 23:33:34','2026-05-27 23:45:40',1,NULL,NULL,'99bf6ed3-bf5b-4b8e-9f02-46c192c410cc',NULL,'659a72a6-284a-4b1b-b460-018096237cb9'),('491598d9-1ca9-4402-86f3-87b92cf96f11','4297c48a-a425-4828-961d-1e09369bda04',NULL,'Tuition Fee','academic',5000.00,5000.00,0.00,0.00,'2025-09-10','Paid',NULL,'ba1f3e98-e0c8-45ea-ba2c-da3311cea78c','{}','2026-05-27 23:33:29','2026-05-27 23:36:57',1,NULL,NULL,'99bf6ed3-bf5b-4b8e-9f02-46c192c410cc',NULL,'659a72a6-284a-4b1b-b460-018096237cb9'),('491598d9-1ca9-4402-86f3-87b92cf96f11','b12b3e5a-18da-483b-8c63-30e1ee23f84a',NULL,'Tuition Fee','academic',6000.00,6000.00,0.00,0.00,'2025-08-10','Paid',NULL,'bb59760d-edbf-4d7a-8d9a-3c354144f556','{}','2026-05-27 23:33:32','2026-05-27 23:45:44',1,NULL,NULL,'99bf6ed3-bf5b-4b8e-9f02-46c192c410cc',NULL,'659a72a6-284a-4b1b-b460-018096237cb9'),('491598d9-1ca9-4402-86f3-87b92cf96f11','1db8fd34-b725-4da4-8665-a5534238f137',NULL,'Tuition Fee','academic',5500.00,5500.00,0.00,0.00,'2025-09-10','Paid',NULL,'bbf88471-0275-46c6-bb55-d4efef78a3d6','{}','2026-05-27 23:33:30','2026-05-27 23:44:58',1,NULL,NULL,'99bf6ed3-bf5b-4b8e-9f02-46c192c410cc',NULL,'659a72a6-284a-4b1b-b460-018096237cb9'),('491598d9-1ca9-4402-86f3-87b92cf96f11','c8bc6088-83de-4c0a-9260-70f8bd66b5a5',NULL,'Lab Fee','academic',2000.00,2000.00,0.00,0.00,'2025-07-15','Paid',NULL,'bc9678a2-60e0-4882-8ba6-409745ed5d4f','{}','2026-05-27 23:33:33','2026-05-27 23:45:31',1,NULL,NULL,'99bf6ed3-bf5b-4b8e-9f02-46c192c410cc',NULL,'659a72a6-284a-4b1b-b460-018096237cb9'),('491598d9-1ca9-4402-86f3-87b92cf96f11','95133435-5c71-4ee2-8866-1ef9e527e199',NULL,'Tuition Fee','academic',6000.00,6000.00,0.00,0.00,'2025-10-10','Paid',NULL,'bc985fd2-b625-47cf-bd16-e6f506a42ac7','{}','2026-05-27 23:33:33','2026-05-27 23:36:20',1,NULL,NULL,'99bf6ed3-bf5b-4b8e-9f02-46c192c410cc',NULL,'659a72a6-284a-4b1b-b460-018096237cb9'),('491598d9-1ca9-4402-86f3-87b92cf96f11','e910065c-8c58-4918-bbe9-b8dce2aa85b8',NULL,'Tuition Fee','academic',6000.00,6000.00,0.00,0.00,'2025-07-10','Paid',NULL,'bcf78593-65f7-48c8-b8c9-8e40434caed5','{}','2026-05-27 23:33:32','2026-05-27 23:45:40',1,NULL,NULL,'99bf6ed3-bf5b-4b8e-9f02-46c192c410cc',NULL,'659a72a6-284a-4b1b-b460-018096237cb9'),('491598d9-1ca9-4402-86f3-87b92cf96f11','fda271fc-dbcf-4c98-b58d-26f61c4da45f',NULL,'Lab Fee','academic',2000.00,2000.00,0.00,0.00,'2025-07-15','Paid',NULL,'bd888578-442d-4cb0-b54c-e8d4970ae1d6','{}','2026-05-27 23:33:34','2026-05-27 23:45:31',1,NULL,NULL,'99bf6ed3-bf5b-4b8e-9f02-46c192c410cc',NULL,'659a72a6-284a-4b1b-b460-018096237cb9'),('491598d9-1ca9-4402-86f3-87b92cf96f11','b49b38e9-9c3a-4e52-bd02-51854bd4e9a4',NULL,'Tuition Fee','academic',6000.00,6000.00,0.00,0.00,'2025-07-10','Paid',NULL,'be2a6dce-df78-47c0-8451-27675971cf14','{}','2026-05-27 23:33:32','2026-05-27 23:45:40',1,NULL,NULL,'99bf6ed3-bf5b-4b8e-9f02-46c192c410cc',NULL,'659a72a6-284a-4b1b-b460-018096237cb9'),('491598d9-1ca9-4402-86f3-87b92cf96f11','0a3f6d58-7348-4c37-ab09-ebe0238a3b1f',NULL,'Tuition Fee','academic',5000.00,5000.00,0.00,0.00,'2025-10-10','Paid',NULL,'be6aec66-2b56-49d2-ac82-d5b1566ff477','{}','2026-05-27 23:33:30','2026-05-27 23:36:24',1,NULL,NULL,'99bf6ed3-bf5b-4b8e-9f02-46c192c410cc',NULL,'659a72a6-284a-4b1b-b460-018096237cb9'),('491598d9-1ca9-4402-86f3-87b92cf96f11','42e817b5-8abc-43aa-8a80-3e98221c4ab6',NULL,'Tuition Fee','academic',5000.00,5000.00,0.00,0.00,'2025-09-10','Paid',NULL,'beafde40-2387-4ee6-885b-d908c3fd5667','{}','2026-05-27 23:33:29','2026-05-27 23:36:57',1,NULL,NULL,'99bf6ed3-bf5b-4b8e-9f02-46c192c410cc',NULL,'659a72a6-284a-4b1b-b460-018096237cb9'),('491598d9-1ca9-4402-86f3-87b92cf96f11','dcd9ac28-b22f-41ce-90e8-46b4dfae4799',NULL,'Tuition Fee','academic',5000.00,0.00,5000.00,0.00,'2025-11-10','Pending',NULL,'bf3435cd-3d8d-4c28-8901-52247c8a3e5e','{}','2026-05-27 23:33:29','2026-05-27 23:33:29',1,NULL,NULL,'99bf6ed3-bf5b-4b8e-9f02-46c192c410cc',NULL,'659a72a6-284a-4b1b-b460-018096237cb9'),('491598d9-1ca9-4402-86f3-87b92cf96f11','0b3004ca-b328-415d-aa9f-c57a6a091f5d',NULL,'Lab Fee','academic',2000.00,2000.00,0.00,0.00,'2025-07-15','Paid',NULL,'c036e2ee-21a0-47a9-8f43-56a42c3edd19','{}','2026-05-27 23:33:34','2026-05-27 23:45:31',1,NULL,NULL,'99bf6ed3-bf5b-4b8e-9f02-46c192c410cc',NULL,'659a72a6-284a-4b1b-b460-018096237cb9'),('491598d9-1ca9-4402-86f3-87b92cf96f11','c25eb5ef-cb17-4022-8883-b20ef32ec981',NULL,'Lab Fee','academic',2000.00,2000.00,0.00,0.00,'2025-07-15','Paid',NULL,'c1568379-1704-44e8-83e6-1b4de8a958db','{}','2026-05-27 23:33:34','2026-05-27 23:45:31',1,NULL,NULL,'99bf6ed3-bf5b-4b8e-9f02-46c192c410cc',NULL,'659a72a6-284a-4b1b-b460-018096237cb9'),('491598d9-1ca9-4402-86f3-87b92cf96f11','a81dcd18-15ed-467b-8583-60cbf3665752',NULL,'Exam Fee','academic',500.00,0.00,500.00,0.00,'2026-03-15','Pending',NULL,'c1c18bb1-0d96-4dd7-963a-f27f3cee9b46','{}','2026-05-28 01:08:52','2026-05-28 01:08:52',1,NULL,NULL,'99bf6ed3-bf5b-4b8e-9f02-46c192c410cc',NULL,'659a72a6-284a-4b1b-b460-018096237cb9'),('491598d9-1ca9-4402-86f3-87b92cf96f11','d50613db-5b80-4dfc-bc55-865d8ddbcb25',NULL,'Lab Fee','academic',2000.00,2000.00,0.00,0.00,'2025-07-15','Paid',NULL,'c2a2e39e-bf53-4173-810e-45399f9fb597','{}','2026-05-27 23:33:34','2026-05-27 23:45:31',1,NULL,NULL,'99bf6ed3-bf5b-4b8e-9f02-46c192c410cc',NULL,'659a72a6-284a-4b1b-b460-018096237cb9'),('491598d9-1ca9-4402-86f3-87b92cf96f11','42e817b5-8abc-43aa-8a80-3e98221c4ab6',NULL,'Tuition Fee','academic',5000.00,5000.00,0.00,0.00,'2025-10-10','Paid',NULL,'c35c5349-1ca9-46fc-a3c9-f73b30fcdbae','{}','2026-05-27 23:33:29','2026-05-27 23:36:21',1,NULL,NULL,'99bf6ed3-bf5b-4b8e-9f02-46c192c410cc',NULL,'659a72a6-284a-4b1b-b460-018096237cb9'),('491598d9-1ca9-4402-86f3-87b92cf96f11','d50613db-5b80-4dfc-bc55-865d8ddbcb25',NULL,'Tuition Fee','academic',6000.00,0.00,6000.00,0.00,'2025-11-10','Pending',NULL,'c3c97325-693e-4d18-9439-87dfbad8f116','{}','2026-05-27 23:33:32','2026-05-27 23:33:32',1,NULL,NULL,'99bf6ed3-bf5b-4b8e-9f02-46c192c410cc',NULL,'659a72a6-284a-4b1b-b460-018096237cb9'),('491598d9-1ca9-4402-86f3-87b92cf96f11','154dba0d-46f1-4ba7-a1a6-6f5bc2ed051c',NULL,'Tuition Fee','academic',5000.00,5000.00,0.00,0.00,'2025-10-10','Paid',NULL,'c526153f-b8be-4c0d-945e-6a917ade7c35','{}','2026-05-27 23:33:30','2026-05-27 23:36:24',1,NULL,NULL,'99bf6ed3-bf5b-4b8e-9f02-46c192c410cc',NULL,'659a72a6-284a-4b1b-b460-018096237cb9'),('491598d9-1ca9-4402-86f3-87b92cf96f11','b656d8da-0176-43e6-b53d-0cb4c7bab509',NULL,'Tuition Fee','academic',5500.00,5500.00,0.00,0.00,'2025-10-10','Paid',NULL,'c562c98b-698f-4d27-83e7-9450ce37554e','{}','2026-05-27 23:33:31','2026-05-27 23:36:24',1,NULL,NULL,'99bf6ed3-bf5b-4b8e-9f02-46c192c410cc',NULL,'659a72a6-284a-4b1b-b460-018096237cb9'),('491598d9-1ca9-4402-86f3-87b92cf96f11','1f84a410-f76c-48e6-bd71-dde6983af906',NULL,'Tuition Fee','academic',6000.00,6000.00,0.00,0.00,'2025-08-10','Paid',NULL,'c5accc05-adc0-4082-bad3-f9b3c2f92491','{}','2026-05-27 23:33:32','2026-05-27 23:45:44',1,NULL,NULL,'99bf6ed3-bf5b-4b8e-9f02-46c192c410cc',NULL,'659a72a6-284a-4b1b-b460-018096237cb9'),('491598d9-1ca9-4402-86f3-87b92cf96f11','743e944a-3b70-4df6-bdb2-c5b6eb0ff9e8',NULL,'Tuition Fee','academic',5000.00,5000.00,0.00,0.00,'2025-10-10','Paid',NULL,'c66a3c85-3bf3-427f-bb88-526e57686bfd','{}','2026-05-27 23:33:29','2026-05-27 23:36:23',1,NULL,NULL,'99bf6ed3-bf5b-4b8e-9f02-46c192c410cc',NULL,'659a72a6-284a-4b1b-b460-018096237cb9'),('491598d9-1ca9-4402-86f3-87b92cf96f11','20ae1e67-5fb3-48ac-89f7-f47dda7407c1',NULL,'Lab Fee','academic',2000.00,2000.00,0.00,0.00,'2025-07-15','Paid',NULL,'c674564c-a6e1-4970-879d-9bdf22bdaabb','{}','2026-05-27 23:33:33','2026-05-27 23:45:32',1,NULL,NULL,'99bf6ed3-bf5b-4b8e-9f02-46c192c410cc',NULL,'659a72a6-284a-4b1b-b460-018096237cb9'),('491598d9-1ca9-4402-86f3-87b92cf96f11','1db8fd34-b725-4da4-8665-a5534238f137',NULL,'Lab Fee','academic',2000.00,2000.00,0.00,0.00,'2025-07-15','Paid',NULL,'c67eb421-513c-4123-8f02-1f89610f48e9','{}','2026-05-27 23:33:34','2026-05-27 23:45:32',1,NULL,NULL,'99bf6ed3-bf5b-4b8e-9f02-46c192c410cc',NULL,'659a72a6-284a-4b1b-b460-018096237cb9'),('491598d9-1ca9-4402-86f3-87b92cf96f11','4a81aff3-2e60-460f-98e1-fd7afc013c21',NULL,'Tuition Fee','academic',5000.00,5000.00,0.00,0.00,'2025-09-10','Paid',NULL,'c6ffc1c2-8b42-4bb0-a695-b7ab0f672674','{}','2026-05-27 23:33:29','2026-05-27 23:36:57',1,NULL,NULL,'99bf6ed3-bf5b-4b8e-9f02-46c192c410cc',NULL,'659a72a6-284a-4b1b-b460-018096237cb9'),('491598d9-1ca9-4402-86f3-87b92cf96f11','100d2412-5e2c-4c6a-8806-6cfde9401bab',NULL,'Tuition Fee','academic',6000.00,6000.00,0.00,0.00,'2025-08-10','Paid',NULL,'c72d4c49-80c9-4afa-b68f-4f708b01e125','{}','2026-05-27 23:33:32','2026-05-27 23:45:44',1,NULL,NULL,'99bf6ed3-bf5b-4b8e-9f02-46c192c410cc',NULL,'659a72a6-284a-4b1b-b460-018096237cb9'),('491598d9-1ca9-4402-86f3-87b92cf96f11','a8cc521b-8de9-42c5-8500-6c7c0638d050',NULL,'Tuition Fee','academic',5500.00,0.00,5500.00,0.00,'2025-11-10','Pending',NULL,'c86037b2-f681-4b98-bea3-fcafe79371b2','{}','2026-05-27 23:33:30','2026-05-27 23:33:30',1,NULL,NULL,'99bf6ed3-bf5b-4b8e-9f02-46c192c410cc',NULL,'659a72a6-284a-4b1b-b460-018096237cb9'),('491598d9-1ca9-4402-86f3-87b92cf96f11','01fbc26d-95b1-43be-b42a-6dd602973499',NULL,'Lab Fee','academic',2000.00,2000.00,0.00,0.00,'2025-07-15','Paid',NULL,'c87c86d1-51af-48a5-bb8d-c407e8b15b56','{}','2026-05-27 23:33:34','2026-05-27 23:45:32',1,NULL,NULL,'99bf6ed3-bf5b-4b8e-9f02-46c192c410cc',NULL,'659a72a6-284a-4b1b-b460-018096237cb9'),('491598d9-1ca9-4402-86f3-87b92cf96f11','6107e285-e2a4-47d5-8835-bf4bf89ebc5c',NULL,'Exam Fee','academic',500.00,0.00,500.00,0.00,'2026-03-15','Pending',NULL,'c888c571-4701-4238-9072-3cb1e8cc309e','{}','2026-05-28 01:08:52','2026-05-28 01:08:52',1,NULL,NULL,'99bf6ed3-bf5b-4b8e-9f02-46c192c410cc',NULL,'659a72a6-284a-4b1b-b460-018096237cb9'),('491598d9-1ca9-4402-86f3-87b92cf96f11','718e064c-26d8-4d8e-8bbb-fcebd31f70b1',NULL,'Tuition Fee','academic',5000.00,0.00,5000.00,0.00,'2025-10-10','Pending',NULL,'c9137512-1227-4be5-9b4e-41bb4e47e374','{}','2026-05-27 23:33:29','2026-05-27 23:33:29',1,NULL,NULL,'99bf6ed3-bf5b-4b8e-9f02-46c192c410cc',NULL,'659a72a6-284a-4b1b-b460-018096237cb9'),('491598d9-1ca9-4402-86f3-87b92cf96f11','a8cc521b-8de9-42c5-8500-6c7c0638d050',NULL,'Tuition Fee','academic',5500.00,5500.00,0.00,0.00,'2025-08-10','Paid',NULL,'cbb1f847-c52e-44e8-b6cf-72e424ae4ac4','{}','2026-05-27 23:33:30','2026-05-27 23:45:43',1,NULL,NULL,'99bf6ed3-bf5b-4b8e-9f02-46c192c410cc',NULL,'659a72a6-284a-4b1b-b460-018096237cb9'),('491598d9-1ca9-4402-86f3-87b92cf96f11','e81f6d5a-d28d-4aea-9771-ca26ef984530',NULL,'Exam Fee','academic',500.00,0.00,500.00,0.00,'2026-03-15','Pending',NULL,'cbd8c68e-428b-4290-bb35-61b394c0334e','{}','2026-05-28 01:08:52','2026-05-28 01:08:52',1,NULL,NULL,'99bf6ed3-bf5b-4b8e-9f02-46c192c410cc',NULL,'659a72a6-284a-4b1b-b460-018096237cb9'),('491598d9-1ca9-4402-86f3-87b92cf96f11','dcd9ac28-b22f-41ce-90e8-46b4dfae4799',NULL,'Tuition Fee','academic',5000.00,5000.00,0.00,0.00,'2025-10-10','Paid',NULL,'ccfa21c6-8148-4bd0-9040-d88b13112f7e','{}','2026-05-27 23:33:29','2026-05-27 23:36:25',1,NULL,NULL,'99bf6ed3-bf5b-4b8e-9f02-46c192c410cc',NULL,'659a72a6-284a-4b1b-b460-018096237cb9'),('491598d9-1ca9-4402-86f3-87b92cf96f11','35fee766-a623-4c7f-acd1-aad490913162',NULL,'Tuition Fee','academic',5000.00,5000.00,0.00,0.00,'2025-07-10','Paid',NULL,'cd8170e1-5a2e-4870-aa40-588ae67070ca','{}','2026-05-27 23:33:29','2026-05-27 23:45:40',1,NULL,NULL,'99bf6ed3-bf5b-4b8e-9f02-46c192c410cc',NULL,'659a72a6-284a-4b1b-b460-018096237cb9'),('491598d9-1ca9-4402-86f3-87b92cf96f11','b49b38e9-9c3a-4e52-bd02-51854bd4e9a4',NULL,'Tuition Fee','academic',6000.00,0.00,6000.00,0.00,'2025-11-10','Pending',NULL,'cdc777ba-678e-4289-ab24-636053c5248f','{}','2026-05-27 23:33:33','2026-05-27 23:33:33',1,NULL,NULL,'99bf6ed3-bf5b-4b8e-9f02-46c192c410cc',NULL,'659a72a6-284a-4b1b-b460-018096237cb9'),('491598d9-1ca9-4402-86f3-87b92cf96f11','3d673b0c-d001-4212-883d-20963cdfb164',NULL,'Tuition Fee','academic',5000.00,0.00,5000.00,0.00,'2025-10-10','Pending',NULL,'ceaa66d7-3417-49c3-8de8-4a0ffe20e005','{}','2026-05-27 23:33:29','2026-05-27 23:33:29',1,NULL,NULL,'99bf6ed3-bf5b-4b8e-9f02-46c192c410cc',NULL,'659a72a6-284a-4b1b-b460-018096237cb9'),('491598d9-1ca9-4402-86f3-87b92cf96f11','dac10e09-9beb-4354-afaf-4f4bd6dc23a6',NULL,'Lab Fee','academic',2000.00,2000.00,0.00,0.00,'2025-07-15','Paid',NULL,'d01b7a6c-af47-4cbb-b6d5-cc140792dc35','{}','2026-05-27 23:33:33','2026-05-27 23:45:32',1,NULL,NULL,'99bf6ed3-bf5b-4b8e-9f02-46c192c410cc',NULL,'659a72a6-284a-4b1b-b460-018096237cb9'),('491598d9-1ca9-4402-86f3-87b92cf96f11','0a3f6d58-7348-4c37-ab09-ebe0238a3b1f',NULL,'Tuition Fee','academic',5000.00,5000.00,0.00,0.00,'2025-07-10','Paid',NULL,'d161c868-ac98-444e-896d-5121eaea2507','{}','2026-05-27 23:33:29','2026-05-27 23:45:40',1,NULL,NULL,'99bf6ed3-bf5b-4b8e-9f02-46c192c410cc',NULL,'659a72a6-284a-4b1b-b460-018096237cb9'),('491598d9-1ca9-4402-86f3-87b92cf96f11','4a81aff3-2e60-460f-98e1-fd7afc013c21',NULL,'Tuition Fee','academic',5000.00,0.00,5000.00,0.00,'2025-10-10','Pending',NULL,'d24d4813-89e4-4a42-868c-cbc6f0d4da46','{}','2026-05-27 23:33:29','2026-05-27 23:33:29',1,NULL,NULL,'99bf6ed3-bf5b-4b8e-9f02-46c192c410cc',NULL,'659a72a6-284a-4b1b-b460-018096237cb9'),('491598d9-1ca9-4402-86f3-87b92cf96f11','96cc2aff-1541-447c-8d31-35c2f80d4428',NULL,'Lab Fee','academic',2000.00,2000.00,0.00,0.00,'2025-07-15','Paid',NULL,'d2ee8cf5-62a6-45ee-aab5-c53e036b6e6e','{}','2026-05-27 23:33:34','2026-05-27 23:45:32',1,NULL,NULL,'99bf6ed3-bf5b-4b8e-9f02-46c192c410cc',NULL,'659a72a6-284a-4b1b-b460-018096237cb9'),('491598d9-1ca9-4402-86f3-87b92cf96f11','a81dcd18-15ed-467b-8583-60cbf3665752',NULL,'Tuition Fee','academic',5000.00,5000.00,0.00,0.00,'2025-07-10','Paid',NULL,'d32dccff-2b16-4aad-955b-4974928ca9f6','{}','2026-05-27 23:33:29','2026-05-27 23:45:41',1,NULL,NULL,'99bf6ed3-bf5b-4b8e-9f02-46c192c410cc',NULL,'659a72a6-284a-4b1b-b460-018096237cb9'),('491598d9-1ca9-4402-86f3-87b92cf96f11','6107e285-e2a4-47d5-8835-bf4bf89ebc5c',NULL,'Tuition Fee','academic',5000.00,5000.00,0.00,0.00,'2025-07-10','Paid',NULL,'d37ede0a-87e5-49b9-a95a-d69688587211','{}','2026-05-27 23:33:29','2026-05-27 23:45:41',1,NULL,NULL,'99bf6ed3-bf5b-4b8e-9f02-46c192c410cc',NULL,'659a72a6-284a-4b1b-b460-018096237cb9'),('491598d9-1ca9-4402-86f3-87b92cf96f11','2035c178-1855-41c2-b078-20f6ff65dec8',NULL,'Tuition Fee','academic',6000.00,6000.00,0.00,0.00,'2025-08-10','Paid',NULL,'d488b5c5-b8f5-4046-ad1f-387302d47fd1','{}','2026-05-27 23:33:32','2026-05-27 23:45:43',1,NULL,NULL,'99bf6ed3-bf5b-4b8e-9f02-46c192c410cc',NULL,'659a72a6-284a-4b1b-b460-018096237cb9'),('491598d9-1ca9-4402-86f3-87b92cf96f11','b12b3e5a-18da-483b-8c63-30e1ee23f84a',NULL,'Tuition Fee','academic',6000.00,6000.00,0.00,0.00,'2025-07-10','Paid',NULL,'d5e738cf-7d96-4651-bc1d-5a11685455a8','{}','2026-05-27 23:33:32','2026-05-27 23:45:41',1,NULL,NULL,'99bf6ed3-bf5b-4b8e-9f02-46c192c410cc',NULL,'659a72a6-284a-4b1b-b460-018096237cb9'),('491598d9-1ca9-4402-86f3-87b92cf96f11','4a81aff3-2e60-460f-98e1-fd7afc013c21',NULL,'Exam Fee','academic',500.00,0.00,500.00,0.00,'2026-03-15','Pending',NULL,'d68e04a9-5f04-4cf3-b38e-a56230a19318','{}','2026-05-28 01:08:52','2026-05-28 01:08:52',1,NULL,NULL,'99bf6ed3-bf5b-4b8e-9f02-46c192c410cc',NULL,'659a72a6-284a-4b1b-b460-018096237cb9'),('491598d9-1ca9-4402-86f3-87b92cf96f11','8439d760-20b7-4d8f-a0c9-40e1b2dfba6a',NULL,'Tuition Fee','academic',5000.00,5000.00,0.00,0.00,'2025-07-10','Paid',NULL,'d7cfed25-ad72-439c-9bbd-335db1680efc','{}','2026-05-27 23:33:29','2026-05-27 23:45:41',1,NULL,NULL,'99bf6ed3-bf5b-4b8e-9f02-46c192c410cc',NULL,'659a72a6-284a-4b1b-b460-018096237cb9'),('491598d9-1ca9-4402-86f3-87b92cf96f11','fea91fe4-40b6-422d-b549-b4089cc7223d',NULL,'Tuition Fee','academic',5500.00,5500.00,0.00,0.00,'2025-08-10','Paid',NULL,'d7e4d05b-d3c1-4268-b890-df4cf24adf78','{}','2026-05-27 23:33:31','2026-05-27 23:45:43',1,NULL,NULL,'99bf6ed3-bf5b-4b8e-9f02-46c192c410cc',NULL,'659a72a6-284a-4b1b-b460-018096237cb9'),('491598d9-1ca9-4402-86f3-87b92cf96f11','9398407c-f2ab-4629-b6a0-9b843f8761fb',NULL,'Tuition Fee','academic',5500.00,5500.00,0.00,0.00,'2025-07-10','Paid',NULL,'d8937898-a3c2-4472-b477-2479180ada03','{}','2026-05-27 23:33:31','2026-05-27 23:45:41',1,NULL,NULL,'99bf6ed3-bf5b-4b8e-9f02-46c192c410cc',NULL,'659a72a6-284a-4b1b-b460-018096237cb9'),('491598d9-1ca9-4402-86f3-87b92cf96f11','3d673b0c-d001-4212-883d-20963cdfb164',NULL,'Exam Fee','academic',500.00,0.00,500.00,0.00,'2026-03-15','Pending',NULL,'d8c2a8f9-5e79-44af-9580-2ea030e5741d','{}','2026-05-28 01:08:52','2026-05-28 01:08:52',1,NULL,NULL,'99bf6ed3-bf5b-4b8e-9f02-46c192c410cc',NULL,'659a72a6-284a-4b1b-b460-018096237cb9'),('491598d9-1ca9-4402-86f3-87b92cf96f11','a0a7ebf8-7824-4bf1-a8b3-401b0fcf1801',NULL,'Tuition Fee','academic',5500.00,5500.00,0.00,0.00,'2025-10-10','Paid',NULL,'d8db378b-5ed0-4c70-9396-3bd1808db120','{}','2026-05-27 23:33:30','2026-05-27 23:36:25',1,NULL,NULL,'99bf6ed3-bf5b-4b8e-9f02-46c192c410cc',NULL,'659a72a6-284a-4b1b-b460-018096237cb9'),('491598d9-1ca9-4402-86f3-87b92cf96f11','e81f6d5a-d28d-4aea-9771-ca26ef984530',NULL,'Lab Fee','academic',2000.00,2000.00,0.00,0.00,'2025-07-15','Paid',NULL,'d9302ee9-4527-4964-8616-7cf54fd62cea','{}','2026-05-27 23:33:33','2026-05-27 23:45:33',1,NULL,NULL,'99bf6ed3-bf5b-4b8e-9f02-46c192c410cc',NULL,'659a72a6-284a-4b1b-b460-018096237cb9'),('491598d9-1ca9-4402-86f3-87b92cf96f11','ff8d12ed-6489-43dd-b2b1-88c02d42f826',NULL,'Tuition Fee','academic',5000.00,5000.00,0.00,0.00,'2025-10-10','Paid',NULL,'d980a869-f2ba-432f-b72f-278640d34ae8','{}','2026-05-27 23:33:30','2026-05-27 23:36:21',1,NULL,NULL,'99bf6ed3-bf5b-4b8e-9f02-46c192c410cc',NULL,'659a72a6-284a-4b1b-b460-018096237cb9'),('491598d9-1ca9-4402-86f3-87b92cf96f11','21a9a63c-efc4-4459-b072-61b898412a5a',NULL,'Tuition Fee','academic',5500.00,5500.00,0.00,0.00,'2025-10-10','Paid',NULL,'d9b7e85d-79b6-4ad6-b426-87893c51afca','{}','2026-05-27 23:33:31','2026-05-27 23:36:22',1,NULL,NULL,'99bf6ed3-bf5b-4b8e-9f02-46c192c410cc',NULL,'659a72a6-284a-4b1b-b460-018096237cb9'),('491598d9-1ca9-4402-86f3-87b92cf96f11','96cc2aff-1541-447c-8d31-35c2f80d4428',NULL,'Tuition Fee','academic',5500.00,0.00,5500.00,0.00,'2025-11-10','Pending',NULL,'da1010e2-9a1f-4535-b67a-8168f7e1ff41','{}','2026-05-27 23:33:31','2026-05-27 23:33:31',1,NULL,NULL,'99bf6ed3-bf5b-4b8e-9f02-46c192c410cc',NULL,'659a72a6-284a-4b1b-b460-018096237cb9'),('491598d9-1ca9-4402-86f3-87b92cf96f11','d1ca8baf-ef87-4b9a-84fc-694cde5ad95f',NULL,'Lab Fee','academic',2000.00,2000.00,0.00,0.00,'2025-07-15','Paid',NULL,'db98122d-27a6-4360-9f92-981e585b230b','{}','2026-05-27 23:33:34','2026-05-27 23:45:33',1,NULL,NULL,'99bf6ed3-bf5b-4b8e-9f02-46c192c410cc',NULL,'659a72a6-284a-4b1b-b460-018096237cb9'),('491598d9-1ca9-4402-86f3-87b92cf96f11','467b52aa-b799-43d5-b6cc-ca9f96b7a907',NULL,'Tuition Fee','academic',5500.00,5500.00,0.00,0.00,'2025-09-10','Paid',NULL,'dc07fe34-a086-42de-8307-5ac482082233','{}','2026-05-27 23:33:30','2026-05-27 23:36:56',1,NULL,NULL,'99bf6ed3-bf5b-4b8e-9f02-46c192c410cc',NULL,'659a72a6-284a-4b1b-b460-018096237cb9'),('491598d9-1ca9-4402-86f3-87b92cf96f11','b656d8da-0176-43e6-b53d-0cb4c7bab509',NULL,'Tuition Fee','academic',5500.00,0.00,5500.00,0.00,'2025-11-10','Pending',NULL,'dcbfde71-f526-48f8-a4a3-6b42a529c52d','{}','2026-05-27 23:33:31','2026-05-27 23:33:31',1,NULL,NULL,'99bf6ed3-bf5b-4b8e-9f02-46c192c410cc',NULL,'659a72a6-284a-4b1b-b460-018096237cb9'),('491598d9-1ca9-4402-86f3-87b92cf96f11','4297c48a-a425-4828-961d-1e09369bda04',NULL,'Tuition Fee','academic',5000.00,5000.00,0.00,0.00,'2025-10-10','Paid',NULL,'dd917835-c2e9-4b63-b5a3-85cd12a1907a','{}','2026-05-27 23:33:29','2026-05-27 23:36:21',1,NULL,NULL,'99bf6ed3-bf5b-4b8e-9f02-46c192c410cc',NULL,'659a72a6-284a-4b1b-b460-018096237cb9'),('491598d9-1ca9-4402-86f3-87b92cf96f11','b49b38e9-9c3a-4e52-bd02-51854bd4e9a4',NULL,'Tuition Fee','academic',6000.00,6000.00,0.00,0.00,'2025-10-10','Paid',NULL,'ddf95ac7-969d-4b6c-a5b8-f865fac11830','{}','2026-05-27 23:33:33','2026-05-27 23:36:21',1,NULL,NULL,'99bf6ed3-bf5b-4b8e-9f02-46c192c410cc',NULL,'659a72a6-284a-4b1b-b460-018096237cb9'),('491598d9-1ca9-4402-86f3-87b92cf96f11','3d673b0c-d001-4212-883d-20963cdfb164',NULL,'Lab Fee','academic',2000.00,2000.00,0.00,0.00,'2025-07-15','Paid',NULL,'de4ad473-8eb4-42e1-91f8-aeb297149927','{}','2026-05-27 23:33:33','2026-05-27 23:45:33',1,NULL,NULL,'99bf6ed3-bf5b-4b8e-9f02-46c192c410cc',NULL,'659a72a6-284a-4b1b-b460-018096237cb9'),('491598d9-1ca9-4402-86f3-87b92cf96f11','42e817b5-8abc-43aa-8a80-3e98221c4ab6',NULL,'Tuition Fee','academic',5000.00,5000.00,0.00,0.00,'2025-08-10','Paid',NULL,'de786894-67ed-4424-95e9-f6c7584aa024','{}','2026-05-27 23:33:29','2026-05-27 23:45:43',1,NULL,NULL,'99bf6ed3-bf5b-4b8e-9f02-46c192c410cc',NULL,'659a72a6-284a-4b1b-b460-018096237cb9'),('491598d9-1ca9-4402-86f3-87b92cf96f11','a81dcd18-15ed-467b-8583-60cbf3665752',NULL,'Transport Fee','transport',3000.00,3000.00,0.00,0.00,'2025-07-10','Paid',NULL,'dea730a1-97ab-4cac-a2f6-fa52b96b85d2','{}','2026-05-27 23:33:34','2026-05-27 23:45:41',1,NULL,NULL,'99bf6ed3-bf5b-4b8e-9f02-46c192c410cc',NULL,'659a72a6-284a-4b1b-b460-018096237cb9'),('491598d9-1ca9-4402-86f3-87b92cf96f11','42e817b5-8abc-43aa-8a80-3e98221c4ab6',NULL,'Exam Fee','academic',500.00,0.00,500.00,0.00,'2026-03-15','Pending',NULL,'e07499ca-9feb-42ea-8349-b091b759f17c','{}','2026-05-28 01:08:52','2026-05-28 01:08:52',1,NULL,NULL,'99bf6ed3-bf5b-4b8e-9f02-46c192c410cc',NULL,'659a72a6-284a-4b1b-b460-018096237cb9'),('491598d9-1ca9-4402-86f3-87b92cf96f11','c8bc6088-83de-4c0a-9260-70f8bd66b5a5',NULL,'Tuition Fee','academic',5000.00,0.00,5000.00,0.00,'2025-10-10','Pending',NULL,'e09a3792-9435-45f6-8648-90b875e9eae5','{}','2026-05-27 23:33:29','2026-05-27 23:33:29',1,NULL,NULL,'99bf6ed3-bf5b-4b8e-9f02-46c192c410cc',NULL,'659a72a6-284a-4b1b-b460-018096237cb9'),('491598d9-1ca9-4402-86f3-87b92cf96f11','35fee766-a623-4c7f-acd1-aad490913162',NULL,'Tuition Fee','academic',5000.00,5000.00,0.00,0.00,'2025-08-10','Paid',NULL,'e4250a01-d3d5-4ee1-ac43-d9b9e8748296','{}','2026-05-27 23:33:29','2026-05-27 23:45:43',1,NULL,NULL,'99bf6ed3-bf5b-4b8e-9f02-46c192c410cc',NULL,'659a72a6-284a-4b1b-b460-018096237cb9'),('491598d9-1ca9-4402-86f3-87b92cf96f11','fda271fc-dbcf-4c98-b58d-26f61c4da45f',NULL,'Tuition Fee','academic',6000.00,0.00,6000.00,0.00,'2025-11-10','Pending',NULL,'e432a39d-f3c2-4de9-92db-e7bec412ff1f','{}','2026-05-27 23:33:32','2026-05-27 23:33:32',1,NULL,NULL,'99bf6ed3-bf5b-4b8e-9f02-46c192c410cc',NULL,'659a72a6-284a-4b1b-b460-018096237cb9'),('491598d9-1ca9-4402-86f3-87b92cf96f11','c25eb5ef-cb17-4022-8883-b20ef32ec981',NULL,'Tuition Fee','academic',6000.00,0.00,6000.00,0.00,'2025-10-10','Pending',NULL,'e4892055-fe3a-4d7e-be3d-991ab12fed8a','{}','2026-05-27 23:33:32','2026-05-27 23:33:32',1,NULL,NULL,'99bf6ed3-bf5b-4b8e-9f02-46c192c410cc',NULL,'659a72a6-284a-4b1b-b460-018096237cb9'),('491598d9-1ca9-4402-86f3-87b92cf96f11','6bc40a80-af77-4da5-b009-098e08d37281',NULL,'Tuition Fee','academic',5500.00,0.00,5500.00,0.00,'2025-11-10','Pending',NULL,'e4d4b062-419a-4bea-974d-e82626f0e46b','{}','2026-05-27 23:33:31','2026-05-27 23:33:31',1,NULL,NULL,'99bf6ed3-bf5b-4b8e-9f02-46c192c410cc',NULL,'659a72a6-284a-4b1b-b460-018096237cb9'),('491598d9-1ca9-4402-86f3-87b92cf96f11','0e9e1858-b649-4961-8e79-561f6e058836',NULL,'Lab Fee','academic',2000.00,2000.00,0.00,0.00,'2025-07-15','Paid',NULL,'e5804161-2061-4bb6-b554-e48ebfb6eb67','{}','2026-05-27 23:33:34','2026-05-27 23:45:33',1,NULL,NULL,'99bf6ed3-bf5b-4b8e-9f02-46c192c410cc',NULL,'659a72a6-284a-4b1b-b460-018096237cb9'),('491598d9-1ca9-4402-86f3-87b92cf96f11','21a9a63c-efc4-4459-b072-61b898412a5a',NULL,'Tuition Fee','academic',5500.00,5500.00,0.00,0.00,'2025-07-10','Paid',NULL,'e5e4c099-4d2a-4d51-9a7e-9cfe914e9f7a','{}','2026-05-27 23:33:31','2026-05-27 23:45:41',1,NULL,NULL,'99bf6ed3-bf5b-4b8e-9f02-46c192c410cc',NULL,'659a72a6-284a-4b1b-b460-018096237cb9'),('491598d9-1ca9-4402-86f3-87b92cf96f11','1f84a410-f76c-48e6-bd71-dde6983af906',NULL,'Tuition Fee','academic',6000.00,0.00,6000.00,0.00,'2025-10-10','Pending',NULL,'e723c416-a143-4c86-b8e6-dd5f637133e5','{}','2026-05-27 23:33:33','2026-05-27 23:33:33',1,NULL,NULL,'99bf6ed3-bf5b-4b8e-9f02-46c192c410cc',NULL,'659a72a6-284a-4b1b-b460-018096237cb9'),('491598d9-1ca9-4402-86f3-87b92cf96f11','c590e7e3-c666-4da3-8a68-91f07dbbbadf',NULL,'Tuition Fee','academic',5500.00,5500.00,0.00,0.00,'2025-07-10','Paid',NULL,'e80b5c6c-4435-4ca7-93ae-3cfcf0b522fe','{}','2026-05-27 23:33:30','2026-05-27 23:45:42',1,NULL,NULL,'99bf6ed3-bf5b-4b8e-9f02-46c192c410cc',NULL,'659a72a6-284a-4b1b-b460-018096237cb9'),('491598d9-1ca9-4402-86f3-87b92cf96f11','912f3a07-2523-455d-b4b8-d2c8096b8b33',NULL,'Tuition Fee','academic',6000.00,0.00,6000.00,0.00,'2025-10-10','Pending',NULL,'e8aa031b-f009-42e5-bb80-3be373bd09f3','{}','2026-05-27 23:33:32','2026-05-27 23:33:32',1,NULL,NULL,'99bf6ed3-bf5b-4b8e-9f02-46c192c410cc',NULL,'659a72a6-284a-4b1b-b460-018096237cb9'),('491598d9-1ca9-4402-86f3-87b92cf96f11','01fbc26d-95b1-43be-b42a-6dd602973499',NULL,'Tuition Fee','academic',6000.00,6000.00,0.00,0.00,'2025-09-10','Paid',NULL,'e9018b16-d7a5-4006-a1a6-07b83ce14c19','{}','2026-05-27 23:33:32','2026-05-27 23:36:57',1,NULL,NULL,'99bf6ed3-bf5b-4b8e-9f02-46c192c410cc',NULL,'659a72a6-284a-4b1b-b460-018096237cb9'),('491598d9-1ca9-4402-86f3-87b92cf96f11','c590e7e3-c666-4da3-8a68-91f07dbbbadf',NULL,'Tuition Fee','academic',5500.00,5500.00,0.00,0.00,'2025-10-10','Paid',NULL,'e9df698e-f454-4777-94f8-685345df257e','{}','2026-05-27 23:33:30','2026-05-27 23:36:22',1,NULL,NULL,'99bf6ed3-bf5b-4b8e-9f02-46c192c410cc',NULL,'659a72a6-284a-4b1b-b460-018096237cb9'),('491598d9-1ca9-4402-86f3-87b92cf96f11','4a81aff3-2e60-460f-98e1-fd7afc013c21',NULL,'Transport Fee','transport',3000.00,3000.00,0.00,0.00,'2025-07-10','Paid',NULL,'ea53717f-a2c5-45ac-b9e2-c816055a8a8c','{}','2026-05-27 23:33:34','2026-05-27 23:45:42',1,NULL,NULL,'99bf6ed3-bf5b-4b8e-9f02-46c192c410cc',NULL,'659a72a6-284a-4b1b-b460-018096237cb9'),('491598d9-1ca9-4402-86f3-87b92cf96f11','21a9a63c-efc4-4459-b072-61b898412a5a',NULL,'Tuition Fee','academic',5500.00,5500.00,0.00,0.00,'2025-08-10','Paid',NULL,'ebac471c-4219-41f0-8c44-3ce219d05362','{}','2026-05-27 23:33:31','2026-05-27 23:45:42',1,NULL,NULL,'99bf6ed3-bf5b-4b8e-9f02-46c192c410cc',NULL,'659a72a6-284a-4b1b-b460-018096237cb9'),('491598d9-1ca9-4402-86f3-87b92cf96f11','743e944a-3b70-4df6-bdb2-c5b6eb0ff9e8',NULL,'Exam Fee','academic',500.00,0.00,500.00,0.00,'2026-03-15','Pending',NULL,'edf2ed31-14c8-47df-b3db-8ec933eb33bd','{}','2026-05-28 01:08:52','2026-05-28 01:08:52',1,NULL,NULL,'99bf6ed3-bf5b-4b8e-9f02-46c192c410cc',NULL,'659a72a6-284a-4b1b-b460-018096237cb9'),('491598d9-1ca9-4402-86f3-87b92cf96f11','3d673b0c-d001-4212-883d-20963cdfb164',NULL,'Transport Fee','transport',3000.00,3000.00,0.00,0.00,'2025-07-10','Paid',NULL,'f03c6b64-826b-4f69-9816-b717aea17498','{}','2026-05-27 23:33:34','2026-05-27 23:45:42',1,NULL,NULL,'99bf6ed3-bf5b-4b8e-9f02-46c192c410cc',NULL,'659a72a6-284a-4b1b-b460-018096237cb9'),('491598d9-1ca9-4402-86f3-87b92cf96f11','718e064c-26d8-4d8e-8bbb-fcebd31f70b1',NULL,'Exam Fee','academic',500.00,0.00,500.00,0.00,'2026-03-15','Pending',NULL,'f4a3b02a-0c84-40e1-b9ae-d912b243850d','{}','2026-05-28 01:08:52','2026-05-28 01:08:52',1,NULL,NULL,'99bf6ed3-bf5b-4b8e-9f02-46c192c410cc',NULL,'659a72a6-284a-4b1b-b460-018096237cb9'),('491598d9-1ca9-4402-86f3-87b92cf96f11','c590e7e3-c666-4da3-8a68-91f07dbbbadf',NULL,'Tuition Fee','academic',5500.00,5500.00,0.00,0.00,'2025-08-10','Paid',NULL,'f4ecd443-7e31-4b52-9751-8b70b207bb0a','{}','2026-05-27 23:33:30','2026-05-27 23:44:56',1,NULL,NULL,'99bf6ed3-bf5b-4b8e-9f02-46c192c410cc',NULL,'659a72a6-284a-4b1b-b460-018096237cb9'),('491598d9-1ca9-4402-86f3-87b92cf96f11','c25eb5ef-cb17-4022-8883-b20ef32ec981',NULL,'Tuition Fee','academic',6000.00,0.00,6000.00,0.00,'2025-11-10','Pending',NULL,'f556eb4e-e2c1-4e60-a981-be12344b0c85','{}','2026-05-27 23:33:32','2026-05-27 23:33:32',1,NULL,NULL,'99bf6ed3-bf5b-4b8e-9f02-46c192c410cc',NULL,'659a72a6-284a-4b1b-b460-018096237cb9'),('491598d9-1ca9-4402-86f3-87b92cf96f11','b49b38e9-9c3a-4e52-bd02-51854bd4e9a4',NULL,'Tuition Fee','academic',6000.00,6000.00,0.00,0.00,'2025-08-10','Paid',NULL,'f7a0888f-d1a1-4ccf-8dea-d122e0f70644','{}','2026-05-27 23:33:32','2026-05-27 23:44:56',1,NULL,NULL,'99bf6ed3-bf5b-4b8e-9f02-46c192c410cc',NULL,'659a72a6-284a-4b1b-b460-018096237cb9'),('491598d9-1ca9-4402-86f3-87b92cf96f11','a8cc521b-8de9-42c5-8500-6c7c0638d050',NULL,'Tuition Fee','academic',5500.00,5500.00,0.00,0.00,'2025-10-10','Paid',NULL,'f7bae746-8136-405f-9208-44e3bb769d8e','{}','2026-05-27 23:33:30','2026-05-27 23:36:22',1,NULL,NULL,'99bf6ed3-bf5b-4b8e-9f02-46c192c410cc',NULL,'659a72a6-284a-4b1b-b460-018096237cb9'),('491598d9-1ca9-4402-86f3-87b92cf96f11','d1ca8baf-ef87-4b9a-84fc-694cde5ad95f',NULL,'Tuition Fee','academic',5500.00,0.00,5500.00,0.00,'2025-10-10','Pending',NULL,'f8d3b554-c0a1-4657-acf1-89eb9a211654','{}','2026-05-27 23:33:31','2026-05-27 23:33:31',1,NULL,NULL,'99bf6ed3-bf5b-4b8e-9f02-46c192c410cc',NULL,'659a72a6-284a-4b1b-b460-018096237cb9'),('491598d9-1ca9-4402-86f3-87b92cf96f11','e77aeb23-e06c-4060-940b-e98c6076ae15',NULL,'Transport Fee','transport',3000.00,3000.00,0.00,0.00,'2025-07-10','Paid',NULL,'f928594b-bcab-4f0f-acc9-dbee95da0306','{}','2026-05-27 23:33:34','2026-05-27 23:45:42',1,NULL,NULL,'99bf6ed3-bf5b-4b8e-9f02-46c192c410cc',NULL,'659a72a6-284a-4b1b-b460-018096237cb9'),('491598d9-1ca9-4402-86f3-87b92cf96f11','912f3a07-2523-455d-b4b8-d2c8096b8b33',NULL,'Lab Fee','academic',2000.00,2000.00,0.00,0.00,'2025-07-15','Paid',NULL,'f96e0737-8a7e-4a33-b24d-53c209da8442','{}','2026-05-27 23:33:34','2026-05-27 23:45:33',1,NULL,NULL,'99bf6ed3-bf5b-4b8e-9f02-46c192c410cc',NULL,'659a72a6-284a-4b1b-b460-018096237cb9'),('491598d9-1ca9-4402-86f3-87b92cf96f11','2035c178-1855-41c2-b078-20f6ff65dec8',NULL,'Tuition Fee','academic',6000.00,0.00,6000.00,0.00,'2025-10-10','Pending',NULL,'f99f5a97-7a49-4b6a-baff-e333c4fe379a','{}','2026-05-27 23:33:33','2026-05-27 23:33:33',1,NULL,NULL,'99bf6ed3-bf5b-4b8e-9f02-46c192c410cc',NULL,'659a72a6-284a-4b1b-b460-018096237cb9'),('491598d9-1ca9-4402-86f3-87b92cf96f11','0a3f6d58-7348-4c37-ab09-ebe0238a3b1f',NULL,'Tuition Fee','academic',5000.00,5000.00,0.00,0.00,'2025-09-10','Paid',NULL,'f9e17f3d-c343-413f-b1b5-cf8ea2aec7ba','{}','2026-05-27 23:33:30','2026-05-27 23:36:54',1,NULL,NULL,'99bf6ed3-bf5b-4b8e-9f02-46c192c410cc',NULL,'659a72a6-284a-4b1b-b460-018096237cb9'),('491598d9-1ca9-4402-86f3-87b92cf96f11','0b3004ca-b328-415d-aa9f-c57a6a091f5d',NULL,'Tuition Fee','academic',6000.00,6000.00,0.00,0.00,'2025-08-10','Paid',NULL,'fa3a1b6e-091d-4f0c-85e2-69fdf6012b8c','{}','2026-05-27 23:33:32','2026-05-27 23:44:55',1,NULL,NULL,'99bf6ed3-bf5b-4b8e-9f02-46c192c410cc',NULL,'659a72a6-284a-4b1b-b460-018096237cb9'),('491598d9-1ca9-4402-86f3-87b92cf96f11','dac10e09-9beb-4354-afaf-4f4bd6dc23a6',NULL,'Tuition Fee','academic',5000.00,5000.00,0.00,0.00,'2025-09-10','Paid',NULL,'fa4989e1-f0ec-4c9f-b001-a638e8c628d2','{}','2026-05-27 23:33:30','2026-05-27 23:36:54',1,NULL,NULL,'99bf6ed3-bf5b-4b8e-9f02-46c192c410cc',NULL,'659a72a6-284a-4b1b-b460-018096237cb9'),('491598d9-1ca9-4402-86f3-87b92cf96f11','b12b3e5a-18da-483b-8c63-30e1ee23f84a',NULL,'Tuition Fee','academic',6000.00,6000.00,0.00,0.00,'2025-10-10','Paid',NULL,'fac8a90a-88e8-433c-8dfd-7a9f00032992','{}','2026-05-27 23:33:33','2026-05-27 23:36:24',1,NULL,NULL,'99bf6ed3-bf5b-4b8e-9f02-46c192c410cc',NULL,'659a72a6-284a-4b1b-b460-018096237cb9'),('491598d9-1ca9-4402-86f3-87b92cf96f11','fea91fe4-40b6-422d-b549-b4089cc7223d',NULL,'Tuition Fee','academic',5500.00,0.00,5500.00,0.00,'2025-11-10','Pending',NULL,'fd41bc85-36a4-41b5-9764-e77994856d16','{}','2026-05-27 23:33:31','2026-05-27 23:33:31',1,NULL,NULL,'99bf6ed3-bf5b-4b8e-9f02-46c192c410cc',NULL,'659a72a6-284a-4b1b-b460-018096237cb9'),('491598d9-1ca9-4402-86f3-87b92cf96f11','e77aeb23-e06c-4060-940b-e98c6076ae15',NULL,'Lab Fee','academic',2000.00,2000.00,0.00,0.00,'2025-07-15','Paid',NULL,'fdc17408-7ae8-406f-a3cc-d4fbfb8160b3','{}','2026-05-27 23:33:33','2026-05-27 23:45:33',1,NULL,NULL,'99bf6ed3-bf5b-4b8e-9f02-46c192c410cc',NULL,'659a72a6-284a-4b1b-b460-018096237cb9'),('491598d9-1ca9-4402-86f3-87b92cf96f11','d1ca8baf-ef87-4b9a-84fc-694cde5ad95f',NULL,'Tuition Fee','academic',5500.00,5500.00,0.00,0.00,'2025-07-10','Paid',NULL,'fe9a7221-25f3-4f14-ba84-61bb46e7adc1','{}','2026-05-27 23:33:31','2026-05-27 23:45:42',1,NULL,NULL,'99bf6ed3-bf5b-4b8e-9f02-46c192c410cc',NULL,'659a72a6-284a-4b1b-b460-018096237cb9'),('491598d9-1ca9-4402-86f3-87b92cf96f11','e77aeb23-e06c-4060-940b-e98c6076ae15',NULL,'Tuition Fee','academic',5000.00,5000.00,0.00,0.00,'2025-07-10','Paid',NULL,'ffbd0294-95bb-446f-b12d-372b3ddf2cdd','{}','2026-05-27 23:33:29','2026-05-27 23:45:42',1,NULL,NULL,'99bf6ed3-bf5b-4b8e-9f02-46c192c410cc',NULL,'659a72a6-284a-4b1b-b460-018096237cb9');
/*!40000 ALTER TABLE `fee_records` ENABLE KEYS */;
UNLOCK TABLES;

--
-- Table structure for table `fee_reminders`
--

DROP TABLE IF EXISTS `fee_reminders`;
/*!40101 SET @saved_cs_client     = @@character_set_client */;
/*!50503 SET character_set_client = utf8mb4 */;
CREATE TABLE `fee_reminders` (
  `academic_year_id` char(36) CHARACTER SET utf8mb4 COLLATE utf8mb4_unicode_ci NOT NULL,
  `target_group` varchar(20) CHARACTER SET utf8mb4 COLLATE utf8mb4_unicode_ci NOT NULL,
  `class_name` varchar(50) CHARACTER SET utf8mb4 COLLATE utf8mb4_unicode_ci DEFAULT NULL,
  `section` varchar(10) CHARACTER SET utf8mb4 COLLATE utf8mb4_unicode_ci DEFAULT NULL,
  `message` text CHARACTER SET utf8mb4 COLLATE utf8mb4_unicode_ci NOT NULL,
  `send_via` varchar(20) CHARACTER SET utf8mb4 COLLATE utf8mb4_unicode_ci NOT NULL,
  `sent_to_count` int NOT NULL,
  `sent_by` char(36) CHARACTER SET utf8mb4 COLLATE utf8mb4_unicode_ci NOT NULL,
  `sent_at` datetime NOT NULL,
  `id` char(36) CHARACTER SET utf8mb4 COLLATE utf8mb4_unicode_ci NOT NULL,
  `metadata` json NOT NULL,
  `created_at` datetime NOT NULL DEFAULT (now()),
  `updated_at` datetime NOT NULL DEFAULT (now()),
  `is_active` tinyint(1) NOT NULL,
  `deleted_at` datetime DEFAULT NULL,
  `deleted_by` char(36) CHARACTER SET utf8mb4 COLLATE utf8mb4_unicode_ci DEFAULT NULL,
  `created_by` char(36) CHARACTER SET utf8mb4 COLLATE utf8mb4_unicode_ci DEFAULT NULL,
  `updated_by` char(36) CHARACTER SET utf8mb4 COLLATE utf8mb4_unicode_ci DEFAULT NULL,
  `school_id` char(36) CHARACTER SET utf8mb4 COLLATE utf8mb4_unicode_ci NOT NULL,
  PRIMARY KEY (`id`),
  KEY `fk_fee_reminders_academic_year_id_academic_years` (`academic_year_id`),
  KEY `fk_fee_reminders_sent_by_users` (`sent_by`),
  KEY `idx_fee_reminders_year` (`school_id`,`academic_year_id`),
  KEY `ix_fee_reminders_school_id` (`school_id`),
  KEY `ix_fee_reminders_is_active` (`is_active`),
  KEY `idx_fee_reminders_sent` (`school_id`,`sent_at`),
  CONSTRAINT `fk_fee_reminders_academic_year_id_academic_years` FOREIGN KEY (`academic_year_id`) REFERENCES `academic_years` (`id`),
  CONSTRAINT `fk_fee_reminders_school_id_schools` FOREIGN KEY (`school_id`) REFERENCES `schools` (`id`),
  CONSTRAINT `fk_fee_reminders_sent_by_users` FOREIGN KEY (`sent_by`) REFERENCES `users` (`id`)
) ENGINE=InnoDB DEFAULT CHARSET=utf8mb4 COLLATE=utf8mb4_unicode_ci;
/*!40101 SET character_set_client = @saved_cs_client */;

--
-- Dumping data for table `fee_reminders`
--

LOCK TABLES `fee_reminders` WRITE;
/*!40000 ALTER TABLE `fee_reminders` DISABLE KEYS */;
INSERT INTO `fee_reminders` VALUES ('491598d9-1ca9-4402-86f3-87b92cf96f11','class','8','A','November fees are overdue. Please pay immediately to avoid late charges.','in_app',52,'99bf6ed3-bf5b-4b8e-9f02-46c192c410cc','2026-05-27 18:07:24','84ef280c-ae0d-4399-bb8b-1f23eb00ff9a','{}','2026-05-27 23:37:24','2026-05-27 23:37:24',1,NULL,NULL,'99bf6ed3-bf5b-4b8e-9f02-46c192c410cc',NULL,'659a72a6-284a-4b1b-b460-018096237cb9');
/*!40000 ALTER TABLE `fee_reminders` ENABLE KEYS */;
UNLOCK TABLES;

--
-- Table structure for table `fee_structures`
--

DROP TABLE IF EXISTS `fee_structures`;
/*!40101 SET @saved_cs_client     = @@character_set_client */;
/*!50503 SET character_set_client = utf8mb4 */;
CREATE TABLE `fee_structures` (
  `academic_year_id` char(36) CHARACTER SET utf8mb4 COLLATE utf8mb4_unicode_ci NOT NULL,
  `class_section_id` char(36) CHARACTER SET utf8mb4 COLLATE utf8mb4_unicode_ci DEFAULT NULL,
  `fee_type` varchar(50) CHARACTER SET utf8mb4 COLLATE utf8mb4_unicode_ci NOT NULL,
  `fee_category` varchar(20) CHARACTER SET utf8mb4 COLLATE utf8mb4_unicode_ci NOT NULL,
  `amount` decimal(10,2) NOT NULL,
  `frequency` varchar(30) CHARACTER SET utf8mb4 COLLATE utf8mb4_unicode_ci NOT NULL,
  `id` char(36) CHARACTER SET utf8mb4 COLLATE utf8mb4_unicode_ci NOT NULL,
  `metadata` json NOT NULL,
  `created_at` datetime NOT NULL DEFAULT (now()),
  `updated_at` datetime NOT NULL DEFAULT (now()),
  `is_active` tinyint(1) NOT NULL,
  `deleted_at` datetime DEFAULT NULL,
  `deleted_by` char(36) CHARACTER SET utf8mb4 COLLATE utf8mb4_unicode_ci DEFAULT NULL,
  `created_by` char(36) CHARACTER SET utf8mb4 COLLATE utf8mb4_unicode_ci DEFAULT NULL,
  `updated_by` char(36) CHARACTER SET utf8mb4 COLLATE utf8mb4_unicode_ci DEFAULT NULL,
  `school_id` char(36) CHARACTER SET utf8mb4 COLLATE utf8mb4_unicode_ci NOT NULL,
  PRIMARY KEY (`id`),
  UNIQUE KEY `uq_fee_structures_year_class_type` (`school_id`,`academic_year_id`,`class_section_id`,`fee_type`),
  KEY `fk_fee_structures_academic_year_id_academic_years` (`academic_year_id`),
  KEY `ix_fee_structures_is_active` (`is_active`),
  KEY `idx_fee_structures_year` (`school_id`,`academic_year_id`),
  KEY `ix_fee_structures_school_id` (`school_id`),
  KEY `idx_fee_structures_class` (`class_section_id`,`academic_year_id`),
  CONSTRAINT `fk_fee_structures_academic_year_id_academic_years` FOREIGN KEY (`academic_year_id`) REFERENCES `academic_years` (`id`),
  CONSTRAINT `fk_fee_structures_class_section_id_class_sections` FOREIGN KEY (`class_section_id`) REFERENCES `class_sections` (`id`),
  CONSTRAINT `fk_fee_structures_school_id_schools` FOREIGN KEY (`school_id`) REFERENCES `schools` (`id`)
) ENGINE=InnoDB DEFAULT CHARSET=utf8mb4 COLLATE=utf8mb4_unicode_ci;
/*!40101 SET character_set_client = @saved_cs_client */;

--
-- Dumping data for table `fee_structures`
--

LOCK TABLES `fee_structures` WRITE;
/*!40000 ALTER TABLE `fee_structures` DISABLE KEYS */;
INSERT INTO `fee_structures` VALUES ('491598d9-1ca9-4402-86f3-87b92cf96f11','09db56bb-57e7-4569-9086-fd2b2fa5ec5a','Lab Fee','academic',2000.00,'Quarterly','11bcd07f-0523-4a40-a2b5-d28faaeab6ee','{}','2026-05-27 22:34:50','2026-05-27 22:34:50',1,NULL,NULL,NULL,NULL,'659a72a6-284a-4b1b-b460-018096237cb9'),('491598d9-1ca9-4402-86f3-87b92cf96f11','09db56bb-57e7-4569-9086-fd2b2fa5ec5a','Tuition Fee','academic',5000.00,'Monthly','db3fc597-e7e5-4f7b-b437-13bf41f9a791','{}','2026-05-27 22:34:50','2026-05-27 22:34:50',1,NULL,NULL,NULL,NULL,'659a72a6-284a-4b1b-b460-018096237cb9'),('491598d9-1ca9-4402-86f3-87b92cf96f11','09db56bb-57e7-4569-9086-fd2b2fa5ec5a','Transport Fee','transport',3000.00,'Monthly','e62082fb-e786-4158-955c-b176c0a63c90','{}','2026-05-27 22:34:50','2026-05-27 22:34:50',1,NULL,NULL,NULL,NULL,'659a72a6-284a-4b1b-b460-018096237cb9');
/*!40000 ALTER TABLE `fee_structures` ENABLE KEYS */;
UNLOCK TABLES;

--
-- Table structure for table `grade_scales`
--

DROP TABLE IF EXISTS `grade_scales`;
/*!40101 SET @saved_cs_client     = @@character_set_client */;
/*!50503 SET character_set_client = utf8mb4 */;
CREATE TABLE `grade_scales` (
  `grade_system_id` char(36) CHARACTER SET utf8mb4 COLLATE utf8mb4_unicode_ci NOT NULL,
  `grade` varchar(10) CHARACTER SET utf8mb4 COLLATE utf8mb4_unicode_ci NOT NULL,
  `min_percentage` decimal(5,2) NOT NULL,
  `max_percentage` decimal(5,2) NOT NULL,
  `grade_point` decimal(3,1) DEFAULT NULL,
  `description` varchar(100) CHARACTER SET utf8mb4 COLLATE utf8mb4_unicode_ci DEFAULT NULL,
  `sort_order` int NOT NULL,
  `id` char(36) CHARACTER SET utf8mb4 COLLATE utf8mb4_unicode_ci NOT NULL,
  `metadata` json NOT NULL,
  `created_at` datetime NOT NULL DEFAULT (now()),
  `updated_at` datetime NOT NULL DEFAULT (now()),
  `is_active` tinyint(1) NOT NULL,
  `deleted_at` datetime DEFAULT NULL,
  `deleted_by` char(36) CHARACTER SET utf8mb4 COLLATE utf8mb4_unicode_ci DEFAULT NULL,
  `created_by` char(36) CHARACTER SET utf8mb4 COLLATE utf8mb4_unicode_ci DEFAULT NULL,
  `updated_by` char(36) CHARACTER SET utf8mb4 COLLATE utf8mb4_unicode_ci DEFAULT NULL,
  `school_id` char(36) CHARACTER SET utf8mb4 COLLATE utf8mb4_unicode_ci NOT NULL,
  PRIMARY KEY (`id`),
  UNIQUE KEY `uq_grade_scales_system_grade` (`school_id`,`grade_system_id`,`grade`),
  KEY `idx_grade_scales_system` (`grade_system_id`,`sort_order`),
  KEY `ix_grade_scales_school_id` (`school_id`),
  KEY `ix_grade_scales_is_active` (`is_active`),
  CONSTRAINT `fk_grade_scales_grade_system_id_grade_systems` FOREIGN KEY (`grade_system_id`) REFERENCES `grade_systems` (`id`) ON DELETE CASCADE,
  CONSTRAINT `fk_grade_scales_school_id_schools` FOREIGN KEY (`school_id`) REFERENCES `schools` (`id`)
) ENGINE=InnoDB DEFAULT CHARSET=utf8mb4 COLLATE=utf8mb4_unicode_ci;
/*!40101 SET character_set_client = @saved_cs_client */;

--
-- Dumping data for table `grade_scales`
--

LOCK TABLES `grade_scales` WRITE;
/*!40000 ALTER TABLE `grade_scales` DISABLE KEYS */;
INSERT INTO `grade_scales` VALUES ('29f687ef-c5dd-4aa1-8134-e30a9d4b8549','E',0.00,32.00,0.0,NULL,7,'21215652-0213-4f54-8ada-a53c673ff94f','{}','2026-05-27 22:34:50','2026-05-27 22:34:50',1,NULL,NULL,NULL,NULL,'659a72a6-284a-4b1b-b460-018096237cb9'),('29f687ef-c5dd-4aa1-8134-e30a9d4b8549','A2',81.00,90.00,9.0,NULL,1,'27e5fd4e-215d-4adc-9764-fc0b10cf2e97','{}','2026-05-27 22:34:50','2026-05-27 22:34:50',1,NULL,NULL,NULL,NULL,'659a72a6-284a-4b1b-b460-018096237cb9'),('29f687ef-c5dd-4aa1-8134-e30a9d4b8549','B1',71.00,80.00,8.0,NULL,2,'5afafd50-4f3d-48a2-9923-f6b5b037e40a','{}','2026-05-27 22:34:50','2026-05-27 22:34:50',1,NULL,NULL,NULL,NULL,'659a72a6-284a-4b1b-b460-018096237cb9'),('29f687ef-c5dd-4aa1-8134-e30a9d4b8549','D',33.00,40.00,4.0,NULL,6,'8e69999a-8f4c-4b20-a822-f3d3883b8b7b','{}','2026-05-27 22:34:50','2026-05-27 22:34:50',1,NULL,NULL,NULL,NULL,'659a72a6-284a-4b1b-b460-018096237cb9'),('29f687ef-c5dd-4aa1-8134-e30a9d4b8549','A1',91.00,100.00,10.0,NULL,0,'c9b6fff2-4117-4227-9606-46e537ff501c','{}','2026-05-27 22:34:50','2026-05-27 22:34:50',1,NULL,NULL,NULL,NULL,'659a72a6-284a-4b1b-b460-018096237cb9'),('29f687ef-c5dd-4aa1-8134-e30a9d4b8549','B2',61.00,70.00,7.0,NULL,3,'d23023d7-1768-4ee5-af47-6a041cb08356','{}','2026-05-27 22:34:50','2026-05-27 22:34:50',1,NULL,NULL,NULL,NULL,'659a72a6-284a-4b1b-b460-018096237cb9'),('29f687ef-c5dd-4aa1-8134-e30a9d4b8549','C1',51.00,60.00,6.0,NULL,4,'e7cf117b-826f-4045-a91a-2555ab19730b','{}','2026-05-27 22:34:50','2026-05-27 22:34:50',1,NULL,NULL,NULL,NULL,'659a72a6-284a-4b1b-b460-018096237cb9'),('29f687ef-c5dd-4aa1-8134-e30a9d4b8549','C2',41.00,50.00,5.0,NULL,5,'e8d587fe-1839-4352-b926-9439b70485c5','{}','2026-05-27 22:34:50','2026-05-27 22:34:50',1,NULL,NULL,NULL,NULL,'659a72a6-284a-4b1b-b460-018096237cb9');
/*!40000 ALTER TABLE `grade_scales` ENABLE KEYS */;
UNLOCK TABLES;

--
-- Table structure for table `grade_systems`
--

DROP TABLE IF EXISTS `grade_systems`;
/*!40101 SET @saved_cs_client     = @@character_set_client */;
/*!50503 SET character_set_client = utf8mb4 */;
CREATE TABLE `grade_systems` (
  `academic_year_id` char(36) CHARACTER SET utf8mb4 COLLATE utf8mb4_unicode_ci NOT NULL,
  `name` varchar(100) CHARACTER SET utf8mb4 COLLATE utf8mb4_unicode_ci NOT NULL,
  `is_default` tinyint(1) NOT NULL,
  `id` char(36) CHARACTER SET utf8mb4 COLLATE utf8mb4_unicode_ci NOT NULL,
  `metadata` json NOT NULL,
  `created_at` datetime NOT NULL DEFAULT (now()),
  `updated_at` datetime NOT NULL DEFAULT (now()),
  `is_active` tinyint(1) NOT NULL,
  `deleted_at` datetime DEFAULT NULL,
  `deleted_by` char(36) CHARACTER SET utf8mb4 COLLATE utf8mb4_unicode_ci DEFAULT NULL,
  `created_by` char(36) CHARACTER SET utf8mb4 COLLATE utf8mb4_unicode_ci DEFAULT NULL,
  `updated_by` char(36) CHARACTER SET utf8mb4 COLLATE utf8mb4_unicode_ci DEFAULT NULL,
  `school_id` char(36) CHARACTER SET utf8mb4 COLLATE utf8mb4_unicode_ci NOT NULL,
  PRIMARY KEY (`id`),
  UNIQUE KEY `uq_grade_systems_school_name` (`school_id`,`name`),
  KEY `fk_grade_systems_academic_year_id_academic_years` (`academic_year_id`),
  KEY `ix_grade_systems_school_id` (`school_id`),
  KEY `ix_grade_systems_is_active` (`is_active`),
  CONSTRAINT `fk_grade_systems_academic_year_id_academic_years` FOREIGN KEY (`academic_year_id`) REFERENCES `academic_years` (`id`),
  CONSTRAINT `fk_grade_systems_school_id_schools` FOREIGN KEY (`school_id`) REFERENCES `schools` (`id`)
) ENGINE=InnoDB DEFAULT CHARSET=utf8mb4 COLLATE=utf8mb4_unicode_ci;
/*!40101 SET character_set_client = @saved_cs_client */;

--
-- Dumping data for table `grade_systems`
--

LOCK TABLES `grade_systems` WRITE;
/*!40000 ALTER TABLE `grade_systems` DISABLE KEYS */;
INSERT INTO `grade_systems` VALUES ('491598d9-1ca9-4402-86f3-87b92cf96f11','CBSE Grading',1,'29f687ef-c5dd-4aa1-8134-e30a9d4b8549','{}','2026-05-27 22:34:50','2026-05-27 22:34:50',1,NULL,NULL,NULL,NULL,'659a72a6-284a-4b1b-b460-018096237cb9');
/*!40000 ALTER TABLE `grade_systems` ENABLE KEYS */;
UNLOCK TABLES;

--
-- Table structure for table `helpers`
--

DROP TABLE IF EXISTS `helpers`;
/*!40101 SET @saved_cs_client     = @@character_set_client */;
/*!50503 SET character_set_client = utf8mb4 */;
CREATE TABLE `helpers` (
  `helper_id` varchar(50) CHARACTER SET utf8mb4 COLLATE utf8mb4_unicode_ci NOT NULL,
  `full_name` varchar(255) CHARACTER SET utf8mb4 COLLATE utf8mb4_unicode_ci NOT NULL,
  `phone` varchar(20) CHARACTER SET utf8mb4 COLLATE utf8mb4_unicode_ci NOT NULL,
  `join_date` date DEFAULT NULL,
  `status` varchar(20) CHARACTER SET utf8mb4 COLLATE utf8mb4_unicode_ci NOT NULL DEFAULT 'Available',
  `id` char(36) CHARACTER SET utf8mb4 COLLATE utf8mb4_unicode_ci NOT NULL,
  `metadata` json NOT NULL,
  `created_at` datetime NOT NULL DEFAULT (now()),
  `updated_at` datetime NOT NULL DEFAULT (now()),
  `is_active` tinyint(1) NOT NULL,
  `deleted_at` datetime DEFAULT NULL,
  `deleted_by` char(36) CHARACTER SET utf8mb4 COLLATE utf8mb4_unicode_ci DEFAULT NULL,
  `created_by` char(36) CHARACTER SET utf8mb4 COLLATE utf8mb4_unicode_ci DEFAULT NULL,
  `updated_by` char(36) CHARACTER SET utf8mb4 COLLATE utf8mb4_unicode_ci DEFAULT NULL,
  `school_id` char(36) CHARACTER SET utf8mb4 COLLATE utf8mb4_unicode_ci NOT NULL,
  PRIMARY KEY (`id`),
  UNIQUE KEY `uq_helpers_school_helper_id` (`school_id`,`helper_id`),
  KEY `ix_helpers_is_active` (`is_active`),
  KEY `ix_helpers_school_id` (`school_id`),
  KEY `idx_helpers_status` (`school_id`,`status`),
  CONSTRAINT `fk_helpers_school_id_schools` FOREIGN KEY (`school_id`) REFERENCES `schools` (`id`)
) ENGINE=InnoDB DEFAULT CHARSET=utf8mb4 COLLATE=utf8mb4_unicode_ci;
/*!40101 SET character_set_client = @saved_cs_client */;

--
-- Dumping data for table `helpers`
--

LOCK TABLES `helpers` WRITE;
/*!40000 ALTER TABLE `helpers` DISABLE KEYS */;
INSERT INTO `helpers` VALUES ('HLP004','Geetha','+91-991000003',NULL,'Available','27ac378a-bdd7-4c5f-a27a-bce2b8c32bf5','{}','2026-05-27 22:34:51','2026-05-27 22:34:51',1,NULL,NULL,NULL,NULL,'659a72a6-284a-4b1b-b460-018096237cb9'),('HLP002','Savitri','+91-991000001',NULL,'Active','95bc6059-b585-4ba8-8d6d-ade2bb755158','{}','2026-05-27 22:34:51','2026-05-27 23:03:07',1,NULL,NULL,NULL,NULL,'659a72a6-284a-4b1b-b460-018096237cb9'),('HLP001','Lakshmi','+91-991000000',NULL,'Available','eb71860f-2464-4b9f-acac-d8d65642c0e3','{}','2026-05-27 22:34:51','2026-05-27 22:34:51',1,NULL,NULL,NULL,NULL,'659a72a6-284a-4b1b-b460-018096237cb9'),('HLP003','Kamala','+91-991000002',NULL,'Available','f126cb8b-54c4-4ac4-82a5-a76aaace9b89','{}','2026-05-27 22:34:51','2026-05-27 22:34:51',1,NULL,NULL,NULL,NULL,'659a72a6-284a-4b1b-b460-018096237cb9');
/*!40000 ALTER TABLE `helpers` ENABLE KEYS */;
UNLOCK TABLES;

--
-- Table structure for table `leave_applications`
--

DROP TABLE IF EXISTS `leave_applications`;
/*!40101 SET @saved_cs_client     = @@character_set_client */;
/*!50503 SET character_set_client = utf8mb4 */;
CREATE TABLE `leave_applications` (
  `academic_year_id` char(36) CHARACTER SET utf8mb4 COLLATE utf8mb4_unicode_ci NOT NULL,
  `staff_id` char(36) CHARACTER SET utf8mb4 COLLATE utf8mb4_unicode_ci NOT NULL,
  `leave_type` varchar(50) CHARACTER SET utf8mb4 COLLATE utf8mb4_unicode_ci NOT NULL,
  `from_date` date NOT NULL,
  `to_date` date NOT NULL,
  `days` decimal(4,1) NOT NULL,
  `is_half_day` tinyint(1) NOT NULL,
  `reason` text CHARACTER SET utf8mb4 COLLATE utf8mb4_unicode_ci NOT NULL,
  `status` varchar(20) CHARACTER SET utf8mb4 COLLATE utf8mb4_unicode_ci NOT NULL,
  `applied_on` datetime NOT NULL,
  `approved_by` char(36) CHARACTER SET utf8mb4 COLLATE utf8mb4_unicode_ci DEFAULT NULL,
  `approved_on` datetime DEFAULT NULL,
  `rejected_by` char(36) CHARACTER SET utf8mb4 COLLATE utf8mb4_unicode_ci DEFAULT NULL,
  `rejected_on` datetime DEFAULT NULL,
  `remarks` text CHARACTER SET utf8mb4 COLLATE utf8mb4_unicode_ci,
  `substitute_teacher_id` char(36) CHARACTER SET utf8mb4 COLLATE utf8mb4_unicode_ci DEFAULT NULL,
  `cancelled_on` datetime DEFAULT NULL,
  `id` char(36) CHARACTER SET utf8mb4 COLLATE utf8mb4_unicode_ci NOT NULL,
  `metadata` json NOT NULL,
  `created_at` datetime NOT NULL DEFAULT (now()),
  `updated_at` datetime NOT NULL DEFAULT (now()),
  `is_active` tinyint(1) NOT NULL,
  `deleted_at` datetime DEFAULT NULL,
  `deleted_by` char(36) CHARACTER SET utf8mb4 COLLATE utf8mb4_unicode_ci DEFAULT NULL,
  `created_by` char(36) CHARACTER SET utf8mb4 COLLATE utf8mb4_unicode_ci DEFAULT NULL,
  `updated_by` char(36) CHARACTER SET utf8mb4 COLLATE utf8mb4_unicode_ci DEFAULT NULL,
  `school_id` char(36) CHARACTER SET utf8mb4 COLLATE utf8mb4_unicode_ci NOT NULL,
  PRIMARY KEY (`id`),
  KEY `fk_leave_applications_academic_year_id_academic_years` (`academic_year_id`),
  KEY `fk_leave_applications_approved_by_users` (`approved_by`),
  KEY `fk_leave_applications_rejected_by_users` (`rejected_by`),
  KEY `fk_leave_applications_substitute_teacher_id_staff` (`substitute_teacher_id`),
  KEY `idx_leave_applications_status` (`school_id`,`academic_year_id`,`status`),
  KEY `ix_leave_applications_school_id` (`school_id`),
  KEY `ix_leave_applications_is_active` (`is_active`),
  KEY `idx_leave_applications_staff` (`staff_id`,`academic_year_id`),
  KEY `idx_leave_applications_dates` (`school_id`,`from_date`,`to_date`),
  CONSTRAINT `fk_leave_applications_academic_year_id_academic_years` FOREIGN KEY (`academic_year_id`) REFERENCES `academic_years` (`id`),
  CONSTRAINT `fk_leave_applications_approved_by_users` FOREIGN KEY (`approved_by`) REFERENCES `users` (`id`),
  CONSTRAINT `fk_leave_applications_rejected_by_users` FOREIGN KEY (`rejected_by`) REFERENCES `users` (`id`),
  CONSTRAINT `fk_leave_applications_school_id_schools` FOREIGN KEY (`school_id`) REFERENCES `schools` (`id`),
  CONSTRAINT `fk_leave_applications_staff_id_staff` FOREIGN KEY (`staff_id`) REFERENCES `staff` (`id`),
  CONSTRAINT `fk_leave_applications_substitute_teacher_id_staff` FOREIGN KEY (`substitute_teacher_id`) REFERENCES `staff` (`id`)
) ENGINE=InnoDB DEFAULT CHARSET=utf8mb4 COLLATE=utf8mb4_unicode_ci;
/*!40101 SET character_set_client = @saved_cs_client */;

--
-- Dumping data for table `leave_applications`
--

LOCK TABLES `leave_applications` WRITE;
/*!40000 ALTER TABLE `leave_applications` DISABLE KEYS */;
INSERT INTO `leave_applications` VALUES ('491598d9-1ca9-4402-86f3-87b92cf96f11','639dbabd-3949-40c2-9f62-e0f517926145','Earned Leave','2025-07-20','2025-07-22',3.0,0,'Personal work','Approved','2025-07-17 10:00:00',NULL,NULL,NULL,NULL,NULL,NULL,NULL,'0277b5db-9379-4ca6-a5e5-060d9f539328','{}','2026-05-27 22:34:51','2026-05-27 22:34:51',1,NULL,NULL,NULL,NULL,'659a72a6-284a-4b1b-b460-018096237cb9'),('491598d9-1ca9-4402-86f3-87b92cf96f11','a2ccc78c-972b-4b82-9a5c-21317170b66e','Sick Leave','2025-07-17','2025-07-17',1.0,0,'Medical appointment','Approved','2025-07-14 10:00:00',NULL,NULL,NULL,NULL,NULL,NULL,NULL,'028aea9d-24ea-4bde-9fab-0718847dae97','{}','2026-05-27 22:34:51','2026-05-27 22:34:51',1,NULL,NULL,NULL,NULL,'659a72a6-284a-4b1b-b460-018096237cb9'),('491598d9-1ca9-4402-86f3-87b92cf96f11','9661495d-82cb-4b3d-b9fe-1505e81cb8f1','Sick Leave','2025-07-02','2025-07-02',1.0,0,'Wedding','Rejected','2025-07-01 10:00:00',NULL,NULL,NULL,NULL,NULL,NULL,NULL,'17afca23-a36d-4a62-9680-6eca5cebd974','{}','2026-05-27 22:34:51','2026-05-27 22:34:51',1,NULL,NULL,NULL,NULL,'659a72a6-284a-4b1b-b460-018096237cb9'),('491598d9-1ca9-4402-86f3-87b92cf96f11','639dbabd-3949-40c2-9f62-e0f517926145','Sick Leave','2025-11-05','2025-11-07',3.0,0,'Wedding','Rejected','2025-11-02 10:00:00',NULL,NULL,NULL,NULL,NULL,NULL,NULL,'1cb696c1-6710-4cb9-9917-fe159d1d0972','{}','2026-05-27 22:34:51','2026-05-27 22:34:51',1,NULL,NULL,NULL,NULL,'659a72a6-284a-4b1b-b460-018096237cb9'),('491598d9-1ca9-4402-86f3-87b92cf96f11','e229887b-ac9f-4890-ae67-03a625830892','Earned Leave','2025-11-08','2025-11-10',3.0,0,'Family function','Approved','2025-11-05 10:00:00','99bf6ed3-bf5b-4b8e-9f02-46c192c410cc','2026-05-27 17:35:52',NULL,NULL,NULL,NULL,NULL,'2d8bf7a6-4199-4f3d-8869-0d805ca8f55c','{}','2026-05-27 22:34:51','2026-05-27 23:05:51',1,NULL,NULL,NULL,NULL,'659a72a6-284a-4b1b-b460-018096237cb9'),('491598d9-1ca9-4402-86f3-87b92cf96f11','f396a99f-0859-4b1e-a8ec-8e2505cf09a0','Sick Leave','2025-07-13','2025-07-14',2.0,0,'Festival','Approved','2025-07-10 10:00:00',NULL,NULL,NULL,NULL,NULL,NULL,NULL,'38e684f6-2039-4731-8ff6-887f0cc12eb9','{}','2026-05-27 22:34:51','2026-05-27 22:34:51',1,NULL,NULL,NULL,NULL,'659a72a6-284a-4b1b-b460-018096237cb9'),('491598d9-1ca9-4402-86f3-87b92cf96f11','9661495d-82cb-4b3d-b9fe-1505e81cb8f1','Earned Leave','2025-09-18','2025-09-20',3.0,0,'Out of station','Approved','2025-09-15 10:00:00',NULL,NULL,NULL,NULL,NULL,NULL,NULL,'3b917073-01f1-4027-8f8d-9a49893672e5','{}','2026-05-27 22:34:51','2026-05-27 22:34:51',1,NULL,NULL,NULL,NULL,'659a72a6-284a-4b1b-b460-018096237cb9'),('491598d9-1ca9-4402-86f3-87b92cf96f11','f396a99f-0859-4b1e-a8ec-8e2505cf09a0','Earned Leave','2025-09-17','2025-09-19',3.0,0,'Family function','Approved','2025-09-14 10:00:00','99bf6ed3-bf5b-4b8e-9f02-46c192c410cc','2026-05-27 17:36:09',NULL,NULL,NULL,NULL,NULL,'46c036aa-3311-4420-8f89-2ef6f6ca22bd','{}','2026-05-27 22:34:51','2026-05-27 23:06:08',1,NULL,NULL,NULL,NULL,'659a72a6-284a-4b1b-b460-018096237cb9'),('491598d9-1ca9-4402-86f3-87b92cf96f11','8bf30c04-8545-4a08-b662-3d3625214638','Casual Leave','2025-07-15','2025-07-15',1.0,0,'Fever','Approved','2025-07-12 10:00:00','99bf6ed3-bf5b-4b8e-9f02-46c192c410cc','2026-05-27 18:46:20',NULL,NULL,NULL,NULL,NULL,'5097d7d8-4cf4-407a-b8d4-98e7dc0b31b4','{}','2026-05-27 22:34:51','2026-05-28 00:16:20',1,NULL,NULL,NULL,NULL,'659a72a6-284a-4b1b-b460-018096237cb9'),('491598d9-1ca9-4402-86f3-87b92cf96f11','a2ccc78c-972b-4b82-9a5c-21317170b66e','Earned Leave','2025-09-08','2025-09-10',3.0,0,'Personal work','Approved','2025-09-05 10:00:00',NULL,NULL,NULL,NULL,NULL,NULL,NULL,'62974a0a-e5a0-4aa1-b865-f327fe3e78e4','{}','2026-05-27 22:34:51','2026-05-27 22:34:51',1,NULL,NULL,NULL,NULL,'659a72a6-284a-4b1b-b460-018096237cb9'),('491598d9-1ca9-4402-86f3-87b92cf96f11','62be1cfe-da33-4140-b592-061cff00efad','Earned Leave','2025-07-18','2025-07-20',3.0,0,'Out of station','Approved','2025-07-15 10:00:00',NULL,NULL,NULL,NULL,NULL,NULL,NULL,'77078468-d28f-4e34-a261-82629bbce145','{}','2026-05-27 22:34:51','2026-05-27 22:34:51',1,NULL,NULL,NULL,NULL,'659a72a6-284a-4b1b-b460-018096237cb9'),('491598d9-1ca9-4402-86f3-87b92cf96f11','8bf30c04-8545-4a08-b662-3d3625214638','Earned Leave','2025-11-09','2025-11-10',2.0,0,'Out of station','Approved','2025-11-06 10:00:00',NULL,NULL,NULL,NULL,NULL,NULL,NULL,'8965fc59-1bcb-46b3-9047-6c1ab610f223','{}','2026-05-27 22:34:51','2026-05-27 22:34:51',1,NULL,NULL,NULL,NULL,'659a72a6-284a-4b1b-b460-018096237cb9'),('491598d9-1ca9-4402-86f3-87b92cf96f11','8bf30c04-8545-4a08-b662-3d3625214638','Sick Leave','2025-09-10','2025-09-10',1.0,0,'Wedding','Rejected','2025-09-07 10:00:00',NULL,NULL,NULL,NULL,NULL,NULL,NULL,'8dc88c44-6b0c-4b14-ae10-5eff5d163d36','{}','2026-05-27 22:34:51','2026-05-27 22:34:51',1,NULL,NULL,NULL,NULL,'659a72a6-284a-4b1b-b460-018096237cb9'),('491598d9-1ca9-4402-86f3-87b92cf96f11','f55f47c2-6286-478e-b218-8f97ed41cd31','Casual Leave','2025-07-19','2025-07-20',2.0,0,'Family function','Approved','2025-07-16 10:00:00',NULL,NULL,NULL,NULL,NULL,NULL,NULL,'9025dc91-0e99-4742-b476-521867b569fd','{}','2026-05-27 22:34:51','2026-05-27 22:34:51',1,NULL,NULL,NULL,NULL,'659a72a6-284a-4b1b-b460-018096237cb9'),('491598d9-1ca9-4402-86f3-87b92cf96f11','62be1cfe-da33-4140-b592-061cff00efad','Casual Leave','2025-09-08','2025-09-10',3.0,0,'Child unwell','Approved','2025-09-05 10:00:00',NULL,NULL,NULL,NULL,NULL,NULL,NULL,'99369b25-77a8-4a3d-871d-4a4fc5aa1fd2','{}','2026-05-27 22:34:51','2026-05-27 22:34:51',1,NULL,NULL,NULL,NULL,'659a72a6-284a-4b1b-b460-018096237cb9'),('491598d9-1ca9-4402-86f3-87b92cf96f11','639dbabd-3949-40c2-9f62-e0f517926145','Casual Leave','2025-09-05','2025-09-05',1.0,0,'Fever','Approved','2025-09-02 10:00:00','99bf6ed3-bf5b-4b8e-9f02-46c192c410cc','2026-05-27 18:50:00',NULL,NULL,NULL,NULL,NULL,'9dd91373-fc7a-4291-883d-be60a769092a','{}','2026-05-27 22:34:51','2026-05-28 00:19:59',1,NULL,NULL,NULL,NULL,'659a72a6-284a-4b1b-b460-018096237cb9'),('491598d9-1ca9-4402-86f3-87b92cf96f11','e229887b-ac9f-4890-ae67-03a625830892','Sick Leave','2025-09-18','2025-09-19',2.0,0,'Festival','Approved','2025-09-15 10:00:00',NULL,NULL,NULL,NULL,NULL,NULL,NULL,'a17e1aa8-0fb3-4639-83f2-047cc3066386','{}','2026-05-27 22:34:51','2026-05-27 22:34:51',1,NULL,NULL,NULL,NULL,'659a72a6-284a-4b1b-b460-018096237cb9'),('491598d9-1ca9-4402-86f3-87b92cf96f11','f55f47c2-6286-478e-b218-8f97ed41cd31','Sick Leave','2025-09-09','2025-09-09',1.0,0,'Medical appointment','Approved','2025-09-06 10:00:00',NULL,NULL,NULL,NULL,NULL,NULL,NULL,'a3853c32-cc0c-4769-97dc-e8bd1c8f71e4','{}','2026-05-27 22:34:51','2026-05-27 22:34:51',1,NULL,NULL,NULL,NULL,'659a72a6-284a-4b1b-b460-018096237cb9'),('491598d9-1ca9-4402-86f3-87b92cf96f11','62be1cfe-da33-4140-b592-061cff00efad','Sick Leave','2025-11-14','2025-11-16',3.0,0,'Festival','Approved','2025-11-11 10:00:00',NULL,NULL,NULL,NULL,NULL,NULL,NULL,'a7725732-78ee-4009-b091-59c4ebbc6ad5','{}','2026-05-27 22:34:51','2026-05-27 22:34:51',1,NULL,NULL,NULL,NULL,'659a72a6-284a-4b1b-b460-018096237cb9'),('491598d9-1ca9-4402-86f3-87b92cf96f11','e229887b-ac9f-4890-ae67-03a625830892','Casual Leave','2025-07-12','2025-07-12',1.0,0,'Child unwell','Approved','2025-07-09 10:00:00',NULL,NULL,NULL,NULL,NULL,NULL,NULL,'aae360fc-419f-4447-bfe9-cb52cf5bf24b','{}','2026-05-27 22:34:51','2026-05-27 22:34:51',1,NULL,NULL,NULL,NULL,'659a72a6-284a-4b1b-b460-018096237cb9'),('491598d9-1ca9-4402-86f3-87b92cf96f11','f396a99f-0859-4b1e-a8ec-8e2505cf09a0','Casual Leave','2025-11-19','2025-11-20',2.0,0,'Medical appointment','Rejected','2025-11-16 10:00:00',NULL,NULL,NULL,NULL,NULL,NULL,NULL,'b602c940-d1f9-40a7-bb4c-570c46c6290e','{}','2026-05-27 22:34:51','2026-05-27 22:34:51',1,NULL,NULL,NULL,NULL,'659a72a6-284a-4b1b-b460-018096237cb9'),('491598d9-1ca9-4402-86f3-87b92cf96f11','f55f47c2-6286-478e-b218-8f97ed41cd31','Casual Leave','2026-05-29','2026-05-26',-2.0,0,'i d','Approved','2026-05-27 19:23:43','99bf6ed3-bf5b-4b8e-9f02-46c192c410cc','2026-05-27 19:38:53',NULL,NULL,NULL,NULL,NULL,'b91d6ef9-9948-4e04-bf63-c27725592511','{}','2026-05-28 00:53:42','2026-05-28 01:08:52',1,NULL,NULL,'ca4bb6bf-ab10-4153-b8c2-734560dc7c8b',NULL,'659a72a6-284a-4b1b-b460-018096237cb9'),('491598d9-1ca9-4402-86f3-87b92cf96f11','9661495d-82cb-4b3d-b9fe-1505e81cb8f1','Casual Leave','2025-11-03','2025-11-05',3.0,0,'Child unwell','Approved','2025-11-01 10:00:00',NULL,NULL,NULL,NULL,NULL,NULL,NULL,'c86f3577-217e-43c3-ac8c-a9872ca6a285','{}','2026-05-27 22:34:51','2026-05-27 22:34:51',1,NULL,NULL,NULL,NULL,'659a72a6-284a-4b1b-b460-018096237cb9'),('491598d9-1ca9-4402-86f3-87b92cf96f11','a2ccc78c-972b-4b82-9a5c-21317170b66e','Casual Leave','2025-11-04','2025-11-05',2.0,0,'Fever','Approved','2025-11-01 10:00:00','99bf6ed3-bf5b-4b8e-9f02-46c192c410cc','2026-05-27 18:52:00',NULL,NULL,NULL,NULL,NULL,'cc7ff502-8069-43b2-9e5a-d127ae64d592','{}','2026-05-27 22:34:51','2026-05-28 00:21:59',1,NULL,NULL,NULL,NULL,'659a72a6-284a-4b1b-b460-018096237cb9'),('491598d9-1ca9-4402-86f3-87b92cf96f11','f55f47c2-6286-478e-b218-8f97ed41cd31','Earned Leave','2025-11-20','2025-11-22',3.0,0,'Personal work','Approved','2025-11-17 10:00:00',NULL,NULL,NULL,NULL,NULL,NULL,NULL,'dde65f99-8028-4a21-8411-2cfaa4fbf027','{}','2026-05-27 22:34:51','2026-05-27 22:34:51',1,NULL,NULL,NULL,NULL,'659a72a6-284a-4b1b-b460-018096237cb9');
/*!40000 ALTER TABLE `leave_applications` ENABLE KEYS */;
UNLOCK TABLES;

--
-- Table structure for table `leave_balances`
--

DROP TABLE IF EXISTS `leave_balances`;
/*!40101 SET @saved_cs_client     = @@character_set_client */;
/*!50503 SET character_set_client = utf8mb4 */;
CREATE TABLE `leave_balances` (
  `academic_year_id` char(36) CHARACTER SET utf8mb4 COLLATE utf8mb4_unicode_ci NOT NULL,
  `staff_id` char(36) CHARACTER SET utf8mb4 COLLATE utf8mb4_unicode_ci NOT NULL,
  `leave_type` varchar(50) CHARACTER SET utf8mb4 COLLATE utf8mb4_unicode_ci NOT NULL,
  `total_allocated` int NOT NULL,
  `carried_forward` int NOT NULL,
  `used` decimal(5,1) NOT NULL,
  `pending` decimal(5,1) NOT NULL,
  `id` char(36) CHARACTER SET utf8mb4 COLLATE utf8mb4_unicode_ci NOT NULL,
  `metadata` json NOT NULL,
  `created_at` datetime NOT NULL DEFAULT (now()),
  `updated_at` datetime NOT NULL DEFAULT (now()),
  `is_active` tinyint(1) NOT NULL,
  `deleted_at` datetime DEFAULT NULL,
  `deleted_by` char(36) CHARACTER SET utf8mb4 COLLATE utf8mb4_unicode_ci DEFAULT NULL,
  `created_by` char(36) CHARACTER SET utf8mb4 COLLATE utf8mb4_unicode_ci DEFAULT NULL,
  `updated_by` char(36) CHARACTER SET utf8mb4 COLLATE utf8mb4_unicode_ci DEFAULT NULL,
  `school_id` char(36) CHARACTER SET utf8mb4 COLLATE utf8mb4_unicode_ci NOT NULL,
  PRIMARY KEY (`id`),
  UNIQUE KEY `uq_leave_balances_staff_year_type` (`school_id`,`staff_id`,`academic_year_id`,`leave_type`),
  KEY `fk_leave_balances_academic_year_id_academic_years` (`academic_year_id`),
  KEY `ix_leave_balances_is_active` (`is_active`),
  KEY `ix_leave_balances_school_id` (`school_id`),
  KEY `idx_leave_balances_staff` (`staff_id`,`academic_year_id`),
  CONSTRAINT `fk_leave_balances_academic_year_id_academic_years` FOREIGN KEY (`academic_year_id`) REFERENCES `academic_years` (`id`),
  CONSTRAINT `fk_leave_balances_school_id_schools` FOREIGN KEY (`school_id`) REFERENCES `schools` (`id`),
  CONSTRAINT `fk_leave_balances_staff_id_staff` FOREIGN KEY (`staff_id`) REFERENCES `staff` (`id`)
) ENGINE=InnoDB DEFAULT CHARSET=utf8mb4 COLLATE=utf8mb4_unicode_ci;
/*!40101 SET character_set_client = @saved_cs_client */;

--
-- Dumping data for table `leave_balances`
--

LOCK TABLES `leave_balances` WRITE;
/*!40000 ALTER TABLE `leave_balances` DISABLE KEYS */;
INSERT INTO `leave_balances` VALUES ('491598d9-1ca9-4402-86f3-87b92cf96f11','f55f47c2-6286-478e-b218-8f97ed41cd31','Sick Leave',10,0,2.0,0.0,'056897db-1f7b-4540-a080-c934f8422360','{}','2026-05-27 22:34:50','2026-05-27 22:34:50',1,NULL,NULL,NULL,NULL,'659a72a6-284a-4b1b-b460-018096237cb9'),('491598d9-1ca9-4402-86f3-87b92cf96f11','a2ccc78c-972b-4b82-9a5c-21317170b66e','Earned Leave',15,0,2.0,0.0,'058c5031-34f5-4fb5-b9cc-24cd2d4174e3','{}','2026-05-27 22:34:50','2026-05-27 22:34:50',1,NULL,NULL,NULL,NULL,'659a72a6-284a-4b1b-b460-018096237cb9'),('491598d9-1ca9-4402-86f3-87b92cf96f11','e229887b-ac9f-4890-ae67-03a625830892','Earned Leave',15,0,5.0,-3.0,'07f135c7-a79e-4c46-a914-32be56f876ba','{}','2026-05-27 22:34:50','2026-05-27 23:05:51',1,NULL,NULL,NULL,NULL,'659a72a6-284a-4b1b-b460-018096237cb9'),('491598d9-1ca9-4402-86f3-87b92cf96f11','a2ccc78c-972b-4b82-9a5c-21317170b66e','Sick Leave',10,0,2.0,0.0,'07fb20a7-d5fa-478c-b82c-e7a5a8847e3d','{}','2026-05-27 22:34:50','2026-05-27 22:34:50',1,NULL,NULL,NULL,NULL,'659a72a6-284a-4b1b-b460-018096237cb9'),('491598d9-1ca9-4402-86f3-87b92cf96f11','f396a99f-0859-4b1e-a8ec-8e2505cf09a0','Casual Leave',12,0,2.0,0.0,'1b7b5347-7c3d-46e6-a3f9-83df2f702a4c','{}','2026-05-27 22:34:50','2026-05-27 22:34:50',1,NULL,NULL,NULL,NULL,'659a72a6-284a-4b1b-b460-018096237cb9'),('491598d9-1ca9-4402-86f3-87b92cf96f11','9661495d-82cb-4b3d-b9fe-1505e81cb8f1','Casual Leave',12,0,2.0,0.0,'2a0e8537-0a39-458b-8705-d7f9f2a18f9e','{}','2026-05-27 22:34:50','2026-05-27 22:34:50',1,NULL,NULL,NULL,NULL,'659a72a6-284a-4b1b-b460-018096237cb9'),('491598d9-1ca9-4402-86f3-87b92cf96f11','62be1cfe-da33-4140-b592-061cff00efad','Casual Leave',12,0,2.0,0.0,'30b0a658-ba6c-4db4-b086-0c0320818874','{}','2026-05-27 22:34:50','2026-05-27 22:34:50',1,NULL,NULL,NULL,NULL,'659a72a6-284a-4b1b-b460-018096237cb9'),('491598d9-1ca9-4402-86f3-87b92cf96f11','e229887b-ac9f-4890-ae67-03a625830892','Casual Leave',12,0,2.0,0.0,'34e3a2b3-d547-4ae8-a80c-d63c147bb2fc','{}','2026-05-27 22:34:50','2026-05-27 22:34:50',1,NULL,NULL,NULL,NULL,'659a72a6-284a-4b1b-b460-018096237cb9'),('491598d9-1ca9-4402-86f3-87b92cf96f11','f55f47c2-6286-478e-b218-8f97ed41cd31','Casual Leave',12,0,0.0,0.0,'4c834537-cfe7-4c0c-81f1-da375554a679','{}','2026-05-27 22:34:50','2026-05-28 01:08:52',1,NULL,NULL,NULL,NULL,'659a72a6-284a-4b1b-b460-018096237cb9'),('491598d9-1ca9-4402-86f3-87b92cf96f11','f55f47c2-6286-478e-b218-8f97ed41cd31','Earned Leave',15,0,2.0,0.0,'56e8b394-2fa6-4a05-bfb2-c817b455b61b','{}','2026-05-27 22:34:50','2026-05-27 22:34:50',1,NULL,NULL,NULL,NULL,'659a72a6-284a-4b1b-b460-018096237cb9'),('491598d9-1ca9-4402-86f3-87b92cf96f11','62be1cfe-da33-4140-b592-061cff00efad','Earned Leave',15,0,2.0,0.0,'58f75d02-d980-4230-a823-2d4f221a0489','{}','2026-05-27 22:34:50','2026-05-27 22:34:50',1,NULL,NULL,NULL,NULL,'659a72a6-284a-4b1b-b460-018096237cb9'),('491598d9-1ca9-4402-86f3-87b92cf96f11','639dbabd-3949-40c2-9f62-e0f517926145','Sick Leave',10,0,2.0,0.0,'5aed7838-63d1-4ebe-b525-b8e8c47d5467','{}','2026-05-27 22:34:50','2026-05-27 22:34:50',1,NULL,NULL,NULL,NULL,'659a72a6-284a-4b1b-b460-018096237cb9'),('491598d9-1ca9-4402-86f3-87b92cf96f11','62be1cfe-da33-4140-b592-061cff00efad','Sick Leave',10,0,2.0,0.0,'65090a58-045a-47e6-9228-7c6763fee230','{}','2026-05-27 22:34:50','2026-05-27 22:34:50',1,NULL,NULL,NULL,NULL,'659a72a6-284a-4b1b-b460-018096237cb9'),('491598d9-1ca9-4402-86f3-87b92cf96f11','639dbabd-3949-40c2-9f62-e0f517926145','Casual Leave',12,0,3.0,-1.0,'6594557c-605c-4ba2-900a-debc4ab52e95','{}','2026-05-27 22:34:50','2026-05-28 00:19:59',1,NULL,NULL,NULL,NULL,'659a72a6-284a-4b1b-b460-018096237cb9'),('491598d9-1ca9-4402-86f3-87b92cf96f11','a2ccc78c-972b-4b82-9a5c-21317170b66e','Casual Leave',12,0,4.0,-2.0,'7f354c3a-0a6d-4b2a-aca9-bbdf7fe78658','{}','2026-05-27 22:34:50','2026-05-28 00:21:59',1,NULL,NULL,NULL,NULL,'659a72a6-284a-4b1b-b460-018096237cb9'),('491598d9-1ca9-4402-86f3-87b92cf96f11','639dbabd-3949-40c2-9f62-e0f517926145','Earned Leave',15,0,2.0,0.0,'8a9caf73-65c2-46ba-b93e-417d6bf8c2a1','{}','2026-05-27 22:34:50','2026-05-27 22:34:50',1,NULL,NULL,NULL,NULL,'659a72a6-284a-4b1b-b460-018096237cb9'),('491598d9-1ca9-4402-86f3-87b92cf96f11','8bf30c04-8545-4a08-b662-3d3625214638','Earned Leave',15,0,2.0,0.0,'927ac47e-5c11-4654-857e-9bee2a698e80','{}','2026-05-27 22:34:50','2026-05-27 22:34:50',1,NULL,NULL,NULL,NULL,'659a72a6-284a-4b1b-b460-018096237cb9'),('491598d9-1ca9-4402-86f3-87b92cf96f11','8bf30c04-8545-4a08-b662-3d3625214638','Sick Leave',10,0,2.0,0.0,'a3de8eaf-1898-415c-bcbe-6ff34acf8ca5','{}','2026-05-27 22:34:50','2026-05-27 22:34:50',1,NULL,NULL,NULL,NULL,'659a72a6-284a-4b1b-b460-018096237cb9'),('491598d9-1ca9-4402-86f3-87b92cf96f11','8bf30c04-8545-4a08-b662-3d3625214638','Casual Leave',12,0,3.0,-1.0,'b5ac0c7c-fa81-452e-abe9-8dacbf77f9b1','{}','2026-05-27 22:34:50','2026-05-28 00:16:20',1,NULL,NULL,NULL,NULL,'659a72a6-284a-4b1b-b460-018096237cb9'),('491598d9-1ca9-4402-86f3-87b92cf96f11','f396a99f-0859-4b1e-a8ec-8e2505cf09a0','Earned Leave',15,0,5.0,-3.0,'cff578bf-74e8-4603-8cf2-2f4e28003dd1','{}','2026-05-27 22:34:50','2026-05-27 23:06:08',1,NULL,NULL,NULL,NULL,'659a72a6-284a-4b1b-b460-018096237cb9'),('491598d9-1ca9-4402-86f3-87b92cf96f11','f396a99f-0859-4b1e-a8ec-8e2505cf09a0','Sick Leave',10,0,2.0,0.0,'dd76f33a-3a26-47cd-bc2c-02f0d3813fdf','{}','2026-05-27 22:34:50','2026-05-27 22:34:50',1,NULL,NULL,NULL,NULL,'659a72a6-284a-4b1b-b460-018096237cb9'),('491598d9-1ca9-4402-86f3-87b92cf96f11','9661495d-82cb-4b3d-b9fe-1505e81cb8f1','Sick Leave',10,0,2.0,0.0,'f29d1dd0-cef6-4244-8140-d6680a03132b','{}','2026-05-27 22:34:50','2026-05-27 22:34:50',1,NULL,NULL,NULL,NULL,'659a72a6-284a-4b1b-b460-018096237cb9'),('491598d9-1ca9-4402-86f3-87b92cf96f11','e229887b-ac9f-4890-ae67-03a625830892','Sick Leave',10,0,2.0,0.0,'f72a692e-1e22-4a12-ba32-daae88b81416','{}','2026-05-27 22:34:50','2026-05-27 22:34:50',1,NULL,NULL,NULL,NULL,'659a72a6-284a-4b1b-b460-018096237cb9'),('491598d9-1ca9-4402-86f3-87b92cf96f11','9661495d-82cb-4b3d-b9fe-1505e81cb8f1','Earned Leave',15,0,2.0,0.0,'f9023322-8c36-43fb-af35-fd39618ebc87','{}','2026-05-27 22:34:50','2026-05-27 22:34:50',1,NULL,NULL,NULL,NULL,'659a72a6-284a-4b1b-b460-018096237cb9');
/*!40000 ALTER TABLE `leave_balances` ENABLE KEYS */;
UNLOCK TABLES;

--
-- Table structure for table `leave_policies`
--

DROP TABLE IF EXISTS `leave_policies`;
/*!40101 SET @saved_cs_client     = @@character_set_client */;
/*!50503 SET character_set_client = utf8mb4 */;
CREATE TABLE `leave_policies` (
  `academic_year_id` char(36) CHARACTER SET utf8mb4 COLLATE utf8mb4_unicode_ci NOT NULL,
  `leave_type` varchar(50) CHARACTER SET utf8mb4 COLLATE utf8mb4_unicode_ci NOT NULL,
  `code` varchar(10) CHARACTER SET utf8mb4 COLLATE utf8mb4_unicode_ci DEFAULT NULL,
  `total_per_year` int NOT NULL,
  `carry_forward` tinyint(1) NOT NULL,
  `max_carry_forward` int DEFAULT NULL,
  `max_consecutive_days` int DEFAULT NULL,
  `requires_approval` tinyint(1) NOT NULL,
  `half_day_allowed` tinyint(1) NOT NULL,
  `medical_certificate_required_after_days` int DEFAULT NULL,
  `advance_notice_days` int DEFAULT NULL,
  `id` char(36) CHARACTER SET utf8mb4 COLLATE utf8mb4_unicode_ci NOT NULL,
  `metadata` json NOT NULL,
  `created_at` datetime NOT NULL DEFAULT (now()),
  `updated_at` datetime NOT NULL DEFAULT (now()),
  `is_active` tinyint(1) NOT NULL,
  `deleted_at` datetime DEFAULT NULL,
  `deleted_by` char(36) CHARACTER SET utf8mb4 COLLATE utf8mb4_unicode_ci DEFAULT NULL,
  `created_by` char(36) CHARACTER SET utf8mb4 COLLATE utf8mb4_unicode_ci DEFAULT NULL,
  `updated_by` char(36) CHARACTER SET utf8mb4 COLLATE utf8mb4_unicode_ci DEFAULT NULL,
  `school_id` char(36) CHARACTER SET utf8mb4 COLLATE utf8mb4_unicode_ci NOT NULL,
  PRIMARY KEY (`id`),
  UNIQUE KEY `uq_leave_policies_year_type` (`school_id`,`academic_year_id`,`leave_type`),
  KEY `fk_leave_policies_academic_year_id_academic_years` (`academic_year_id`),
  KEY `ix_leave_policies_is_active` (`is_active`),
  KEY `idx_leave_policies_year` (`school_id`,`academic_year_id`),
  KEY `ix_leave_policies_school_id` (`school_id`),
  CONSTRAINT `fk_leave_policies_academic_year_id_academic_years` FOREIGN KEY (`academic_year_id`) REFERENCES `academic_years` (`id`),
  CONSTRAINT `fk_leave_policies_school_id_schools` FOREIGN KEY (`school_id`) REFERENCES `schools` (`id`)
) ENGINE=InnoDB DEFAULT CHARSET=utf8mb4 COLLATE=utf8mb4_unicode_ci;
/*!40101 SET character_set_client = @saved_cs_client */;

--
-- Dumping data for table `leave_policies`
--

LOCK TABLES `leave_policies` WRITE;
/*!40000 ALTER TABLE `leave_policies` DISABLE KEYS */;
INSERT INTO `leave_policies` VALUES ('491598d9-1ca9-4402-86f3-87b92cf96f11','Sick Leave','SL',10,0,NULL,NULL,1,1,NULL,NULL,'18470991-f65c-4dcd-8cd6-010462023e9a','{}','2026-05-27 22:34:50','2026-05-27 22:34:50',1,NULL,NULL,NULL,NULL,'659a72a6-284a-4b1b-b460-018096237cb9'),('491598d9-1ca9-4402-86f3-87b92cf96f11','Casual Leave','CL',12,0,NULL,NULL,1,1,NULL,NULL,'ddb3b04a-820c-4caf-891a-8dc5fb00f0dc','{}','2026-05-27 22:34:50','2026-05-27 22:34:50',1,NULL,NULL,NULL,NULL,'659a72a6-284a-4b1b-b460-018096237cb9'),('491598d9-1ca9-4402-86f3-87b92cf96f11','Earned Leave','EL',15,1,NULL,NULL,1,1,NULL,NULL,'f30096bd-c23d-4676-9ebb-c03ce5d00772','{}','2026-05-27 22:34:50','2026-05-27 22:34:50',1,NULL,NULL,NULL,NULL,'659a72a6-284a-4b1b-b460-018096237cb9');
/*!40000 ALTER TABLE `leave_policies` ENABLE KEYS */;
UNLOCK TABLES;

--
-- Table structure for table `notification_recipients`
--

DROP TABLE IF EXISTS `notification_recipients`;
/*!40101 SET @saved_cs_client     = @@character_set_client */;
/*!50503 SET character_set_client = utf8mb4 */;
CREATE TABLE `notification_recipients` (
  `notification_id` char(36) CHARACTER SET utf8mb4 COLLATE utf8mb4_unicode_ci NOT NULL,
  `user_id` char(36) CHARACTER SET utf8mb4 COLLATE utf8mb4_unicode_ci NOT NULL,
  `is_read` tinyint(1) NOT NULL,
  `read_at` datetime DEFAULT NULL,
  `id` char(36) CHARACTER SET utf8mb4 COLLATE utf8mb4_unicode_ci NOT NULL,
  `metadata` json NOT NULL,
  `created_at` datetime NOT NULL DEFAULT (now()),
  `updated_at` datetime NOT NULL DEFAULT (now()),
  `is_active` tinyint(1) NOT NULL,
  `deleted_at` datetime DEFAULT NULL,
  `deleted_by` char(36) CHARACTER SET utf8mb4 COLLATE utf8mb4_unicode_ci DEFAULT NULL,
  `created_by` char(36) CHARACTER SET utf8mb4 COLLATE utf8mb4_unicode_ci DEFAULT NULL,
  `updated_by` char(36) CHARACTER SET utf8mb4 COLLATE utf8mb4_unicode_ci DEFAULT NULL,
  `school_id` char(36) CHARACTER SET utf8mb4 COLLATE utf8mb4_unicode_ci NOT NULL,
  PRIMARY KEY (`id`),
  UNIQUE KEY `uq_notification_recipients_school_notif_user` (`school_id`,`notification_id`,`user_id`),
  KEY `idx_notification_recipients_notification` (`notification_id`),
  KEY `ix_notification_recipients_school_id` (`school_id`),
  KEY `ix_notification_recipients_is_active` (`is_active`),
  KEY `idx_notification_recipients_user` (`user_id`,`is_read`),
  CONSTRAINT `fk_notification_recipients_notification_id_notifications` FOREIGN KEY (`notification_id`) REFERENCES `notifications` (`id`) ON DELETE CASCADE,
  CONSTRAINT `fk_notification_recipients_school_id_schools` FOREIGN KEY (`school_id`) REFERENCES `schools` (`id`),
  CONSTRAINT `fk_notification_recipients_user_id_users` FOREIGN KEY (`user_id`) REFERENCES `users` (`id`)
) ENGINE=InnoDB DEFAULT CHARSET=utf8mb4 COLLATE=utf8mb4_unicode_ci;
/*!40101 SET character_set_client = @saved_cs_client */;

--
-- Dumping data for table `notification_recipients`
--

LOCK TABLES `notification_recipients` WRITE;
/*!40000 ALTER TABLE `notification_recipients` DISABLE KEYS */;
INSERT INTO `notification_recipients` VALUES ('46e55cd7-6d19-4e4f-a092-d43b87a4c520','c7b067bf-0b34-4006-ac55-bd683e7062ac',0,NULL,'094797e9-6e44-4a43-bb26-d92e5c33ea6d','{}','2026-05-28 01:09:21','2026-05-28 01:09:21',1,NULL,NULL,'99bf6ed3-bf5b-4b8e-9f02-46c192c410cc',NULL,'659a72a6-284a-4b1b-b460-018096237cb9'),('5c8cac05-fc80-4e24-a3c2-31697ae5a4ea','c7b067bf-0b34-4006-ac55-bd683e7062ac',0,NULL,'0f2c2cc6-f580-4750-8e6b-a1b5e74195e8','{}','2026-05-28 01:10:49','2026-05-28 01:10:49',1,NULL,NULL,'99bf6ed3-bf5b-4b8e-9f02-46c192c410cc',NULL,'659a72a6-284a-4b1b-b460-018096237cb9'),('46e55cd7-6d19-4e4f-a092-d43b87a4c520','ca4bb6bf-ab10-4153-b8c2-734560dc7c8b',0,NULL,'12f51ba2-70c6-4d41-b54a-465c2531f170','{}','2026-05-28 01:09:21','2026-05-28 01:09:21',1,NULL,NULL,'99bf6ed3-bf5b-4b8e-9f02-46c192c410cc',NULL,'659a72a6-284a-4b1b-b460-018096237cb9'),('46e55cd7-6d19-4e4f-a092-d43b87a4c520','99bf6ed3-bf5b-4b8e-9f02-46c192c410cc',0,NULL,'13ef7d3d-b575-41dc-8689-792546978276','{}','2026-05-28 01:09:21','2026-05-28 01:09:21',1,NULL,NULL,'99bf6ed3-bf5b-4b8e-9f02-46c192c410cc',NULL,'659a72a6-284a-4b1b-b460-018096237cb9'),('46e55cd7-6d19-4e4f-a092-d43b87a4c520','8c5b01c2-6f73-47be-841e-b5d2c43fec91',0,NULL,'2776487e-a14c-40fd-85ce-65c7d25033da','{}','2026-05-28 01:09:21','2026-05-28 01:09:21',1,NULL,NULL,'99bf6ed3-bf5b-4b8e-9f02-46c192c410cc',NULL,'659a72a6-284a-4b1b-b460-018096237cb9'),('5c8cac05-fc80-4e24-a3c2-31697ae5a4ea','a10992ec-1e6b-40da-919c-e3a1193183c4',0,NULL,'2d78d6cd-b551-4562-8e15-a470bd413dc3','{}','2026-05-28 01:10:49','2026-05-28 01:10:49',1,NULL,NULL,'99bf6ed3-bf5b-4b8e-9f02-46c192c410cc',NULL,'659a72a6-284a-4b1b-b460-018096237cb9'),('46e55cd7-6d19-4e4f-a092-d43b87a4c520','6dc2d7fd-fa94-4b6d-a39f-9a6c1b247c2b',0,NULL,'34e0828a-076b-43b2-8cd4-217b689d30fb','{}','2026-05-28 01:09:21','2026-05-28 01:09:21',1,NULL,NULL,'99bf6ed3-bf5b-4b8e-9f02-46c192c410cc',NULL,'659a72a6-284a-4b1b-b460-018096237cb9'),('46e55cd7-6d19-4e4f-a092-d43b87a4c520','ccce3819-4b42-49f0-95d7-b9b42dcdeca8',0,NULL,'3ae7b0c0-b512-425c-8ff7-26a2563592f1','{}','2026-05-28 01:09:21','2026-05-28 01:09:21',1,NULL,NULL,'99bf6ed3-bf5b-4b8e-9f02-46c192c410cc',NULL,'659a72a6-284a-4b1b-b460-018096237cb9'),('5c8cac05-fc80-4e24-a3c2-31697ae5a4ea','ccce3819-4b42-49f0-95d7-b9b42dcdeca8',0,NULL,'64bdacd9-99bc-4bd4-981a-e716f50afd61','{}','2026-05-28 01:10:49','2026-05-28 01:10:49',1,NULL,NULL,'99bf6ed3-bf5b-4b8e-9f02-46c192c410cc',NULL,'659a72a6-284a-4b1b-b460-018096237cb9'),('5c8cac05-fc80-4e24-a3c2-31697ae5a4ea','6dc2d7fd-fa94-4b6d-a39f-9a6c1b247c2b',0,NULL,'7df6f6f7-1de9-46f7-9f59-5e7972a2a412','{}','2026-05-28 01:10:49','2026-05-28 01:10:49',1,NULL,NULL,'99bf6ed3-bf5b-4b8e-9f02-46c192c410cc',NULL,'659a72a6-284a-4b1b-b460-018096237cb9'),('5c8cac05-fc80-4e24-a3c2-31697ae5a4ea','ce4b956d-8bed-410f-8834-b43b0d866cf3',0,NULL,'8633f821-1e1b-410f-a062-4dd214f8f70f','{}','2026-05-28 01:10:49','2026-05-28 01:10:49',1,NULL,NULL,'99bf6ed3-bf5b-4b8e-9f02-46c192c410cc',NULL,'659a72a6-284a-4b1b-b460-018096237cb9'),('46e55cd7-6d19-4e4f-a092-d43b87a4c520','ce4b956d-8bed-410f-8834-b43b0d866cf3',0,NULL,'88a318a9-659e-4033-9812-6a7ce91debde','{}','2026-05-28 01:09:21','2026-05-28 01:09:21',1,NULL,NULL,'99bf6ed3-bf5b-4b8e-9f02-46c192c410cc',NULL,'659a72a6-284a-4b1b-b460-018096237cb9'),('5c8cac05-fc80-4e24-a3c2-31697ae5a4ea','ca4bb6bf-ab10-4153-b8c2-734560dc7c8b',0,NULL,'9461c160-5c06-4b84-9239-3c4109ad9c03','{}','2026-05-28 01:10:49','2026-05-28 01:10:49',1,NULL,NULL,'99bf6ed3-bf5b-4b8e-9f02-46c192c410cc',NULL,'659a72a6-284a-4b1b-b460-018096237cb9'),('5c8cac05-fc80-4e24-a3c2-31697ae5a4ea','f833ac12-810e-4067-8878-13f0708ac772',0,NULL,'9d0a4280-3ab2-49a6-83d9-6dd529b61e26','{}','2026-05-28 01:10:49','2026-05-28 01:10:49',1,NULL,NULL,'99bf6ed3-bf5b-4b8e-9f02-46c192c410cc',NULL,'659a72a6-284a-4b1b-b460-018096237cb9'),('46e55cd7-6d19-4e4f-a092-d43b87a4c520','f833ac12-810e-4067-8878-13f0708ac772',0,NULL,'a78e7ee2-d009-4ca9-bccf-44ec7a9dfe2a','{}','2026-05-28 01:09:21','2026-05-28 01:09:21',1,NULL,NULL,'99bf6ed3-bf5b-4b8e-9f02-46c192c410cc',NULL,'659a72a6-284a-4b1b-b460-018096237cb9'),('5c8cac05-fc80-4e24-a3c2-31697ae5a4ea','99bf6ed3-bf5b-4b8e-9f02-46c192c410cc',0,NULL,'e841c6dd-fa31-4718-a00a-9e6eca853a66','{}','2026-05-28 01:10:49','2026-05-28 01:10:49',1,NULL,NULL,'99bf6ed3-bf5b-4b8e-9f02-46c192c410cc',NULL,'659a72a6-284a-4b1b-b460-018096237cb9'),('46e55cd7-6d19-4e4f-a092-d43b87a4c520','a10992ec-1e6b-40da-919c-e3a1193183c4',0,NULL,'ea12730e-4d2e-4c74-846a-1fcd901215a7','{}','2026-05-28 01:09:21','2026-05-28 01:09:21',1,NULL,NULL,'99bf6ed3-bf5b-4b8e-9f02-46c192c410cc',NULL,'659a72a6-284a-4b1b-b460-018096237cb9'),('5c8cac05-fc80-4e24-a3c2-31697ae5a4ea','8c5b01c2-6f73-47be-841e-b5d2c43fec91',0,NULL,'f5c28300-34d0-4041-b33e-e94abc878cff','{}','2026-05-28 01:10:49','2026-05-28 01:10:49',1,NULL,NULL,'99bf6ed3-bf5b-4b8e-9f02-46c192c410cc',NULL,'659a72a6-284a-4b1b-b460-018096237cb9');
/*!40000 ALTER TABLE `notification_recipients` ENABLE KEYS */;
UNLOCK TABLES;

--
-- Table structure for table `notifications`
--

DROP TABLE IF EXISTS `notifications`;
/*!40101 SET @saved_cs_client     = @@character_set_client */;
/*!50503 SET character_set_client = utf8mb4 */;
CREATE TABLE `notifications` (
  `title` varchar(255) CHARACTER SET utf8mb4 COLLATE utf8mb4_unicode_ci NOT NULL,
  `message` text CHARACTER SET utf8mb4 COLLATE utf8mb4_unicode_ci NOT NULL,
  `type` varchar(50) CHARACTER SET utf8mb4 COLLATE utf8mb4_unicode_ci DEFAULT NULL,
  `target_type` varchar(30) CHARACTER SET utf8mb4 COLLATE utf8mb4_unicode_ci NOT NULL,
  `target_class_name` varchar(100) CHARACTER SET utf8mb4 COLLATE utf8mb4_unicode_ci DEFAULT NULL,
  `target_section` varchar(10) CHARACTER SET utf8mb4 COLLATE utf8mb4_unicode_ci DEFAULT NULL,
  `send_via` varchar(20) CHARACTER SET utf8mb4 COLLATE utf8mb4_unicode_ci NOT NULL,
  `status` varchar(20) CHARACTER SET utf8mb4 COLLATE utf8mb4_unicode_ci NOT NULL,
  `scheduled_at` datetime DEFAULT NULL,
  `sent_at` datetime DEFAULT NULL,
  `archived_at` datetime DEFAULT NULL,
  `recipients_count` int NOT NULL,
  `read_count` int NOT NULL,
  `created_by_user_id` char(36) CHARACTER SET utf8mb4 COLLATE utf8mb4_unicode_ci DEFAULT NULL,
  `id` char(36) CHARACTER SET utf8mb4 COLLATE utf8mb4_unicode_ci NOT NULL,
  `metadata` json NOT NULL,
  `created_at` datetime NOT NULL DEFAULT (now()),
  `updated_at` datetime NOT NULL DEFAULT (now()),
  `is_active` tinyint(1) NOT NULL,
  `deleted_at` datetime DEFAULT NULL,
  `deleted_by` char(36) CHARACTER SET utf8mb4 COLLATE utf8mb4_unicode_ci DEFAULT NULL,
  `created_by` char(36) CHARACTER SET utf8mb4 COLLATE utf8mb4_unicode_ci DEFAULT NULL,
  `updated_by` char(36) CHARACTER SET utf8mb4 COLLATE utf8mb4_unicode_ci DEFAULT NULL,
  `school_id` char(36) CHARACTER SET utf8mb4 COLLATE utf8mb4_unicode_ci NOT NULL,
  PRIMARY KEY (`id`),
  KEY `fk_notifications_created_by_user_id_users` (`created_by_user_id`),
  KEY `ix_notifications_is_active` (`is_active`),
  KEY `idx_notifications_target` (`school_id`,`target_type`),
  KEY `idx_notifications_school_status` (`school_id`,`status`,`sent_at`),
  KEY `ix_notifications_school_id` (`school_id`),
  CONSTRAINT `fk_notifications_created_by_user_id_users` FOREIGN KEY (`created_by_user_id`) REFERENCES `users` (`id`),
  CONSTRAINT `fk_notifications_school_id_schools` FOREIGN KEY (`school_id`) REFERENCES `schools` (`id`)
) ENGINE=InnoDB DEFAULT CHARSET=utf8mb4 COLLATE=utf8mb4_unicode_ci;
/*!40101 SET character_set_client = @saved_cs_client */;

--
-- Dumping data for table `notifications`
--

LOCK TABLES `notifications` WRITE;
/*!40000 ALTER TABLE `notifications` DISABLE KEYS */;
INSERT INTO `notifications` VALUES ('Updated','Test','General','all',NULL,NULL,'in_app','Sent',NULL,'2025-12-02 09:00:00',NULL,70,46,NULL,'0ba1cc5a-55c1-4d5c-b080-77b194d9d19a','{}','2026-05-27 22:34:51','2026-05-27 22:42:10',1,NULL,NULL,NULL,'99bf6ed3-bf5b-4b8e-9f02-46c192c410cc','659a72a6-284a-4b1b-b460-018096237cb9'),('Winter Uniform Notice','Winter uniform mandatory from Nov 15.','General','all',NULL,NULL,'in_app','Sent',NULL,'2025-11-23 09:00:00',NULL,89,32,NULL,'0badce6f-97f3-41d2-bc52-e0d6e46366d9','{}','2026-05-27 22:34:51','2026-05-27 22:34:51',1,NULL,NULL,NULL,NULL,'659a72a6-284a-4b1b-b460-018096237cb9'),('Holiday Notice - Diwali','School closed Oct 30 - Nov 3 for Diwali.','Holiday','all',NULL,NULL,'in_app','Sent',NULL,'2025-09-19 09:00:00',NULL,69,50,NULL,'160c9d89-6fc1-4576-96c9-3a04edf94299','{}','2026-05-27 22:34:51','2026-05-27 22:34:51',1,NULL,NULL,NULL,NULL,'659a72a6-284a-4b1b-b460-018096237cb9'),('Fee Reminder - September','Please clear pending September fees by Sep 15.','Fee','all',NULL,NULL,'in_app','Sent',NULL,'2025-08-24 09:00:00',NULL,47,23,NULL,'26568046-e923-4e73-b593-f1736c1c2119','{}','2026-05-27 22:34:51','2026-05-27 22:34:51',1,NULL,NULL,NULL,NULL,'659a72a6-284a-4b1b-b460-018096237cb9'),('School Reopens After Summer','School will reopen on June 1st after summer break.','General','all',NULL,NULL,'in_app','Sent',NULL,'2025-06-06 09:00:00',NULL,46,20,NULL,'296afd77-c6e0-435c-851a-50c2c4f40a91','{}','2026-05-27 22:34:51','2026-05-27 22:34:51',1,NULL,NULL,NULL,NULL,'659a72a6-284a-4b1b-b460-018096237cb9'),('PTM Scheduled - Class 8','Parent-Teacher meeting for Class 8 on Aug 10th.','Meeting','all',NULL,NULL,'in_app','Sent',NULL,'2025-07-21 09:00:00',NULL,82,35,NULL,'396ada6d-f1c3-4750-b4c8-d24bc828473c','{}','2026-05-27 22:34:51','2026-05-27 22:34:51',1,NULL,NULL,NULL,NULL,'659a72a6-284a-4b1b-b460-018096237cb9'),('Independence Day Celebration','Flag hoisting at 8 AM. Cultural program 9-11 AM.','Event','all',NULL,NULL,'in_app','Sent',NULL,'2025-07-12 09:00:00',NULL,55,21,NULL,'3ca51ac7-a061-4837-bd05-b346e29e8d56','{}','2026-05-27 22:34:51','2026-05-27 22:34:51',1,NULL,NULL,NULL,NULL,'659a72a6-284a-4b1b-b460-018096237cb9'),('Updated Notification','Updated in test','General','all',NULL,NULL,'in_app','Archived',NULL,'2026-05-27 19:39:22','2026-05-27 19:39:22',9,0,'99bf6ed3-bf5b-4b8e-9f02-46c192c410cc','46e55cd7-6d19-4e4f-a092-d43b87a4c520','{}','2026-05-28 01:09:21','2026-05-28 01:09:21',1,NULL,NULL,'99bf6ed3-bf5b-4b8e-9f02-46c192c410cc','99bf6ed3-bf5b-4b8e-9f02-46c192c410cc','659a72a6-284a-4b1b-b460-018096237cb9'),('Cross-Module Verify','Visibility test','General','all',NULL,NULL,'in_app','Sent',NULL,'2026-05-27 19:40:50',NULL,9,0,'99bf6ed3-bf5b-4b8e-9f02-46c192c410cc','5c8cac05-fc80-4e24-a3c2-31697ae5a4ea','{}','2026-05-28 01:10:49','2026-05-28 01:10:49',1,NULL,NULL,'99bf6ed3-bf5b-4b8e-9f02-46c192c410cc',NULL,'659a72a6-284a-4b1b-b460-018096237cb9'),('Final Exam Prep Workshop','Revision workshops for Class 10 starting Feb 1.','Exam','all',NULL,NULL,'in_app','Sent',NULL,'2025-12-07 09:00:00',NULL,90,26,NULL,'6508c0b7-c2dc-4ddd-a947-98b694d459ed','{}','2026-05-27 22:34:51','2026-05-27 22:34:51',1,NULL,NULL,NULL,NULL,'659a72a6-284a-4b1b-b460-018096237cb9'),('Fee Reminder - July','Please clear pending fees for July by July 15.','Fee','all',NULL,NULL,'in_app','Sent',NULL,'2025-06-09 09:00:00',NULL,91,20,NULL,'909067d7-73cf-43fc-ae87-6c6e55954c80','{}','2026-05-27 22:34:51','2026-05-27 22:34:51',1,NULL,NULL,NULL,NULL,'659a72a6-284a-4b1b-b460-018096237cb9'),('Annual Sports Day','Annual sports day on Oct 25.','Event','all',NULL,NULL,'in_app','Sent',NULL,'2025-09-21 09:00:00',NULL,57,31,NULL,'93d3e20d-a54b-4c63-86ac-9674ea2cf259','{}','2026-05-27 22:34:51','2026-05-27 22:34:51',1,NULL,NULL,NULL,NULL,'659a72a6-284a-4b1b-b460-018096237cb9'),('Mid-Term Exam Schedule','Mid-term exams start from Sep 15.','Exam','all',NULL,NULL,'in_app','Sent',NULL,'2025-08-11 09:00:00',NULL,52,60,NULL,'a7e80d21-2db4-404f-a84d-448f0d220820','{}','2026-05-27 22:34:51','2026-05-27 22:34:51',1,NULL,NULL,NULL,NULL,'659a72a6-284a-4b1b-b460-018096237cb9'),('Science Exhibition','Inter-class science exhibition on Nov 20.','Event','all',NULL,NULL,'in_app','Sent',NULL,'2025-10-03 09:00:00',NULL,46,33,NULL,'b3f34319-a12d-4d8d-bdf0-fc62cf405763','{}','2026-05-27 22:34:51','2026-05-27 22:34:51',1,NULL,NULL,NULL,NULL,'659a72a6-284a-4b1b-b460-018096237cb9'),('Pre-Final Exam Schedule','Pre-final exams start Dec 10.','Exam','all',NULL,NULL,'in_app','Sent',NULL,'2025-11-06 09:00:00',NULL,53,39,NULL,'c38db51c-3553-40bb-9cc3-222a7b04127f','{}','2026-05-27 22:34:51','2026-05-27 22:34:51',1,NULL,NULL,NULL,NULL,'659a72a6-284a-4b1b-b460-018096237cb9'),('Fee Reminder - November','Pending fee reminder. Last date Nov 30.','Fee','all',NULL,NULL,'in_app','Sent',NULL,'2025-10-06 09:00:00',NULL,55,39,NULL,'cdfddfcc-2394-4e6d-ac44-0440c6e7a50d','{}','2026-05-27 22:34:51','2026-05-27 22:34:51',1,NULL,NULL,NULL,NULL,'659a72a6-284a-4b1b-b460-018096237cb9'),('Christmas Celebration','Christmas party on Dec 23.','Event','all',NULL,NULL,'in_app','Sent',NULL,'2025-12-06 09:00:00',NULL,55,48,NULL,'d8b0bbf8-a545-431e-b0ac-362aac704010','{}','2026-05-27 22:34:51','2026-05-27 22:34:51',1,NULL,NULL,NULL,NULL,'659a72a6-284a-4b1b-b460-018096237cb9'),('Republic Day Event','Republic Day celebration Jan 26.','Event','all',NULL,NULL,'in_app','Sent',NULL,'2025-12-03 09:00:00',NULL,42,59,NULL,'eef74118-a1b3-430e-b524-55af4c32293f','{}','2026-05-27 22:34:51','2026-05-27 22:34:51',1,NULL,NULL,NULL,NULL,'659a72a6-284a-4b1b-b460-018096237cb9');
/*!40000 ALTER TABLE `notifications` ENABLE KEYS */;
UNLOCK TABLES;

--
-- Table structure for table `parent_meetings`
--

DROP TABLE IF EXISTS `parent_meetings`;
/*!40101 SET @saved_cs_client     = @@character_set_client */;
/*!50503 SET character_set_client = utf8mb4 */;
CREATE TABLE `parent_meetings` (
  `academic_year_id` char(36) CHARACTER SET utf8mb4 COLLATE utf8mb4_unicode_ci NOT NULL,
  `student_id` char(36) CHARACTER SET utf8mb4 COLLATE utf8mb4_unicode_ci NOT NULL,
  `meeting_date` date NOT NULL,
  `meeting_time` time DEFAULT NULL,
  `conducted_by` char(36) CHARACTER SET utf8mb4 COLLATE utf8mb4_unicode_ci NOT NULL,
  `parent_id` char(36) CHARACTER SET utf8mb4 COLLATE utf8mb4_unicode_ci DEFAULT NULL,
  `attendees` json NOT NULL,
  `agenda` text CHARACTER SET utf8mb4 COLLATE utf8mb4_unicode_ci,
  `discussion_notes` text CHARACTER SET utf8mb4 COLLATE utf8mb4_unicode_ci,
  `action_items` json NOT NULL,
  `next_meeting_date` date DEFAULT NULL,
  `status` varchar(20) CHARACTER SET utf8mb4 COLLATE utf8mb4_unicode_ci NOT NULL,
  `meeting_type` varchar(50) CHARACTER SET utf8mb4 COLLATE utf8mb4_unicode_ci DEFAULT NULL,
  `follow_up_required` tinyint(1) NOT NULL,
  `remarks` text CHARACTER SET utf8mb4 COLLATE utf8mb4_unicode_ci,
  `id` char(36) CHARACTER SET utf8mb4 COLLATE utf8mb4_unicode_ci NOT NULL,
  `metadata` json NOT NULL,
  `created_at` datetime NOT NULL DEFAULT (now()),
  `updated_at` datetime NOT NULL DEFAULT (now()),
  `is_active` tinyint(1) NOT NULL,
  `deleted_at` datetime DEFAULT NULL,
  `deleted_by` char(36) CHARACTER SET utf8mb4 COLLATE utf8mb4_unicode_ci DEFAULT NULL,
  `created_by` char(36) CHARACTER SET utf8mb4 COLLATE utf8mb4_unicode_ci DEFAULT NULL,
  `updated_by` char(36) CHARACTER SET utf8mb4 COLLATE utf8mb4_unicode_ci DEFAULT NULL,
  `school_id` char(36) CHARACTER SET utf8mb4 COLLATE utf8mb4_unicode_ci NOT NULL,
  PRIMARY KEY (`id`),
  KEY `fk_parent_meetings_academic_year_id_academic_years` (`academic_year_id`),
  KEY `fk_parent_meetings_parent_id_parents` (`parent_id`),
  KEY `idx_parent_meetings_date` (`school_id`,`meeting_date`),
  KEY `idx_parent_meetings_conductor` (`conducted_by`,`meeting_date`),
  KEY `ix_parent_meetings_school_id` (`school_id`),
  KEY `idx_parent_meetings_status` (`school_id`,`academic_year_id`,`status`),
  KEY `idx_parent_meetings_student` (`student_id`,`academic_year_id`),
  KEY `ix_parent_meetings_is_active` (`is_active`),
  CONSTRAINT `fk_parent_meetings_academic_year_id_academic_years` FOREIGN KEY (`academic_year_id`) REFERENCES `academic_years` (`id`),
  CONSTRAINT `fk_parent_meetings_conducted_by_staff` FOREIGN KEY (`conducted_by`) REFERENCES `staff` (`id`),
  CONSTRAINT `fk_parent_meetings_parent_id_parents` FOREIGN KEY (`parent_id`) REFERENCES `parents` (`id`),
  CONSTRAINT `fk_parent_meetings_school_id_schools` FOREIGN KEY (`school_id`) REFERENCES `schools` (`id`),
  CONSTRAINT `fk_parent_meetings_student_id_students` FOREIGN KEY (`student_id`) REFERENCES `students` (`id`)
) ENGINE=InnoDB DEFAULT CHARSET=utf8mb4 COLLATE=utf8mb4_unicode_ci;
/*!40101 SET character_set_client = @saved_cs_client */;

--
-- Dumping data for table `parent_meetings`
--

LOCK TABLES `parent_meetings` WRITE;
/*!40000 ALTER TABLE `parent_meetings` DISABLE KEYS */;
INSERT INTO `parent_meetings` VALUES ('491598d9-1ca9-4402-86f3-87b92cf96f11','e81f6d5a-d28d-4aea-9771-ca26ef984530','2025-12-11','10:00:00','f55f47c2-6286-478e-b218-8f97ed41cd31','a2f659da-d537-495e-884f-5198aed82106','[]','Annual progress review',NULL,'[]',NULL,'Scheduled','Regular PTM',0,NULL,'014d0371-956b-4c8c-a17d-f24dbac0e7cf','{}','2026-05-27 22:34:50','2026-05-27 22:34:50',1,NULL,NULL,NULL,NULL,'659a72a6-284a-4b1b-b460-018096237cb9'),('491598d9-1ca9-4402-86f3-87b92cf96f11','e77aeb23-e06c-4060-940b-e98c6076ae15','2025-10-17','10:00:00','f55f47c2-6286-478e-b218-8f97ed41cd31','f3486b64-5d5a-43e6-80b9-87398722ae65','[]','Career counseling discussion','Career counseling discussion','[]',NULL,'Completed','Regular PTM',0,NULL,'06680e7f-7c08-4870-a551-2db80f07b701','{}','2026-05-27 22:34:50','2026-05-27 22:34:50',1,NULL,NULL,NULL,NULL,'659a72a6-284a-4b1b-b460-018096237cb9'),('491598d9-1ca9-4402-86f3-87b92cf96f11','4297c48a-a425-4828-961d-1e09369bda04','2025-11-05','10:00:00','f55f47c2-6286-478e-b218-8f97ed41cd31','31fc850b-0fad-4544-843d-f9ecbda9223d','[]','Follow up on attendance improvement','Follow up on attendance improvement','[]',NULL,'Completed','Regular PTM',0,NULL,'239128f0-52bf-45c7-a04b-8535bcbb3c91','{}','2026-05-27 22:34:50','2026-05-27 22:34:50',1,NULL,NULL,NULL,NULL,'659a72a6-284a-4b1b-b460-018096237cb9'),('491598d9-1ca9-4402-86f3-87b92cf96f11','dcd9ac28-b22f-41ce-90e8-46b4dfae4799','2025-08-10','10:00:00','f55f47c2-6286-478e-b218-8f97ed41cd31','dc2cf146-941e-468d-97a8-3f10b6c8714c','[]','Academic progress - excellent in Math','Academic progress - excellent in Math','[]',NULL,'Completed','Regular PTM',0,NULL,'2d718c21-47d8-416b-86a4-8342b5992e0f','{}','2026-05-27 22:34:50','2026-05-27 22:34:50',1,NULL,NULL,NULL,NULL,'659a72a6-284a-4b1b-b460-018096237cb9'),('491598d9-1ca9-4402-86f3-87b92cf96f11','a81dcd18-15ed-467b-8583-60cbf3665752','2025-09-07','10:00:00','f55f47c2-6286-478e-b218-8f97ed41cd31','cc14dea0-7b33-4bd2-a8fb-3491a7cba9bf','[]','Discuss low attendance','Discuss low attendance','[]',NULL,'Completed','Regular PTM',0,NULL,'329c0c2c-1b19-4dab-99dd-162b27b11439','{}','2026-05-27 22:34:50','2026-05-27 22:34:50',1,NULL,NULL,NULL,NULL,'659a72a6-284a-4b1b-b460-018096237cb9'),('491598d9-1ca9-4402-86f3-87b92cf96f11','718e064c-26d8-4d8e-8bbb-fcebd31f70b1','2025-10-16','10:00:00','f55f47c2-6286-478e-b218-8f97ed41cd31','11d73b34-d48f-4ab3-abdc-3f2d6726dbd9','[]','Extra-curricular participation','Extra-curricular participation','[]',NULL,'Completed','Regular PTM',0,NULL,'5a859a46-eb80-4f8c-9b18-c55d0e6746fa','{}','2026-05-27 22:34:50','2026-05-27 22:34:50',1,NULL,NULL,NULL,NULL,'659a72a6-284a-4b1b-b460-018096237cb9'),('491598d9-1ca9-4402-86f3-87b92cf96f11','4297c48a-a425-4828-961d-1e09369bda04','2025-08-12','10:00:00','f55f47c2-6286-478e-b218-8f97ed41cd31','31fc850b-0fad-4544-843d-f9ecbda9223d','[]','Attendance concern - need improvement','Attendance concern - need improvement','[]',NULL,'Completed','Regular PTM',0,NULL,'77f5ac35-85a2-48ef-b64e-0d2e9aa8f7cf','{}','2026-05-27 22:34:50','2026-05-27 22:34:50',1,NULL,NULL,NULL,NULL,'659a72a6-284a-4b1b-b460-018096237cb9'),('491598d9-1ca9-4402-86f3-87b92cf96f11','4a81aff3-2e60-460f-98e1-fd7afc013c21','2025-09-05','10:00:00','f55f47c2-6286-478e-b218-8f97ed41cd31','9adc1998-333b-4207-ac53-73b1a6fc3040','[]','Behavioral issue discussion','Behavioral issue discussion','[]',NULL,'Completed','Regular PTM',0,NULL,'b7b96e04-b9f7-416b-a231-5564ae67dc00','{}','2026-05-27 22:34:50','2026-05-27 22:34:50',1,NULL,NULL,NULL,NULL,'659a72a6-284a-4b1b-b460-018096237cb9'),('491598d9-1ca9-4402-86f3-87b92cf96f11','a81dcd18-15ed-467b-8583-60cbf3665752','2025-11-06','10:00:00','f55f47c2-6286-478e-b218-8f97ed41cd31','cc14dea0-7b33-4bd2-a8fb-3491a7cba9bf','[]','Follow up - attendance still low','Follow up - attendance still low','[]',NULL,'Completed','Regular PTM',0,NULL,'d1c141b7-c4c1-4fc0-a851-031f93c18584','{}','2026-05-27 22:34:50','2026-05-27 22:34:50',1,NULL,NULL,NULL,NULL,'659a72a6-284a-4b1b-b460-018096237cb9'),('491598d9-1ca9-4402-86f3-87b92cf96f11','e81f6d5a-d28d-4aea-9771-ca26ef984530','2025-08-11','10:00:00','f55f47c2-6286-478e-b218-8f97ed41cd31','a2f659da-d537-495e-884f-5198aed82106','[]','Discuss improvement in Science','Discuss improvement in Science','[]',NULL,'Completed','Regular PTM',0,NULL,'d56827a2-f8ea-43c8-97ad-4bcdafcb219a','{}','2026-05-27 22:34:50','2026-05-27 22:34:50',1,NULL,NULL,NULL,NULL,'659a72a6-284a-4b1b-b460-018096237cb9'),('491598d9-1ca9-4402-86f3-87b92cf96f11','dcd9ac28-b22f-41ce-90e8-46b4dfae4799','2025-12-10','10:00:00','f55f47c2-6286-478e-b218-8f97ed41cd31','dc2cf146-941e-468d-97a8-3f10b6c8714c','[]','Pre-final exam preparation discussion',NULL,'[]',NULL,'Scheduled','Regular PTM',0,NULL,'daabb999-01ee-4bcd-9cc5-fcaab0a03c5d','{}','2026-05-27 22:34:50','2026-05-27 22:34:50',1,NULL,NULL,NULL,NULL,'659a72a6-284a-4b1b-b460-018096237cb9'),('491598d9-1ca9-4402-86f3-87b92cf96f11','e32641ce-926f-4338-ac29-3f2a89e94524','2025-11-20','10:00:00','f55f47c2-6286-478e-b218-8f97ed41cd31','3efab0b4-31ff-4aea-8103-d2f1fa345ead','[]','New student orientation meeting','New student orientation meeting','[]',NULL,'Completed','Regular PTM',0,NULL,'e94b668c-0fc9-4bb4-afc2-fb3a88bdaa06','{}','2026-05-27 22:34:50','2026-05-27 22:34:50',1,NULL,NULL,NULL,NULL,'659a72a6-284a-4b1b-b460-018096237cb9'),('491598d9-1ca9-4402-86f3-87b92cf96f11','dcd9ac28-b22f-41ce-90e8-46b4dfae4799','2025-10-15','10:00:00','f55f47c2-6286-478e-b218-8f97ed41cd31','dc2cf146-941e-468d-97a8-3f10b6c8714c','[]','Post mid-term review - top of class','Post mid-term review - top of class','[]',NULL,'Completed','Regular PTM',0,NULL,'fa153db4-302b-4e14-9235-d1916195bef8','{}','2026-05-27 22:34:50','2026-05-27 22:34:50',1,NULL,NULL,NULL,NULL,'659a72a6-284a-4b1b-b460-018096237cb9'),('491598d9-1ca9-4402-86f3-87b92cf96f11','42e817b5-8abc-43aa-8a80-3e98221c4ab6','2025-09-06','10:00:00','f55f47c2-6286-478e-b218-8f97ed41cd31','4f59f0ff-bb53-40ce-b7d9-e3a63d953720','[]','Mid-term performance review','Mid-term performance review','[]',NULL,'Completed','Regular PTM',0,NULL,'fb55a57e-b398-4d3c-a868-3b7cd7f93f20','{}','2026-05-27 22:34:50','2026-05-27 22:34:50',1,NULL,NULL,NULL,NULL,'659a72a6-284a-4b1b-b460-018096237cb9');
/*!40000 ALTER TABLE `parent_meetings` ENABLE KEYS */;
UNLOCK TABLES;

--
-- Table structure for table `parents`
--

DROP TABLE IF EXISTS `parents`;
/*!40101 SET @saved_cs_client     = @@character_set_client */;
/*!50503 SET character_set_client = utf8mb4 */;
CREATE TABLE `parents` (
  `first_name` varchar(100) CHARACTER SET utf8mb4 COLLATE utf8mb4_unicode_ci NOT NULL,
  `last_name` varchar(100) CHARACTER SET utf8mb4 COLLATE utf8mb4_unicode_ci DEFAULT NULL,
  `full_name` varchar(255) CHARACTER SET utf8mb4 COLLATE utf8mb4_unicode_ci NOT NULL,
  `relation` varchar(20) CHARACTER SET utf8mb4 COLLATE utf8mb4_unicode_ci NOT NULL,
  `email` varchar(255) CHARACTER SET utf8mb4 COLLATE utf8mb4_unicode_ci DEFAULT NULL,
  `phone` varchar(20) CHARACTER SET utf8mb4 COLLATE utf8mb4_unicode_ci DEFAULT NULL,
  `alternate_phone` varchar(20) CHARACTER SET utf8mb4 COLLATE utf8mb4_unicode_ci DEFAULT NULL,
  `occupation` varchar(100) CHARACTER SET utf8mb4 COLLATE utf8mb4_unicode_ci DEFAULT NULL,
  `annual_income` varchar(50) CHARACTER SET utf8mb4 COLLATE utf8mb4_unicode_ci DEFAULT NULL,
  `address_line1` varchar(255) CHARACTER SET utf8mb4 COLLATE utf8mb4_unicode_ci DEFAULT NULL,
  `address_line2` varchar(255) CHARACTER SET utf8mb4 COLLATE utf8mb4_unicode_ci DEFAULT NULL,
  `city` varchar(100) CHARACTER SET utf8mb4 COLLATE utf8mb4_unicode_ci DEFAULT NULL,
  `state` varchar(100) CHARACTER SET utf8mb4 COLLATE utf8mb4_unicode_ci DEFAULT NULL,
  `pincode` varchar(20) CHARACTER SET utf8mb4 COLLATE utf8mb4_unicode_ci DEFAULT NULL,
  `aadhar_number` varchar(20) CHARACTER SET utf8mb4 COLLATE utf8mb4_unicode_ci DEFAULT NULL,
  `is_primary_contact` tinyint(1) NOT NULL,
  `id` char(36) CHARACTER SET utf8mb4 COLLATE utf8mb4_unicode_ci NOT NULL,
  `metadata` json NOT NULL,
  `created_at` datetime NOT NULL DEFAULT (now()),
  `updated_at` datetime NOT NULL DEFAULT (now()),
  `is_active` tinyint(1) NOT NULL,
  `deleted_at` datetime DEFAULT NULL,
  `deleted_by` char(36) CHARACTER SET utf8mb4 COLLATE utf8mb4_unicode_ci DEFAULT NULL,
  `created_by` char(36) CHARACTER SET utf8mb4 COLLATE utf8mb4_unicode_ci DEFAULT NULL,
  `updated_by` char(36) CHARACTER SET utf8mb4 COLLATE utf8mb4_unicode_ci DEFAULT NULL,
  `school_id` char(36) CHARACTER SET utf8mb4 COLLATE utf8mb4_unicode_ci NOT NULL,
  PRIMARY KEY (`id`),
  KEY `idx_parents_phone` (`school_id`,`phone`),
  KEY `ix_parents_school_id` (`school_id`),
  KEY `ix_parents_is_active` (`is_active`),
  KEY `idx_parents_email` (`school_id`,`email`),
  CONSTRAINT `fk_parents_school_id_schools` FOREIGN KEY (`school_id`) REFERENCES `schools` (`id`)
) ENGINE=InnoDB DEFAULT CHARSET=utf8mb4 COLLATE=utf8mb4_unicode_ci;
/*!40101 SET character_set_client = @saved_cs_client */;

--
-- Dumping data for table `parents`
--

LOCK TABLES `parents` WRITE;
/*!40000 ALTER TABLE `parents` DISABLE KEYS */;
INSERT INTO `parents` VALUES ('Mrs. Pandey','Pandey','Mrs. Pandey','Mother','mother.pandey18@email.com','+91-988010018',NULL,'Architect',NULL,NULL,NULL,NULL,NULL,NULL,NULL,0,'00f1f25e-10ea-4525-a90a-d69fbb41319d','{}','2026-05-27 22:34:50','2026-05-27 22:34:50',1,NULL,NULL,NULL,NULL,'659a72a6-284a-4b1b-b460-018096237cb9'),('Mr. Das','Das','Mr. Das','Father','father.das9@email.com','+91-988000009',NULL,'Doctor',NULL,NULL,NULL,NULL,NULL,NULL,NULL,1,'06b1c346-9ea0-4191-af24-021a0038883e','{}','2026-05-27 22:34:50','2026-05-27 22:34:50',1,NULL,NULL,NULL,NULL,'659a72a6-284a-4b1b-b460-018096237cb9'),('Mrs. Nair','Nair','Mrs. Nair','Mother','mother.nair30@email.com','+91-988010030',NULL,'Doctor',NULL,NULL,NULL,NULL,NULL,NULL,NULL,0,'09b48424-7f40-4790-bbc5-b670d1aa91ef','{}','2026-05-27 22:34:50','2026-05-27 22:34:50',1,NULL,NULL,NULL,NULL,'659a72a6-284a-4b1b-b460-018096237cb9'),('Mr. Verma','Verma','Mr. Verma','Father','father.verma12@email.com','+91-988000012',NULL,'Lawyer',NULL,NULL,NULL,NULL,NULL,NULL,NULL,1,'0bfe8235-cb69-480c-8046-98ba97d7d6f3','{}','2026-05-27 22:34:50','2026-05-27 22:34:50',1,NULL,NULL,NULL,NULL,'659a72a6-284a-4b1b-b460-018096237cb9'),('Mrs. Agarwal','Agarwal','Mrs. Agarwal','Mother','mother.agarwal38@email.com','+91-988010038',NULL,'Doctor',NULL,NULL,NULL,NULL,NULL,NULL,NULL,0,'0dca18b6-a983-4380-83c9-cc4f01c6ea9c','{}','2026-05-27 22:34:50','2026-05-27 22:34:50',1,NULL,NULL,NULL,NULL,'659a72a6-284a-4b1b-b460-018096237cb9'),('Mr. Das','Das','Mr. Das','Father','father.das33@email.com','+91-988000033',NULL,'Doctor',NULL,NULL,NULL,NULL,NULL,NULL,NULL,1,'0f59e605-6680-42a7-b14f-96748e019053','{}','2026-05-27 22:34:50','2026-05-27 22:34:50',1,NULL,NULL,NULL,NULL,'659a72a6-284a-4b1b-b460-018096237cb9'),('Mrs. Malhotra','Malhotra','Mrs. Malhotra','Mother','mother.malhotra19@email.com','+91-988010019',NULL,'Banker',NULL,NULL,NULL,NULL,NULL,NULL,NULL,0,'0f9619d5-30e5-4b4d-9ca5-8686c3563e24','{}','2026-05-27 22:34:50','2026-05-27 22:34:50',1,NULL,NULL,NULL,NULL,'659a72a6-284a-4b1b-b460-018096237cb9'),('Mr. Nair','Nair','Mr. Nair','Father','father.nair6@email.com','+91-988000006',NULL,'Banker',NULL,NULL,NULL,NULL,NULL,NULL,NULL,1,'11d73b34-d48f-4ab3-abdc-3f2d6726dbd9','{}','2026-05-27 22:34:50','2026-05-27 22:34:50',1,NULL,NULL,NULL,NULL,'659a72a6-284a-4b1b-b460-018096237cb9'),('Mrs. Rao','Rao','Mrs. Rao','Mother','mother.rao28@email.com','+91-988010028',NULL,'Scientist',NULL,NULL,NULL,NULL,NULL,NULL,NULL,0,'12e98ee8-aed0-4f3d-ace2-109116628fd8','{}','2026-05-27 22:34:50','2026-05-27 22:34:50',1,NULL,NULL,NULL,NULL,'659a72a6-284a-4b1b-b460-018096237cb9'),('Mr. Malhotra','Malhotra','Mr. Malhotra','Father','father.malhotra43@email.com','+91-988000043',NULL,'Business',NULL,NULL,NULL,NULL,NULL,NULL,NULL,1,'18aa77e6-72df-45e0-ad1f-b2607472205d','{}','2026-05-27 22:34:50','2026-05-27 22:34:50',1,NULL,NULL,NULL,NULL,'659a72a6-284a-4b1b-b460-018096237cb9'),('Mrs. Mehta','Mehta','Mrs. Mehta','Mother','mother.mehta24@email.com','+91-988010024',NULL,'Business',NULL,NULL,NULL,NULL,NULL,NULL,NULL,0,'1dde57aa-e047-42e6-b4c3-a76b1e2d7812','{}','2026-05-27 22:34:50','2026-05-27 22:34:50',1,NULL,NULL,NULL,NULL,'659a72a6-284a-4b1b-b460-018096237cb9'),('Mr. Agarwal','Agarwal','Mr. Agarwal','Father','father.agarwal38@email.com','+91-988000038',NULL,'Banker',NULL,NULL,NULL,NULL,NULL,NULL,NULL,1,'276c0004-92b2-41e4-ad72-8aa2c691459a','{}','2026-05-27 22:34:50','2026-05-27 22:34:50',1,NULL,NULL,NULL,NULL,'659a72a6-284a-4b1b-b460-018096237cb9'),('Mr. Mishra','Mishra','Mr. Mishra','Father','father.mishra15@email.com','+91-988000015',NULL,'Scientist',NULL,NULL,NULL,NULL,NULL,NULL,NULL,1,'283a5854-11e1-42d5-aee3-738be937973b','{}','2026-05-27 22:34:50','2026-05-27 22:34:50',1,NULL,NULL,NULL,NULL,'659a72a6-284a-4b1b-b460-018096237cb9'),('Mr. Nair','Nair','Mr. Nair','Father','father.nair30@email.com','+91-988000030',NULL,'Banker',NULL,NULL,NULL,NULL,NULL,NULL,NULL,1,'28967ae4-ba47-4ca3-bf48-1e025c6f112d','{}','2026-05-27 22:34:50','2026-05-27 22:34:50',1,NULL,NULL,NULL,NULL,'659a72a6-284a-4b1b-b460-018096237cb9'),('Mrs. Iyer','Iyer','Mrs. Iyer','Mother','mother.iyer11@email.com','+91-988010011',NULL,'Banker',NULL,NULL,NULL,NULL,NULL,NULL,NULL,0,'29686f68-5e36-472c-9c21-52c2102475be','{}','2026-05-27 22:34:50','2026-05-27 22:34:50',1,NULL,NULL,NULL,NULL,'659a72a6-284a-4b1b-b460-018096237cb9'),('Mr. Banerjee','Banerjee','Mr. Banerjee','Father','father.banerjee20@email.com','+91-988000020',NULL,'Lawyer',NULL,NULL,NULL,NULL,NULL,NULL,NULL,1,'297017e0-dfea-44bd-819a-38fbd7a6c1f0','{}','2026-05-27 22:34:50','2026-05-27 22:34:50',1,NULL,NULL,NULL,NULL,'659a72a6-284a-4b1b-b460-018096237cb9'),('Mr. Ghosh','Ghosh','Mr. Ghosh','Father','father.ghosh22@email.com','+91-988000022',NULL,'Banker',NULL,NULL,NULL,NULL,NULL,NULL,NULL,1,'2b5e4edc-b1f1-4c8a-b9f3-0284b2ff87dd','{}','2026-05-27 22:34:50','2026-05-27 22:34:50',1,NULL,NULL,NULL,NULL,'659a72a6-284a-4b1b-b460-018096237cb9'),('Mrs. Chopra','Chopra','Mrs. Chopra','Mother','mother.chopra13@email.com','+91-988010013',NULL,'Engineer',NULL,NULL,NULL,NULL,NULL,NULL,NULL,0,'2c175cca-68e9-4a05-bffe-b23932b64802','{}','2026-05-27 22:34:50','2026-05-27 22:34:50',1,NULL,NULL,NULL,NULL,'659a72a6-284a-4b1b-b460-018096237cb9'),('Mr. Patel','Patel','Mr. Patel','Father','father.patel2@email.com','+91-988000002',NULL,'Teacher',NULL,NULL,NULL,NULL,NULL,NULL,NULL,1,'31fc850b-0fad-4544-843d-f9ecbda9223d','{}','2026-05-27 22:34:50','2026-05-27 22:34:50',1,NULL,NULL,NULL,NULL,'659a72a6-284a-4b1b-b460-018096237cb9'),('Mrs. Saxena','Saxena','Mrs. Saxena','Mother','mother.saxena40@email.com','+91-988010040',NULL,'Business',NULL,NULL,NULL,NULL,NULL,NULL,NULL,0,'3247f096-5bf8-44d4-9387-30458d8e5e0d','{}','2026-05-27 22:34:50','2026-05-27 22:34:50',1,NULL,NULL,NULL,NULL,'659a72a6-284a-4b1b-b460-018096237cb9'),('Mrs. Nair','Nair','Mrs. Nair','Mother','mother.nair6@email.com','+91-988010006',NULL,'Doctor',NULL,NULL,NULL,NULL,NULL,NULL,NULL,0,'326e18fe-5bc7-4b9d-a614-876b7b81293c','{}','2026-05-27 22:34:50','2026-05-27 22:34:50',1,NULL,NULL,NULL,NULL,'659a72a6-284a-4b1b-b460-018096237cb9'),('Mrs. Singh','Singh','Mrs. Singh','Mother','mother.singh27@email.com','+91-988010027',NULL,'Banker',NULL,NULL,NULL,NULL,NULL,NULL,NULL,0,'34337591-a98d-4fcc-82b5-07c283bc9b34','{}','2026-05-27 22:34:50','2026-05-27 22:34:50',1,NULL,NULL,NULL,NULL,'659a72a6-284a-4b1b-b460-018096237cb9'),('Mrs. Agarwal','Agarwal','Mrs. Agarwal','Mother','mother.agarwal14@email.com','+91-988010014',NULL,'Doctor',NULL,NULL,NULL,NULL,NULL,NULL,NULL,0,'37037f9b-13e8-471c-99a8-1dcfcc67222f','{}','2026-05-27 22:34:50','2026-05-27 22:34:50',1,NULL,NULL,NULL,NULL,'659a72a6-284a-4b1b-b460-018096237cb9'),('Mr. Tiwari','Tiwari','Mr. Tiwari','Father','father.tiwari41@email.com','+91-988000041',NULL,'Doctor',NULL,NULL,NULL,NULL,NULL,NULL,NULL,1,'3974664d-efef-434a-8e4e-2a9ffdb7671b','{}','2026-05-27 22:34:50','2026-05-27 22:34:50',1,NULL,NULL,NULL,NULL,'659a72a6-284a-4b1b-b460-018096237cb9'),('Mr. Malhotra','Malhotra','Mr. Malhotra','Father','father.malhotra19@email.com','+91-988000019',NULL,'Business',NULL,NULL,NULL,NULL,NULL,NULL,NULL,1,'3ef05ddc-0b03-4cb6-be0f-b5e21bfdee32','{}','2026-05-27 22:34:50','2026-05-27 22:34:50',1,NULL,NULL,NULL,NULL,'659a72a6-284a-4b1b-b460-018096237cb9'),('Mr. Kumar','Kumar','Mr. Kumar','Father','father.kumar8@email.com','+91-988000008',NULL,'Engineer',NULL,NULL,NULL,NULL,NULL,NULL,NULL,1,'3efab0b4-31ff-4aea-8103-d2f1fa345ead','{}','2026-05-27 22:34:50','2026-05-27 22:34:50',1,NULL,NULL,NULL,NULL,'659a72a6-284a-4b1b-b460-018096237cb9'),('Mrs. Banerjee','Banerjee','Mrs. Banerjee','Mother','mother.banerjee44@email.com','+91-988010044',NULL,'Scientist',NULL,NULL,NULL,NULL,NULL,NULL,NULL,0,'468c8378-d0cd-41a1-a8be-17d697ec0297','{}','2026-05-27 22:34:50','2026-05-27 22:34:50',1,NULL,NULL,NULL,NULL,'659a72a6-284a-4b1b-b460-018096237cb9'),('Mrs. Pandey','Pandey','Mrs. Pandey','Mother','mother.pandey42@email.com','+91-988010042',NULL,'Architect',NULL,NULL,NULL,NULL,NULL,NULL,NULL,0,'48d0531e-d6b9-4f70-8e10-aec33e60de9a','{}','2026-05-27 22:34:50','2026-05-27 22:34:50',1,NULL,NULL,NULL,NULL,'659a72a6-284a-4b1b-b460-018096237cb9'),('Mrs. Rao','Rao','Mrs. Rao','Mother','mother.rao4@email.com','+91-988010004',NULL,'Scientist',NULL,NULL,NULL,NULL,NULL,NULL,NULL,0,'4a25a899-701a-453e-b3be-7a1fb36ec586','{}','2026-05-27 22:34:50','2026-05-27 22:34:50',1,NULL,NULL,NULL,NULL,'659a72a6-284a-4b1b-b460-018096237cb9'),('Mr. Patel','Patel','Mr. Patel','Father','father.patel26@email.com','+91-988000026',NULL,'Teacher',NULL,NULL,NULL,NULL,NULL,NULL,NULL,1,'4b6c8a73-ec1c-4c76-a2a9-4a5eaaf88474','{}','2026-05-27 22:34:50','2026-05-27 22:34:50',1,NULL,NULL,NULL,NULL,'659a72a6-284a-4b1b-b460-018096237cb9'),('Mr. Rao','Rao','Mr. Rao','Father','father.rao4@email.com','+91-988000004',NULL,'Lawyer',NULL,NULL,NULL,NULL,NULL,NULL,NULL,1,'4f59f0ff-bb53-40ce-b7d9-e3a63d953720','{}','2026-05-27 22:34:50','2026-05-27 22:34:50',1,NULL,NULL,NULL,NULL,'659a72a6-284a-4b1b-b460-018096237cb9'),('Mrs. Mukherjee','Mukherjee','Mrs. Mukherjee','Mother','mother.mukherjee21@email.com','+91-988010021',NULL,'Engineer',NULL,NULL,NULL,NULL,NULL,NULL,NULL,0,'504811ee-221a-4ff7-8822-084bcad44214','{}','2026-05-27 22:34:50','2026-05-27 22:34:50',1,NULL,NULL,NULL,NULL,'659a72a6-284a-4b1b-b460-018096237cb9'),('Mr. Iyer','Iyer','Mr. Iyer','Father','father.iyer35@email.com','+91-988000035',NULL,'Business',NULL,NULL,NULL,NULL,NULL,NULL,NULL,1,'57d320d9-0a3a-47c5-b6a6-86c0c99546a2','{}','2026-05-27 22:34:50','2026-05-27 22:34:50',1,NULL,NULL,NULL,NULL,'659a72a6-284a-4b1b-b460-018096237cb9'),('Mrs. Sharma','Sharma','Mrs. Sharma','Mother','mother.sharma29@email.com','+91-988010029',NULL,'Engineer',NULL,NULL,NULL,NULL,NULL,NULL,NULL,0,'5931bb7d-b35a-4a61-8df3-afe317acdf8e','{}','2026-05-27 22:34:50','2026-05-27 22:34:50',1,NULL,NULL,NULL,NULL,'659a72a6-284a-4b1b-b460-018096237cb9'),('Mr. Mishra','Mishra','Mr. Mishra','Father','father.mishra39@email.com','+91-988000039',NULL,'Scientist',NULL,NULL,NULL,NULL,NULL,NULL,NULL,1,'5c46264e-5a62-43c0-b4d7-5f5d32294165','{}','2026-05-27 22:34:50','2026-05-27 22:34:50',1,NULL,NULL,NULL,NULL,'659a72a6-284a-4b1b-b460-018096237cb9'),('Mr. Rao','Rao','Mr. Rao','Father','father.rao28@email.com','+91-988000028',NULL,'Lawyer',NULL,NULL,NULL,NULL,NULL,NULL,NULL,1,'5caaaae0-e736-4ec8-81c4-97c7f1b890ba','{}','2026-05-27 22:34:50','2026-05-27 22:34:50',1,NULL,NULL,NULL,NULL,'659a72a6-284a-4b1b-b460-018096237cb9'),('Mr. Pandey','Pandey','Mr. Pandey','Father','father.pandey18@email.com','+91-988000018',NULL,'Teacher',NULL,NULL,NULL,NULL,NULL,NULL,NULL,1,'5d656e59-f10b-4475-9247-870141cc93cc','{}','2026-05-27 22:34:50','2026-05-27 22:34:50',1,NULL,NULL,NULL,NULL,'659a72a6-284a-4b1b-b460-018096237cb9'),('Mrs. Saxena','Saxena','Mrs. Saxena','Mother','mother.saxena16@email.com','+91-988010016',NULL,'Business',NULL,NULL,NULL,NULL,NULL,NULL,NULL,0,'5f4694a3-d278-4d93-92d2-46b2512bd0df','{}','2026-05-27 22:34:50','2026-05-27 22:34:50',1,NULL,NULL,NULL,NULL,'659a72a6-284a-4b1b-b460-018096237cb9'),('Mrs. Sharma','Sharma','Mrs. Sharma','Mother','mother.sharma5@email.com','+91-988010005',NULL,'Engineer',NULL,NULL,NULL,NULL,NULL,NULL,NULL,0,'60c0c8d4-d536-4e80-a4ee-8d8b0317801e','{}','2026-05-27 22:34:50','2026-05-27 22:34:50',1,NULL,NULL,NULL,NULL,'659a72a6-284a-4b1b-b460-018096237cb9'),('Mrs. Iyer','Iyer','Mrs. Iyer','Mother','mother.iyer35@email.com','+91-988010035',NULL,'Banker',NULL,NULL,NULL,NULL,NULL,NULL,NULL,0,'6a23c801-9c41-4c17-8ded-fbff4d4a9d01','{}','2026-05-27 22:34:50','2026-05-27 22:34:50',1,NULL,NULL,NULL,NULL,'659a72a6-284a-4b1b-b460-018096237cb9'),('Mr. Bose','Bose','Mr. Bose','Father','father.bose47@email.com','+91-988000047',NULL,'Scientist',NULL,NULL,NULL,NULL,NULL,NULL,NULL,1,'6b8ee22e-6f23-4179-9fba-0f7d6c93216f','{}','2026-05-27 22:34:50','2026-05-27 22:34:50',1,NULL,NULL,NULL,NULL,'659a72a6-284a-4b1b-b460-018096237cb9'),('Mrs. Joshi','Joshi','Mrs. Joshi','Mother','mother.joshi10@email.com','+91-988010010',NULL,'Architect',NULL,NULL,NULL,NULL,NULL,NULL,NULL,0,'6f0f1def-c2b9-4b19-a4e1-8af91fb03463','{}','2026-05-27 22:34:50','2026-05-27 22:34:50',1,NULL,NULL,NULL,NULL,'659a72a6-284a-4b1b-b460-018096237cb9'),('Mrs. Tiwari','Tiwari','Mrs. Tiwari','Mother','mother.tiwari41@email.com','+91-988010041',NULL,'Lawyer',NULL,NULL,NULL,NULL,NULL,NULL,NULL,0,'7384dafc-3898-4197-b35b-9aaeaefebe3d','{}','2026-05-27 22:34:50','2026-05-27 22:34:50',1,NULL,NULL,NULL,NULL,'659a72a6-284a-4b1b-b460-018096237cb9'),('Mr. Agarwal','Agarwal','Mr. Agarwal','Father','father.agarwal14@email.com','+91-988000014',NULL,'Banker',NULL,NULL,NULL,NULL,NULL,NULL,NULL,1,'75efa125-fe4e-4397-9c1f-86707f5d20f4','{}','2026-05-27 22:34:50','2026-05-27 22:34:50',1,NULL,NULL,NULL,NULL,'659a72a6-284a-4b1b-b460-018096237cb9'),('Mrs. Chopra','Chopra','Mrs. Chopra','Mother','mother.chopra37@email.com','+91-988010037',NULL,'Engineer',NULL,NULL,NULL,NULL,NULL,NULL,NULL,0,'7d04dd41-f6c3-4ce5-a191-a9322f05007c','{}','2026-05-27 22:34:50','2026-05-27 22:34:50',1,NULL,NULL,NULL,NULL,'659a72a6-284a-4b1b-b460-018096237cb9'),('Mr. Saxena','Saxena','Mr. Saxena','Father','father.saxena40@email.com','+91-988000040',NULL,'Engineer',NULL,NULL,NULL,NULL,NULL,NULL,NULL,1,'7ea773ce-4faa-44de-acea-44ac1ac597e1','{}','2026-05-27 22:34:50','2026-05-27 22:34:50',1,NULL,NULL,NULL,NULL,'659a72a6-284a-4b1b-b460-018096237cb9'),('Mrs. Mishra','Mishra','Mrs. Mishra','Mother','mother.mishra39@email.com','+91-988010039',NULL,'Teacher',NULL,NULL,NULL,NULL,NULL,NULL,NULL,0,'8099b680-3431-481d-a86b-e9680d602cec','{}','2026-05-27 22:34:50','2026-05-27 22:34:50',1,NULL,NULL,NULL,NULL,'659a72a6-284a-4b1b-b460-018096237cb9'),('Mrs. Banerjee','Banerjee','Mrs. Banerjee','Mother','mother.banerjee20@email.com','+91-988010020',NULL,'Scientist',NULL,NULL,NULL,NULL,NULL,NULL,NULL,0,'83ad9e63-09ea-4953-9044-994d64ee2e82','{}','2026-05-27 22:34:50','2026-05-27 22:34:50',1,NULL,NULL,NULL,NULL,'659a72a6-284a-4b1b-b460-018096237cb9'),('Mrs. Singh','Singh','Mrs. Singh','Mother','mother.singh3@email.com','+91-988010003',NULL,'Banker',NULL,NULL,NULL,NULL,NULL,NULL,NULL,0,'84b3273d-8e84-452b-a49f-0dfea165acd4','{}','2026-05-27 22:34:50','2026-05-27 22:34:50',1,NULL,NULL,NULL,NULL,'659a72a6-284a-4b1b-b460-018096237cb9'),('Mr. Tiwari','Tiwari','Mr. Tiwari','Father','father.tiwari17@email.com','+91-988000017',NULL,'Doctor',NULL,NULL,NULL,NULL,NULL,NULL,NULL,1,'85425f5a-cacd-4c2d-8ffe-37190ced6d02','{}','2026-05-27 22:34:50','2026-05-27 22:34:50',1,NULL,NULL,NULL,NULL,'659a72a6-284a-4b1b-b460-018096237cb9'),('Mrs. Das','Das','Mrs. Das','Mother','mother.das9@email.com','+91-988010009',NULL,'Lawyer',NULL,NULL,NULL,NULL,NULL,NULL,NULL,0,'890fddf2-2999-4ae2-ac3e-8fae37083345','{}','2026-05-27 22:34:50','2026-05-27 22:34:50',1,NULL,NULL,NULL,NULL,'659a72a6-284a-4b1b-b460-018096237cb9'),('Mrs. Kumar','Kumar','Mrs. Kumar','Mother','mother.kumar32@email.com','+91-988010032',NULL,'Business',NULL,NULL,NULL,NULL,NULL,NULL,NULL,0,'89156494-7a19-4562-83a9-e720c8775b3d','{}','2026-05-27 22:34:50','2026-05-27 22:34:50',1,NULL,NULL,NULL,NULL,'659a72a6-284a-4b1b-b460-018096237cb9'),('Mr. Sharma','Sharma','Mr. Sharma','Father','father.sharma29@email.com','+91-988000029',NULL,'Architect',NULL,NULL,NULL,NULL,NULL,NULL,NULL,1,'8bad5c30-9428-42fd-96ce-00337a7a3fe2','{}','2026-05-27 22:34:50','2026-05-27 22:34:50',1,NULL,NULL,NULL,NULL,'659a72a6-284a-4b1b-b460-018096237cb9'),('Mrs. Bose','Bose','Mrs. Bose','Mother','mother.bose23@email.com','+91-988010023',NULL,'Teacher',NULL,NULL,NULL,NULL,NULL,NULL,NULL,0,'8bd8532c-d0d1-4708-81c0-fa0dc38e214f','{}','2026-05-27 22:34:50','2026-05-27 22:34:50',1,NULL,NULL,NULL,NULL,'659a72a6-284a-4b1b-b460-018096237cb9'),('Mr. Verma','Verma','Mr. Verma','Father','father.verma36@email.com','+91-988000036',NULL,'Lawyer',NULL,NULL,NULL,NULL,NULL,NULL,NULL,1,'901e7409-86af-4565-92fc-1fd0a62ecf22','{}','2026-05-27 22:34:50','2026-05-27 22:34:50',1,NULL,NULL,NULL,NULL,'659a72a6-284a-4b1b-b460-018096237cb9'),('Mr. Joshi','Joshi','Mr. Joshi','Father','father.joshi34@email.com','+91-988000034',NULL,'Teacher',NULL,NULL,NULL,NULL,NULL,NULL,NULL,1,'9132e036-3503-46a1-a984-452865152916','{}','2026-05-27 22:34:50','2026-05-27 22:34:50',1,NULL,NULL,NULL,NULL,'659a72a6-284a-4b1b-b460-018096237cb9'),('Mrs. Gupta','Gupta','Mrs. Gupta','Mother','mother.gupta1@email.com','+91-988010001',NULL,'Lawyer',NULL,NULL,NULL,NULL,NULL,NULL,NULL,0,'9213ab41-e6dd-474d-8b5a-704551c1a6b9','{}','2026-05-27 22:34:50','2026-05-27 22:34:50',1,NULL,NULL,NULL,NULL,'659a72a6-284a-4b1b-b460-018096237cb9'),('Mrs. Mehta','Mehta','Mrs. Mehta','Mother','mother.mehta0@email.com','+91-988010000',NULL,'Business',NULL,NULL,NULL,NULL,NULL,NULL,NULL,0,'93d73e54-4c83-47ee-8d8f-54f58fbd6805','{}','2026-05-27 22:34:50','2026-05-27 22:34:50',1,NULL,NULL,NULL,NULL,'659a72a6-284a-4b1b-b460-018096237cb9'),('Mr. Joshi','Joshi','Mr. Joshi','Father','father.joshi10@email.com','+91-988000010',NULL,'Teacher',NULL,NULL,NULL,NULL,NULL,NULL,NULL,1,'94574fe2-7be6-4a76-80ea-927d18729cbf','{}','2026-05-27 22:34:50','2026-05-27 22:34:50',1,NULL,NULL,NULL,NULL,'659a72a6-284a-4b1b-b460-018096237cb9'),('Mr. Singh','Singh','Mr. Singh','Father','father.singh3@email.com','+91-988000003',NULL,'Business',NULL,NULL,NULL,NULL,NULL,NULL,NULL,1,'9adc1998-333b-4207-ac53-73b1a6fc3040','{}','2026-05-27 22:34:50','2026-05-27 22:34:50',1,NULL,NULL,NULL,NULL,'659a72a6-284a-4b1b-b460-018096237cb9'),('Mrs. Gupta','Gupta','Mrs. Gupta','Mother','mother.gupta25@email.com','+91-988010025',NULL,'Lawyer',NULL,NULL,NULL,NULL,NULL,NULL,NULL,0,'9c18610f-a812-4f3e-b03b-2bed8108b7c6','{}','2026-05-27 22:34:50','2026-05-27 22:34:50',1,NULL,NULL,NULL,NULL,'659a72a6-284a-4b1b-b460-018096237cb9'),('Mrs. Verma','Verma','Mrs. Verma','Mother','mother.verma36@email.com','+91-988010036',NULL,'Scientist',NULL,NULL,NULL,NULL,NULL,NULL,NULL,0,'9d74c667-e067-4cc6-9ef7-7c5bf4a0c9b5','{}','2026-05-27 22:34:50','2026-05-27 22:34:50',1,NULL,NULL,NULL,NULL,'659a72a6-284a-4b1b-b460-018096237cb9'),('Mrs. Mishra','Mishra','Mrs. Mishra','Mother','mother.mishra15@email.com','+91-988010015',NULL,'Teacher',NULL,NULL,NULL,NULL,NULL,NULL,NULL,0,'9f25aa37-e83a-46fd-a359-18a4d4b7d560','{}','2026-05-27 22:34:50','2026-05-27 22:34:50',1,NULL,NULL,NULL,NULL,'659a72a6-284a-4b1b-b460-018096237cb9'),('Mrs. Das','Das','Mrs. Das','Mother','mother.das33@email.com','+91-988010033',NULL,'Lawyer',NULL,NULL,NULL,NULL,NULL,NULL,NULL,0,'a188b02a-ecc5-4245-b3c8-a5f662644f24','{}','2026-05-27 22:34:50','2026-05-27 22:34:50',1,NULL,NULL,NULL,NULL,'659a72a6-284a-4b1b-b460-018096237cb9'),('Mr. Gupta','Gupta','Mr. Gupta','Father','father.gupta1@email.com','+91-988000001',NULL,'Doctor',NULL,NULL,NULL,NULL,NULL,NULL,NULL,1,'a2f659da-d537-495e-884f-5198aed82106','{}','2026-05-27 22:34:50','2026-05-27 22:34:50',1,NULL,NULL,NULL,NULL,'659a72a6-284a-4b1b-b460-018096237cb9'),('Mr. Chopra','Chopra','Mr. Chopra','Father','father.chopra37@email.com','+91-988000037',NULL,'Architect',NULL,NULL,NULL,NULL,NULL,NULL,NULL,1,'a7932ffc-090f-4a6c-9d2c-39c8b9f86b3f','{}','2026-05-27 22:34:50','2026-05-27 22:34:50',1,NULL,NULL,NULL,NULL,'659a72a6-284a-4b1b-b460-018096237cb9'),('Mr. Iyer','Iyer','Mr. Iyer','Father','father.iyer11@email.com','+91-988000011',NULL,'Business',NULL,NULL,NULL,NULL,NULL,NULL,NULL,1,'a959ccea-8dbf-4451-bd4c-6b3b2f362139','{}','2026-05-27 22:34:50','2026-05-27 22:34:50',1,NULL,NULL,NULL,NULL,'659a72a6-284a-4b1b-b460-018096237cb9'),('Mrs. Reddy','Reddy','Mrs. Reddy','Mother','mother.reddy7@email.com','+91-988010007',NULL,'Teacher',NULL,NULL,NULL,NULL,NULL,NULL,NULL,0,'acd6d170-bdcf-4fc4-88f3-f331f74287ed','{}','2026-05-27 22:34:50','2026-05-27 22:34:50',1,NULL,NULL,NULL,NULL,'659a72a6-284a-4b1b-b460-018096237cb9'),('Mrs. Kumar','Kumar','Mrs. Kumar','Mother','mother.kumar8@email.com','+91-988010008',NULL,'Business',NULL,NULL,NULL,NULL,NULL,NULL,NULL,0,'aebca5fa-65db-484e-9be7-46b52f04134a','{}','2026-05-27 22:34:50','2026-05-27 22:34:50',1,NULL,NULL,NULL,NULL,'659a72a6-284a-4b1b-b460-018096237cb9'),('Mrs. Patel','Patel','Mrs. Patel','Mother','mother.patel26@email.com','+91-988010026',NULL,'Architect',NULL,NULL,NULL,NULL,NULL,NULL,NULL,0,'b2c54f0f-cb9c-414f-84be-72c84117e6a1','{}','2026-05-27 22:34:50','2026-05-27 22:34:50',1,NULL,NULL,NULL,NULL,'659a72a6-284a-4b1b-b460-018096237cb9'),('Mr. Mehta','Mehta','Mr. Mehta','Father','father.mehta24@email.com','+91-988000024',NULL,'Engineer',NULL,NULL,NULL,NULL,NULL,NULL,NULL,1,'b30721ab-9345-400d-aeae-ccf779e958b3','{}','2026-05-27 22:34:50','2026-05-27 22:34:50',1,NULL,NULL,NULL,NULL,'659a72a6-284a-4b1b-b460-018096237cb9'),('Mrs. Patel','Patel','Mrs. Patel','Mother','mother.patel2@email.com','+91-988010002',NULL,'Architect',NULL,NULL,NULL,NULL,NULL,NULL,NULL,0,'b35b8c2c-33a8-4445-8be1-ae0264937151','{}','2026-05-27 22:34:50','2026-05-27 22:34:50',1,NULL,NULL,NULL,NULL,'659a72a6-284a-4b1b-b460-018096237cb9'),('Mr. Mukherjee','Mukherjee','Mr. Mukherjee','Father','father.mukherjee45@email.com','+91-988000045',NULL,'Architect',NULL,NULL,NULL,NULL,NULL,NULL,NULL,1,'c2d8b737-a3bb-45b6-a229-47d5e446f2fe','{}','2026-05-27 22:34:50','2026-05-27 22:34:50',1,NULL,NULL,NULL,NULL,'659a72a6-284a-4b1b-b460-018096237cb9'),('Mr. Gupta','Gupta','Mr. Gupta','Father','father.gupta25@email.com','+91-988000025',NULL,'Doctor',NULL,NULL,NULL,NULL,NULL,NULL,NULL,1,'cad311a7-4fdf-43bc-aa04-6ec9abda1783','{}','2026-05-27 22:34:50','2026-05-27 22:34:50',1,NULL,NULL,NULL,NULL,'659a72a6-284a-4b1b-b460-018096237cb9'),('Mr. Sharma','Sharma','Mr. Sharma','Father','father.sharma5@email.com','+91-988000005',NULL,'Architect',NULL,NULL,NULL,NULL,NULL,NULL,NULL,1,'cc14dea0-7b33-4bd2-a8fb-3491a7cba9bf','{}','2026-05-27 22:34:50','2026-05-27 22:34:50',1,NULL,NULL,NULL,NULL,'659a72a6-284a-4b1b-b460-018096237cb9'),('Mr. Saxena','Saxena','Mr. Saxena','Father','father.saxena16@email.com','+91-988000016',NULL,'Engineer',NULL,NULL,NULL,NULL,NULL,NULL,NULL,1,'cc9d222f-caa5-4888-9d64-eb31f7958eaa','{}','2026-05-27 22:34:50','2026-05-27 22:34:50',1,NULL,NULL,NULL,NULL,'659a72a6-284a-4b1b-b460-018096237cb9'),('Mr. Reddy','Reddy','Mr. Reddy','Father','father.reddy31@email.com','+91-988000031',NULL,'Scientist',NULL,NULL,NULL,NULL,NULL,NULL,NULL,1,'d49035f4-3378-4c82-a4f1-cd2989762ee1','{}','2026-05-27 22:34:50','2026-05-27 22:34:50',1,NULL,NULL,NULL,NULL,'659a72a6-284a-4b1b-b460-018096237cb9'),('Mr. Chopra','Chopra','Mr. Chopra','Father','father.chopra13@email.com','+91-988000013',NULL,'Architect',NULL,NULL,NULL,NULL,NULL,NULL,NULL,1,'d59c3d7f-fa83-490e-9de6-85df8ab93163','{}','2026-05-27 22:34:50','2026-05-27 22:34:50',1,NULL,NULL,NULL,NULL,'659a72a6-284a-4b1b-b460-018096237cb9'),('Mr. Bose','Bose','Mr. Bose','Father','father.bose23@email.com','+91-988000023',NULL,'Scientist',NULL,NULL,NULL,NULL,NULL,NULL,NULL,1,'d8efa07f-49dd-4f31-ab90-4a6a2801d0af','{}','2026-05-27 22:34:50','2026-05-27 22:34:50',1,NULL,NULL,NULL,NULL,'659a72a6-284a-4b1b-b460-018096237cb9'),('Mr. Mehta','Mehta','Mr. Mehta','Father','father.mehta0@email.com','+91-988000000',NULL,'Engineer',NULL,NULL,NULL,NULL,NULL,NULL,NULL,1,'dc2cf146-941e-468d-97a8-3f10b6c8714c','{}','2026-05-27 22:34:50','2026-05-27 22:34:50',1,NULL,NULL,NULL,NULL,'659a72a6-284a-4b1b-b460-018096237cb9'),('Mr. Singh','Singh','Mr. Singh','Father','father.singh27@email.com','+91-988000027',NULL,'Business',NULL,NULL,NULL,NULL,NULL,NULL,NULL,1,'dc3d5519-de7f-4d4a-bb7d-be83021e4598','{}','2026-05-27 22:34:50','2026-05-27 22:34:50',1,NULL,NULL,NULL,NULL,'659a72a6-284a-4b1b-b460-018096237cb9'),('Mrs. Mukherjee','Mukherjee','Mrs. Mukherjee','Mother','mother.mukherjee45@email.com','+91-988010045',NULL,'Engineer',NULL,NULL,NULL,NULL,NULL,NULL,NULL,0,'dcef52bd-e856-44b0-b1dc-bbf7162951c3','{}','2026-05-27 22:34:50','2026-05-27 22:34:50',1,NULL,NULL,NULL,NULL,'659a72a6-284a-4b1b-b460-018096237cb9'),('Mrs. Malhotra','Malhotra','Mrs. Malhotra','Mother','mother.malhotra43@email.com','+91-988010043',NULL,'Banker',NULL,NULL,NULL,NULL,NULL,NULL,NULL,0,'de967d8d-5275-4fdd-b4cc-79a89a1a6ed4','{}','2026-05-27 22:34:50','2026-05-27 22:34:50',1,NULL,NULL,NULL,NULL,'659a72a6-284a-4b1b-b460-018096237cb9'),('Mrs. Ghosh','Ghosh','Mrs. Ghosh','Mother','mother.ghosh46@email.com','+91-988010046',NULL,'Doctor',NULL,NULL,NULL,NULL,NULL,NULL,NULL,0,'e2de1653-1d2e-4184-b929-3093e915da17','{}','2026-05-27 22:34:50','2026-05-27 22:34:50',1,NULL,NULL,NULL,NULL,'659a72a6-284a-4b1b-b460-018096237cb9'),('Mrs. Tiwari','Tiwari','Mrs. Tiwari','Mother','mother.tiwari17@email.com','+91-988010017',NULL,'Lawyer',NULL,NULL,NULL,NULL,NULL,NULL,NULL,0,'e39299fa-39f0-4f71-b076-ea112743f0fb','{}','2026-05-27 22:34:50','2026-05-27 22:34:50',1,NULL,NULL,NULL,NULL,'659a72a6-284a-4b1b-b460-018096237cb9'),('Mr. Pandey','Pandey','Mr. Pandey','Father','father.pandey42@email.com','+91-988000042',NULL,'Teacher',NULL,NULL,NULL,NULL,NULL,NULL,NULL,1,'e7747bd9-30b0-4b46-a24b-9a50fd104329','{}','2026-05-27 22:34:50','2026-05-27 22:34:50',1,NULL,NULL,NULL,NULL,'659a72a6-284a-4b1b-b460-018096237cb9'),('Mrs. Reddy','Reddy','Mrs. Reddy','Mother','mother.reddy31@email.com','+91-988010031',NULL,'Teacher',NULL,NULL,NULL,NULL,NULL,NULL,NULL,0,'e8406c5e-495b-4be6-8950-3209fa56bfc4','{}','2026-05-27 22:34:50','2026-05-27 22:34:50',1,NULL,NULL,NULL,NULL,'659a72a6-284a-4b1b-b460-018096237cb9'),('Mrs. Joshi','Joshi','Mrs. Joshi','Mother','mother.joshi34@email.com','+91-988010034',NULL,'Architect',NULL,NULL,NULL,NULL,NULL,NULL,NULL,0,'e8fcfc60-e88f-4506-8b22-744a723d1e52','{}','2026-05-27 22:34:50','2026-05-27 22:34:50',1,NULL,NULL,NULL,NULL,'659a72a6-284a-4b1b-b460-018096237cb9'),('Mr. Kumar','Kumar','Mr. Kumar','Father','father.kumar32@email.com','+91-988000032',NULL,'Engineer',NULL,NULL,NULL,NULL,NULL,NULL,NULL,1,'eaee66ae-1edb-4248-9ee9-9b0b32eec581','{}','2026-05-27 22:34:50','2026-05-27 22:34:50',1,NULL,NULL,NULL,NULL,'659a72a6-284a-4b1b-b460-018096237cb9'),('Mr. Banerjee','Banerjee','Mr. Banerjee','Father','father.banerjee44@email.com','+91-988000044',NULL,'Lawyer',NULL,NULL,NULL,NULL,NULL,NULL,NULL,1,'ed185368-f798-46a3-b781-04686fb720ec','{}','2026-05-27 22:34:50','2026-05-27 22:34:50',1,NULL,NULL,NULL,NULL,'659a72a6-284a-4b1b-b460-018096237cb9'),('Mr. Mukherjee','Mukherjee','Mr. Mukherjee','Father','father.mukherjee21@email.com','+91-988000021',NULL,'Architect',NULL,NULL,NULL,NULL,NULL,NULL,NULL,1,'ee296f0f-de00-4629-80de-5bee1de4dd84','{}','2026-05-27 22:34:50','2026-05-27 22:34:50',1,NULL,NULL,NULL,NULL,'659a72a6-284a-4b1b-b460-018096237cb9'),('Mr. Reddy','Reddy','Mr. Reddy','Father','father.reddy7@email.com','+91-988000007',NULL,'Scientist',NULL,NULL,NULL,NULL,NULL,NULL,NULL,1,'f3486b64-5d5a-43e6-80b9-87398722ae65','{}','2026-05-27 22:34:50','2026-05-27 22:34:50',1,NULL,NULL,NULL,NULL,'659a72a6-284a-4b1b-b460-018096237cb9'),('Mrs. Verma','Verma','Mrs. Verma','Mother','mother.verma12@email.com','+91-988010012',NULL,'Scientist',NULL,NULL,NULL,NULL,NULL,NULL,NULL,0,'f594d78b-f2d4-4700-843f-79ba4e106083','{}','2026-05-27 22:34:50','2026-05-27 22:34:50',1,NULL,NULL,NULL,NULL,'659a72a6-284a-4b1b-b460-018096237cb9'),('Mrs. Bose','Bose','Mrs. Bose','Mother','mother.bose47@email.com','+91-988010047',NULL,'Teacher',NULL,NULL,NULL,NULL,NULL,NULL,NULL,0,'f62db589-f756-4655-9ad6-ccf9816d72df','{}','2026-05-27 22:34:50','2026-05-27 22:34:50',1,NULL,NULL,NULL,NULL,'659a72a6-284a-4b1b-b460-018096237cb9'),('Mrs. Ghosh','Ghosh','Mrs. Ghosh','Mother','mother.ghosh22@email.com','+91-988010022',NULL,'Doctor',NULL,NULL,NULL,NULL,NULL,NULL,NULL,0,'f9588de8-cc86-4177-a098-182f2fc663f5','{}','2026-05-27 22:34:50','2026-05-27 22:34:50',1,NULL,NULL,NULL,NULL,'659a72a6-284a-4b1b-b460-018096237cb9'),('Mr. Ghosh','Ghosh','Mr. Ghosh','Father','father.ghosh46@email.com','+91-988000046',NULL,'Banker',NULL,NULL,NULL,NULL,NULL,NULL,NULL,1,'f9a09e8b-868d-45e8-bfe2-55ac22a096d5','{}','2026-05-27 22:34:50','2026-05-27 22:34:50',1,NULL,NULL,NULL,NULL,'659a72a6-284a-4b1b-b460-018096237cb9');
/*!40000 ALTER TABLE `parents` ENABLE KEYS */;
UNLOCK TABLES;

--
-- Table structure for table `payslips`
--

DROP TABLE IF EXISTS `payslips`;
/*!40101 SET @saved_cs_client     = @@character_set_client */;
/*!50503 SET character_set_client = utf8mb4 */;
CREATE TABLE `payslips` (
  `staff_id` char(36) CHARACTER SET utf8mb4 COLLATE utf8mb4_unicode_ci NOT NULL,
  `academic_year_id` char(36) CHARACTER SET utf8mb4 COLLATE utf8mb4_unicode_ci NOT NULL,
  `month` int NOT NULL,
  `year` int NOT NULL,
  `basic_salary` decimal(10,2) NOT NULL,
  `total_allowances` decimal(10,2) NOT NULL,
  `total_deductions` decimal(10,2) NOT NULL,
  `net_salary` decimal(10,2) NOT NULL,
  `status` varchar(20) CHARACTER SET utf8mb4 COLLATE utf8mb4_unicode_ci NOT NULL,
  `paid_on` date DEFAULT NULL,
  `payment_method` varchar(50) CHARACTER SET utf8mb4 COLLATE utf8mb4_unicode_ci DEFAULT NULL,
  `reference` varchar(100) CHARACTER SET utf8mb4 COLLATE utf8mb4_unicode_ci DEFAULT NULL,
  `generated_at` datetime NOT NULL,
  `generated_by` char(36) CHARACTER SET utf8mb4 COLLATE utf8mb4_unicode_ci DEFAULT NULL,
  `id` char(36) CHARACTER SET utf8mb4 COLLATE utf8mb4_unicode_ci NOT NULL,
  `metadata` json NOT NULL,
  `created_at` datetime NOT NULL DEFAULT (now()),
  `updated_at` datetime NOT NULL DEFAULT (now()),
  `is_active` tinyint(1) NOT NULL,
  `deleted_at` datetime DEFAULT NULL,
  `deleted_by` char(36) CHARACTER SET utf8mb4 COLLATE utf8mb4_unicode_ci DEFAULT NULL,
  `created_by` char(36) CHARACTER SET utf8mb4 COLLATE utf8mb4_unicode_ci DEFAULT NULL,
  `updated_by` char(36) CHARACTER SET utf8mb4 COLLATE utf8mb4_unicode_ci DEFAULT NULL,
  `school_id` char(36) CHARACTER SET utf8mb4 COLLATE utf8mb4_unicode_ci NOT NULL,
  PRIMARY KEY (`id`),
  UNIQUE KEY `uq_payslips_month` (`school_id`,`staff_id`,`month`,`year`),
  KEY `fk_payslips_academic_year_id_academic_years` (`academic_year_id`),
  KEY `fk_payslips_generated_by_users` (`generated_by`),
  KEY `ix_payslips_school_id` (`school_id`),
  KEY `idx_payslips_period` (`school_id`,`year`,`month`),
  KEY `idx_payslips_status` (`school_id`,`year`,`month`,`status`),
  KEY `idx_payslips_staff` (`staff_id`,`year`,`month`),
  KEY `ix_payslips_is_active` (`is_active`),
  CONSTRAINT `fk_payslips_academic_year_id_academic_years` FOREIGN KEY (`academic_year_id`) REFERENCES `academic_years` (`id`),
  CONSTRAINT `fk_payslips_generated_by_users` FOREIGN KEY (`generated_by`) REFERENCES `users` (`id`),
  CONSTRAINT `fk_payslips_school_id_schools` FOREIGN KEY (`school_id`) REFERENCES `schools` (`id`),
  CONSTRAINT `fk_payslips_staff_id_staff` FOREIGN KEY (`staff_id`) REFERENCES `staff` (`id`)
) ENGINE=InnoDB DEFAULT CHARSET=utf8mb4 COLLATE=utf8mb4_unicode_ci;
/*!40101 SET character_set_client = @saved_cs_client */;

--
-- Dumping data for table `payslips`
--

LOCK TABLES `payslips` WRITE;
/*!40000 ALTER TABLE `payslips` DISABLE KEYS */;
INSERT INTO `payslips` VALUES ('62be1cfe-da33-4140-b592-061cff00efad','491598d9-1ca9-4402-86f3-87b92cf96f11',10,2025,40000.00,20000.00,7000.00,53000.00,'Paid','2025-10-28','Bank Transfer',NULL,'2025-10-25 10:00:00',NULL,'0001e070-d2f6-4f03-98b2-adfe043d5020','{}','2026-05-27 22:34:51','2026-05-27 22:34:51',1,NULL,NULL,NULL,NULL,'659a72a6-284a-4b1b-b460-018096237cb9'),('f396a99f-0859-4b1e-a8ec-8e2505cf09a0','491598d9-1ca9-4402-86f3-87b92cf96f11',11,2025,40000.00,20000.00,7000.00,53000.00,'Generated',NULL,'Bank Transfer',NULL,'2025-11-25 10:00:00',NULL,'07521050-27fd-4fec-89ae-4dab5bfb5151','{}','2026-05-27 22:34:51','2026-05-27 22:34:51',1,NULL,NULL,NULL,NULL,'659a72a6-284a-4b1b-b460-018096237cb9'),('62be1cfe-da33-4140-b592-061cff00efad','491598d9-1ca9-4402-86f3-87b92cf96f11',6,2025,40000.00,20000.00,7000.00,53000.00,'Paid','2025-06-28','Bank Transfer',NULL,'2025-06-25 10:00:00',NULL,'0eebfae6-0912-410f-b966-ddd931ad72bb','{}','2026-05-27 22:34:51','2026-05-27 22:34:51',1,NULL,NULL,NULL,NULL,'659a72a6-284a-4b1b-b460-018096237cb9'),('8bf30c04-8545-4a08-b662-3d3625214638','491598d9-1ca9-4402-86f3-87b92cf96f11',10,2025,40000.00,20000.00,7000.00,53000.00,'Paid','2025-10-28','Bank Transfer',NULL,'2025-10-25 10:00:00',NULL,'113856a0-fcf0-44d2-957f-6ba227242e95','{}','2026-05-27 22:34:51','2026-05-27 22:34:51',1,NULL,NULL,NULL,NULL,'659a72a6-284a-4b1b-b460-018096237cb9'),('a2ccc78c-972b-4b82-9a5c-21317170b66e','491598d9-1ca9-4402-86f3-87b92cf96f11',6,2025,40000.00,20000.00,7000.00,53000.00,'Paid','2025-06-28','Bank Transfer',NULL,'2025-06-25 10:00:00',NULL,'114affc2-5904-4458-a9cd-07c739cd0a6a','{}','2026-05-27 22:34:51','2026-05-27 22:34:51',1,NULL,NULL,NULL,NULL,'659a72a6-284a-4b1b-b460-018096237cb9'),('639dbabd-3949-40c2-9f62-e0f517926145','491598d9-1ca9-4402-86f3-87b92cf96f11',8,2025,40000.00,20000.00,7000.00,53000.00,'Paid','2025-08-28','Bank Transfer',NULL,'2025-08-25 10:00:00',NULL,'127378cb-09d5-423f-ba2b-c1454ffb3e46','{}','2026-05-27 22:34:51','2026-05-27 22:34:51',1,NULL,NULL,NULL,NULL,'659a72a6-284a-4b1b-b460-018096237cb9'),('e229887b-ac9f-4890-ae67-03a625830892','491598d9-1ca9-4402-86f3-87b92cf96f11',10,2025,40000.00,20000.00,7000.00,53000.00,'Paid','2025-10-28','Bank Transfer',NULL,'2025-10-25 10:00:00',NULL,'1339f722-5ab5-43ad-8700-f4f3d0d24cec','{}','2026-05-27 22:34:51','2026-05-27 22:34:51',1,NULL,NULL,NULL,NULL,'659a72a6-284a-4b1b-b460-018096237cb9'),('9661495d-82cb-4b3d-b9fe-1505e81cb8f1','491598d9-1ca9-4402-86f3-87b92cf96f11',9,2025,40000.00,20000.00,7000.00,53000.00,'Paid','2025-09-28','Bank Transfer',NULL,'2025-09-25 10:00:00',NULL,'185dc13b-ba14-4583-bae0-6d1d97859449','{}','2026-05-27 22:34:51','2026-05-27 22:34:51',1,NULL,NULL,NULL,NULL,'659a72a6-284a-4b1b-b460-018096237cb9'),('a2ccc78c-972b-4b82-9a5c-21317170b66e','491598d9-1ca9-4402-86f3-87b92cf96f11',10,2025,40000.00,20000.00,7000.00,53000.00,'Paid','2025-10-28','Bank Transfer',NULL,'2025-10-25 10:00:00',NULL,'1e325869-f5cf-4ff8-b95e-04bc2fb65c6e','{}','2026-05-27 22:34:51','2026-05-27 22:34:51',1,NULL,NULL,NULL,NULL,'659a72a6-284a-4b1b-b460-018096237cb9'),('9661495d-82cb-4b3d-b9fe-1505e81cb8f1','491598d9-1ca9-4402-86f3-87b92cf96f11',6,2025,40000.00,20000.00,7000.00,53000.00,'Paid','2025-06-28','Bank Transfer',NULL,'2025-06-25 10:00:00',NULL,'239da3ce-86ad-4776-a115-c29c071d4f82','{}','2026-05-27 22:34:51','2026-05-27 22:34:51',1,NULL,NULL,NULL,NULL,'659a72a6-284a-4b1b-b460-018096237cb9'),('639dbabd-3949-40c2-9f62-e0f517926145','491598d9-1ca9-4402-86f3-87b92cf96f11',6,2025,40000.00,20000.00,7000.00,53000.00,'Paid','2025-06-28','Bank Transfer',NULL,'2025-06-25 10:00:00',NULL,'2c2c313a-c371-4f30-a96d-4dc4a276f433','{}','2026-05-27 22:34:51','2026-05-27 22:34:51',1,NULL,NULL,NULL,NULL,'659a72a6-284a-4b1b-b460-018096237cb9'),('62be1cfe-da33-4140-b592-061cff00efad','491598d9-1ca9-4402-86f3-87b92cf96f11',11,2025,40000.00,20000.00,7000.00,53000.00,'Generated',NULL,'Bank Transfer',NULL,'2025-11-25 10:00:00',NULL,'33ecaa42-d6be-43b9-8c94-4107b9fb1359','{}','2026-05-27 22:34:51','2026-05-27 22:34:51',1,NULL,NULL,NULL,NULL,'659a72a6-284a-4b1b-b460-018096237cb9'),('f55f47c2-6286-478e-b218-8f97ed41cd31','491598d9-1ca9-4402-86f3-87b92cf96f11',10,2025,40000.00,20000.00,7000.00,53000.00,'Paid','2025-10-28','Bank Transfer',NULL,'2025-10-25 10:00:00',NULL,'409ea4f6-fcb0-4c7e-964e-30c491d4e15c','{}','2026-05-27 22:34:51','2026-05-27 22:34:51',1,NULL,NULL,NULL,NULL,'659a72a6-284a-4b1b-b460-018096237cb9'),('639dbabd-3949-40c2-9f62-e0f517926145','491598d9-1ca9-4402-86f3-87b92cf96f11',11,2025,40000.00,20000.00,7000.00,53000.00,'Generated',NULL,'Bank Transfer',NULL,'2025-11-25 10:00:00',NULL,'40fccb60-d649-4579-98a0-3e57be9c2c2d','{}','2026-05-27 22:34:51','2026-05-27 22:34:51',1,NULL,NULL,NULL,NULL,'659a72a6-284a-4b1b-b460-018096237cb9'),('f55f47c2-6286-478e-b218-8f97ed41cd31','491598d9-1ca9-4402-86f3-87b92cf96f11',8,2025,40000.00,20000.00,7000.00,53000.00,'Paid','2025-08-28','Bank Transfer',NULL,'2025-08-25 10:00:00',NULL,'41157acf-6b6f-47ed-af40-b81d35110bd4','{}','2026-05-27 22:34:51','2026-05-27 22:34:51',1,NULL,NULL,NULL,NULL,'659a72a6-284a-4b1b-b460-018096237cb9'),('62be1cfe-da33-4140-b592-061cff00efad','491598d9-1ca9-4402-86f3-87b92cf96f11',9,2025,40000.00,20000.00,7000.00,53000.00,'Paid','2025-09-28','Bank Transfer',NULL,'2025-09-25 10:00:00',NULL,'4756aada-21b3-4f0e-8026-342c7bd6c3b4','{}','2026-05-27 22:34:51','2026-05-27 22:34:51',1,NULL,NULL,NULL,NULL,'659a72a6-284a-4b1b-b460-018096237cb9'),('9661495d-82cb-4b3d-b9fe-1505e81cb8f1','491598d9-1ca9-4402-86f3-87b92cf96f11',7,2025,40000.00,20000.00,7000.00,53000.00,'Paid','2025-07-28','Bank Transfer',NULL,'2025-07-25 10:00:00',NULL,'4c4e77e8-94ec-41f9-a78e-a612d6c2e859','{}','2026-05-27 22:34:51','2026-05-27 22:34:51',1,NULL,NULL,NULL,NULL,'659a72a6-284a-4b1b-b460-018096237cb9'),('f396a99f-0859-4b1e-a8ec-8e2505cf09a0','491598d9-1ca9-4402-86f3-87b92cf96f11',6,2025,40000.00,20000.00,7000.00,53000.00,'Paid','2025-06-28','Bank Transfer',NULL,'2025-06-25 10:00:00',NULL,'4cd8509e-0316-444f-b983-5f96b7cb9870','{}','2026-05-27 22:34:51','2026-05-27 22:34:51',1,NULL,NULL,NULL,NULL,'659a72a6-284a-4b1b-b460-018096237cb9'),('8bf30c04-8545-4a08-b662-3d3625214638','491598d9-1ca9-4402-86f3-87b92cf96f11',8,2025,40000.00,20000.00,7000.00,53000.00,'Paid','2025-08-28','Bank Transfer',NULL,'2025-08-25 10:00:00',NULL,'4ff5e91c-559a-4821-b013-7915e2183aa2','{}','2026-05-27 22:34:51','2026-05-27 22:34:51',1,NULL,NULL,NULL,NULL,'659a72a6-284a-4b1b-b460-018096237cb9'),('a2ccc78c-972b-4b82-9a5c-21317170b66e','491598d9-1ca9-4402-86f3-87b92cf96f11',9,2025,40000.00,20000.00,7000.00,53000.00,'Paid','2025-09-28','Bank Transfer',NULL,'2025-09-25 10:00:00',NULL,'5adb126f-8443-49f6-9fa6-269ad6533943','{}','2026-05-27 22:34:51','2026-05-27 22:34:51',1,NULL,NULL,NULL,NULL,'659a72a6-284a-4b1b-b460-018096237cb9'),('8bf30c04-8545-4a08-b662-3d3625214638','491598d9-1ca9-4402-86f3-87b92cf96f11',11,2025,40000.00,20000.00,7000.00,53000.00,'Generated',NULL,'Bank Transfer',NULL,'2025-11-25 10:00:00',NULL,'61b5da96-7bad-4278-a1a1-276c2cb6e245','{}','2026-05-27 22:34:51','2026-05-27 22:34:51',1,NULL,NULL,NULL,NULL,'659a72a6-284a-4b1b-b460-018096237cb9'),('f396a99f-0859-4b1e-a8ec-8e2505cf09a0','491598d9-1ca9-4402-86f3-87b92cf96f11',9,2025,40000.00,20000.00,7000.00,53000.00,'Paid','2025-09-28','Bank Transfer',NULL,'2025-09-25 10:00:00',NULL,'66f9a259-3a09-45ed-a32d-d8090954e981','{}','2026-05-27 22:34:51','2026-05-27 22:34:51',1,NULL,NULL,NULL,NULL,'659a72a6-284a-4b1b-b460-018096237cb9'),('f396a99f-0859-4b1e-a8ec-8e2505cf09a0','491598d9-1ca9-4402-86f3-87b92cf96f11',10,2025,40000.00,20000.00,7000.00,53000.00,'Paid','2025-10-28','Bank Transfer',NULL,'2025-10-25 10:00:00',NULL,'7a681708-ee30-4b25-881b-b61871f90fd9','{}','2026-05-27 22:34:51','2026-05-27 22:34:51',1,NULL,NULL,NULL,NULL,'659a72a6-284a-4b1b-b460-018096237cb9'),('e229887b-ac9f-4890-ae67-03a625830892','491598d9-1ca9-4402-86f3-87b92cf96f11',7,2025,40000.00,20000.00,7000.00,53000.00,'Paid','2025-07-28','Bank Transfer',NULL,'2025-07-25 10:00:00',NULL,'83579c41-e20f-4b73-a707-2dfb2cf78af7','{}','2026-05-27 22:34:51','2026-05-27 22:34:51',1,NULL,NULL,NULL,NULL,'659a72a6-284a-4b1b-b460-018096237cb9'),('e229887b-ac9f-4890-ae67-03a625830892','491598d9-1ca9-4402-86f3-87b92cf96f11',8,2025,40000.00,20000.00,7000.00,53000.00,'Paid','2025-08-28','Bank Transfer',NULL,'2025-08-25 10:00:00',NULL,'89614460-eb2e-4e3e-b975-0b9f6e5e5817','{}','2026-05-27 22:34:51','2026-05-27 22:34:51',1,NULL,NULL,NULL,NULL,'659a72a6-284a-4b1b-b460-018096237cb9'),('a2ccc78c-972b-4b82-9a5c-21317170b66e','491598d9-1ca9-4402-86f3-87b92cf96f11',7,2025,40000.00,20000.00,7000.00,53000.00,'Paid','2025-07-28','Bank Transfer',NULL,'2025-07-25 10:00:00',NULL,'8afb9b73-a76b-4a17-ba2f-f6a5046fcf48','{}','2026-05-27 22:34:51','2026-05-27 22:34:51',1,NULL,NULL,NULL,NULL,'659a72a6-284a-4b1b-b460-018096237cb9'),('f55f47c2-6286-478e-b218-8f97ed41cd31','491598d9-1ca9-4402-86f3-87b92cf96f11',9,2025,40000.00,20000.00,7000.00,53000.00,'Paid','2025-09-28','Bank Transfer',NULL,'2025-09-25 10:00:00',NULL,'8ee4d7d4-72a5-4a55-8d7e-1af186b22bd6','{}','2026-05-27 22:34:51','2026-05-27 22:34:51',1,NULL,NULL,NULL,NULL,'659a72a6-284a-4b1b-b460-018096237cb9'),('f396a99f-0859-4b1e-a8ec-8e2505cf09a0','491598d9-1ca9-4402-86f3-87b92cf96f11',7,2025,40000.00,20000.00,7000.00,53000.00,'Paid','2025-07-28','Bank Transfer',NULL,'2025-07-25 10:00:00',NULL,'902c2115-432e-4832-9ec0-a891712527cf','{}','2026-05-27 22:34:51','2026-05-27 22:34:51',1,NULL,NULL,NULL,NULL,'659a72a6-284a-4b1b-b460-018096237cb9'),('f396a99f-0859-4b1e-a8ec-8e2505cf09a0','491598d9-1ca9-4402-86f3-87b92cf96f11',8,2025,40000.00,20000.00,7000.00,53000.00,'Paid','2025-08-28','Bank Transfer',NULL,'2025-08-25 10:00:00',NULL,'91cb1160-1327-46fa-8c06-4d8f00780a18','{}','2026-05-27 22:34:51','2026-05-27 22:34:51',1,NULL,NULL,NULL,NULL,'659a72a6-284a-4b1b-b460-018096237cb9'),('e229887b-ac9f-4890-ae67-03a625830892','491598d9-1ca9-4402-86f3-87b92cf96f11',6,2025,40000.00,20000.00,7000.00,53000.00,'Paid','2025-06-28','Bank Transfer',NULL,'2025-06-25 10:00:00',NULL,'964d8f64-5423-491c-8f91-966c52fc54e1','{}','2026-05-27 22:34:51','2026-05-27 22:34:51',1,NULL,NULL,NULL,NULL,'659a72a6-284a-4b1b-b460-018096237cb9'),('f55f47c2-6286-478e-b218-8f97ed41cd31','491598d9-1ca9-4402-86f3-87b92cf96f11',7,2025,40000.00,20000.00,7000.00,53000.00,'Paid','2025-07-28','Bank Transfer',NULL,'2025-07-25 10:00:00',NULL,'9685a3b5-7d02-4fdd-8ad6-15e04a4d55de','{}','2026-05-27 22:34:51','2026-05-27 22:34:51',1,NULL,NULL,NULL,NULL,'659a72a6-284a-4b1b-b460-018096237cb9'),('8bf30c04-8545-4a08-b662-3d3625214638','491598d9-1ca9-4402-86f3-87b92cf96f11',6,2025,40000.00,20000.00,7000.00,53000.00,'Paid','2025-06-28','Bank Transfer',NULL,'2025-06-25 10:00:00',NULL,'9b67ffc1-7e7c-43d0-b51f-245c493b8b33','{}','2026-05-27 22:34:51','2026-05-27 22:34:51',1,NULL,NULL,NULL,NULL,'659a72a6-284a-4b1b-b460-018096237cb9'),('9661495d-82cb-4b3d-b9fe-1505e81cb8f1','491598d9-1ca9-4402-86f3-87b92cf96f11',11,2025,40000.00,20000.00,7000.00,53000.00,'Generated',NULL,'Bank Transfer',NULL,'2025-11-25 10:00:00',NULL,'a1497b83-f780-474e-9343-655535ed9bde','{}','2026-05-27 22:34:51','2026-05-27 22:34:51',1,NULL,NULL,NULL,NULL,'659a72a6-284a-4b1b-b460-018096237cb9'),('639dbabd-3949-40c2-9f62-e0f517926145','491598d9-1ca9-4402-86f3-87b92cf96f11',9,2025,40000.00,20000.00,7000.00,53000.00,'Paid','2025-09-28','Bank Transfer',NULL,'2025-09-25 10:00:00',NULL,'ac88264c-0bad-418a-b3f2-16c23b93ba30','{}','2026-05-27 22:34:51','2026-05-27 22:34:51',1,NULL,NULL,NULL,NULL,'659a72a6-284a-4b1b-b460-018096237cb9'),('e229887b-ac9f-4890-ae67-03a625830892','491598d9-1ca9-4402-86f3-87b92cf96f11',9,2025,40000.00,20000.00,7000.00,53000.00,'Paid','2025-09-28','Bank Transfer',NULL,'2025-09-25 10:00:00',NULL,'b19651fb-5868-43c1-a31e-bfa0edc0e9f4','{}','2026-05-27 22:34:51','2026-05-27 22:34:51',1,NULL,NULL,NULL,NULL,'659a72a6-284a-4b1b-b460-018096237cb9'),('9661495d-82cb-4b3d-b9fe-1505e81cb8f1','491598d9-1ca9-4402-86f3-87b92cf96f11',10,2025,40000.00,20000.00,7000.00,53000.00,'Paid','2025-10-28','Bank Transfer',NULL,'2025-10-25 10:00:00',NULL,'b727997b-e8df-4ea2-8f06-d532f9b191c1','{}','2026-05-27 22:34:51','2026-05-27 22:34:51',1,NULL,NULL,NULL,NULL,'659a72a6-284a-4b1b-b460-018096237cb9'),('639dbabd-3949-40c2-9f62-e0f517926145','491598d9-1ca9-4402-86f3-87b92cf96f11',10,2025,40000.00,20000.00,7000.00,53000.00,'Paid','2025-10-28','Bank Transfer',NULL,'2025-10-25 10:00:00',NULL,'cb0040a3-2686-448c-aef6-7d7f6a444861','{}','2026-05-27 22:34:51','2026-05-27 22:34:51',1,NULL,NULL,NULL,NULL,'659a72a6-284a-4b1b-b460-018096237cb9'),('8bf30c04-8545-4a08-b662-3d3625214638','491598d9-1ca9-4402-86f3-87b92cf96f11',7,2025,40000.00,20000.00,7000.00,53000.00,'Paid','2025-07-28','Bank Transfer',NULL,'2025-07-25 10:00:00',NULL,'cb4df773-7de2-48d4-9a9a-b18530090578','{}','2026-05-27 22:34:51','2026-05-27 22:34:51',1,NULL,NULL,NULL,NULL,'659a72a6-284a-4b1b-b460-018096237cb9'),('9661495d-82cb-4b3d-b9fe-1505e81cb8f1','491598d9-1ca9-4402-86f3-87b92cf96f11',8,2025,40000.00,20000.00,7000.00,53000.00,'Paid','2025-08-28','Bank Transfer',NULL,'2025-08-25 10:00:00',NULL,'cbac21ba-42b3-4d85-ba02-2f28de87fa78','{}','2026-05-27 22:34:51','2026-05-27 22:34:51',1,NULL,NULL,NULL,NULL,'659a72a6-284a-4b1b-b460-018096237cb9'),('62be1cfe-da33-4140-b592-061cff00efad','491598d9-1ca9-4402-86f3-87b92cf96f11',8,2025,40000.00,20000.00,7000.00,53000.00,'Paid','2025-08-28','Bank Transfer',NULL,'2025-08-25 10:00:00',NULL,'cfc63dd9-4ce2-4d1c-b78f-f7c2d1948ad3','{}','2026-05-27 22:34:51','2026-05-27 22:34:51',1,NULL,NULL,NULL,NULL,'659a72a6-284a-4b1b-b460-018096237cb9'),('f55f47c2-6286-478e-b218-8f97ed41cd31','491598d9-1ca9-4402-86f3-87b92cf96f11',6,2025,40000.00,20000.00,7000.00,53000.00,'Paid','2025-06-28','Bank Transfer',NULL,'2025-06-25 10:00:00',NULL,'e18ef048-25c1-4b02-bba8-3e68d4bbe0a5','{}','2026-05-27 22:34:51','2026-05-27 22:34:51',1,NULL,NULL,NULL,NULL,'659a72a6-284a-4b1b-b460-018096237cb9'),('62be1cfe-da33-4140-b592-061cff00efad','491598d9-1ca9-4402-86f3-87b92cf96f11',7,2025,40000.00,20000.00,7000.00,53000.00,'Paid','2025-07-28','Bank Transfer',NULL,'2025-07-25 10:00:00',NULL,'e7016493-f73c-49e4-9dc5-f91bdcc8e0dd','{}','2026-05-27 22:34:51','2026-05-27 22:34:51',1,NULL,NULL,NULL,NULL,'659a72a6-284a-4b1b-b460-018096237cb9'),('8bf30c04-8545-4a08-b662-3d3625214638','491598d9-1ca9-4402-86f3-87b92cf96f11',9,2025,40000.00,20000.00,7000.00,53000.00,'Paid','2025-09-28','Bank Transfer',NULL,'2025-09-25 10:00:00',NULL,'e8afaafa-fda1-4cda-ac4e-af5928641998','{}','2026-05-27 22:34:51','2026-05-27 22:34:51',1,NULL,NULL,NULL,NULL,'659a72a6-284a-4b1b-b460-018096237cb9'),('e229887b-ac9f-4890-ae67-03a625830892','491598d9-1ca9-4402-86f3-87b92cf96f11',11,2025,40000.00,20000.00,7000.00,53000.00,'Generated',NULL,'Bank Transfer',NULL,'2025-11-25 10:00:00',NULL,'eb6b86d2-6ed4-4a4e-90b6-79482a5261ad','{}','2026-05-27 22:34:51','2026-05-27 22:34:51',1,NULL,NULL,NULL,NULL,'659a72a6-284a-4b1b-b460-018096237cb9'),('639dbabd-3949-40c2-9f62-e0f517926145','491598d9-1ca9-4402-86f3-87b92cf96f11',7,2025,40000.00,20000.00,7000.00,53000.00,'Paid','2025-07-28','Bank Transfer',NULL,'2025-07-25 10:00:00',NULL,'ebde3539-4028-455b-ae77-7a7ce3ad3632','{}','2026-05-27 22:34:51','2026-05-27 22:34:51',1,NULL,NULL,NULL,NULL,'659a72a6-284a-4b1b-b460-018096237cb9'),('a2ccc78c-972b-4b82-9a5c-21317170b66e','491598d9-1ca9-4402-86f3-87b92cf96f11',8,2025,40000.00,20000.00,7000.00,53000.00,'Paid','2025-08-28','Bank Transfer',NULL,'2025-08-25 10:00:00',NULL,'ef32a640-0c4e-493b-9658-efd6c423a7ac','{}','2026-05-27 22:34:51','2026-05-27 22:34:51',1,NULL,NULL,NULL,NULL,'659a72a6-284a-4b1b-b460-018096237cb9'),('f55f47c2-6286-478e-b218-8f97ed41cd31','491598d9-1ca9-4402-86f3-87b92cf96f11',11,2025,40000.00,20000.00,7000.00,53000.00,'Generated',NULL,'Bank Transfer',NULL,'2025-11-25 10:00:00',NULL,'f9171972-766b-4b92-abda-4518b2f65be5','{}','2026-05-27 22:34:51','2026-05-27 22:34:51',1,NULL,NULL,NULL,NULL,'659a72a6-284a-4b1b-b460-018096237cb9'),('a2ccc78c-972b-4b82-9a5c-21317170b66e','491598d9-1ca9-4402-86f3-87b92cf96f11',11,2025,40000.00,20000.00,7000.00,53000.00,'Generated',NULL,'Bank Transfer',NULL,'2025-11-25 10:00:00',NULL,'fe801c29-b878-410b-a314-19b8f5878c5d','{}','2026-05-27 22:34:51','2026-05-27 22:34:51',1,NULL,NULL,NULL,NULL,'659a72a6-284a-4b1b-b460-018096237cb9');
/*!40000 ALTER TABLE `payslips` ENABLE KEYS */;
UNLOCK TABLES;

--
-- Table structure for table `period_configs`
--

DROP TABLE IF EXISTS `period_configs`;
/*!40101 SET @saved_cs_client     = @@character_set_client */;
/*!50503 SET character_set_client = utf8mb4 */;
CREATE TABLE `period_configs` (
  `academic_year_id` char(36) CHARACTER SET utf8mb4 COLLATE utf8mb4_unicode_ci NOT NULL,
  `name` varchar(50) CHARACTER SET utf8mb4 COLLATE utf8mb4_unicode_ci DEFAULT NULL,
  `start_time` time NOT NULL,
  `end_time` time NOT NULL,
  `duration_minutes` int DEFAULT NULL,
  `is_break` tinyint(1) NOT NULL,
  `day_of_week` varchar(10) CHARACTER SET utf8mb4 COLLATE utf8mb4_unicode_ci DEFAULT NULL,
  `sort_order` int NOT NULL,
  `id` char(36) CHARACTER SET utf8mb4 COLLATE utf8mb4_unicode_ci NOT NULL,
  `metadata` json NOT NULL,
  `created_at` datetime NOT NULL DEFAULT (now()),
  `updated_at` datetime NOT NULL DEFAULT (now()),
  `is_active` tinyint(1) NOT NULL,
  `deleted_at` datetime DEFAULT NULL,
  `deleted_by` char(36) CHARACTER SET utf8mb4 COLLATE utf8mb4_unicode_ci DEFAULT NULL,
  `created_by` char(36) CHARACTER SET utf8mb4 COLLATE utf8mb4_unicode_ci DEFAULT NULL,
  `updated_by` char(36) CHARACTER SET utf8mb4 COLLATE utf8mb4_unicode_ci DEFAULT NULL,
  `school_id` char(36) CHARACTER SET utf8mb4 COLLATE utf8mb4_unicode_ci NOT NULL,
  PRIMARY KEY (`id`),
  UNIQUE KEY `uq_period_configs_unique` (`school_id`,`academic_year_id`,`start_time`,`day_of_week`),
  KEY `fk_period_configs_academic_year_id_academic_years` (`academic_year_id`),
  KEY `ix_period_configs_school_id` (`school_id`),
  KEY `ix_period_configs_is_active` (`is_active`),
  KEY `idx_period_configs_year` (`school_id`,`academic_year_id`),
  CONSTRAINT `fk_period_configs_academic_year_id_academic_years` FOREIGN KEY (`academic_year_id`) REFERENCES `academic_years` (`id`),
  CONSTRAINT `fk_period_configs_school_id_schools` FOREIGN KEY (`school_id`) REFERENCES `schools` (`id`),
  CONSTRAINT `ck_period_configs_chk_period_configs_time` CHECK ((`end_time` > `start_time`))
) ENGINE=InnoDB DEFAULT CHARSET=utf8mb4 COLLATE=utf8mb4_unicode_ci;
/*!40101 SET character_set_client = @saved_cs_client */;

--
-- Dumping data for table `period_configs`
--

LOCK TABLES `period_configs` WRITE;
/*!40000 ALTER TABLE `period_configs` DISABLE KEYS */;
INSERT INTO `period_configs` VALUES ('491598d9-1ca9-4402-86f3-87b92cf96f11','Period 3','09:45:00','10:30:00',45,0,NULL,4,'38cd97a8-ae01-41b2-a40e-eb6e2548f16e','{}','2026-05-27 22:34:50','2026-05-27 22:34:50',1,NULL,NULL,NULL,NULL,'659a72a6-284a-4b1b-b460-018096237cb9'),('491598d9-1ca9-4402-86f3-87b92cf96f11','Lunch','11:15:00','12:00:00',45,1,NULL,6,'6d902db6-791b-4c63-8418-0ff152312c23','{}','2026-05-27 22:34:50','2026-05-27 22:34:50',1,NULL,NULL,NULL,NULL,'659a72a6-284a-4b1b-b460-018096237cb9'),('491598d9-1ca9-4402-86f3-87b92cf96f11','Break','09:30:00','09:45:00',45,1,NULL,3,'964c980d-c543-4cf6-abc3-dcafba209ddd','{}','2026-05-27 22:34:50','2026-05-27 22:34:50',1,NULL,NULL,NULL,NULL,'659a72a6-284a-4b1b-b460-018096237cb9'),('491598d9-1ca9-4402-86f3-87b92cf96f11','Period 2','08:45:00','09:30:00',45,0,NULL,2,'9afb9aaf-bf90-462d-af40-0e8f5616adfd','{}','2026-05-27 22:34:50','2026-05-27 22:34:50',1,NULL,NULL,NULL,NULL,'659a72a6-284a-4b1b-b460-018096237cb9'),('491598d9-1ca9-4402-86f3-87b92cf96f11','Period 6','12:45:00','13:30:00',45,0,NULL,8,'dd810686-5355-4036-a371-b82b8247ae5c','{}','2026-05-27 22:34:50','2026-05-27 22:34:50',1,NULL,NULL,NULL,NULL,'659a72a6-284a-4b1b-b460-018096237cb9'),('491598d9-1ca9-4402-86f3-87b92cf96f11','Period 5','12:00:00','12:45:00',45,0,NULL,7,'e9030155-4e08-4725-9059-bb502f2f1114','{}','2026-05-27 22:34:50','2026-05-27 22:34:50',1,NULL,NULL,NULL,NULL,'659a72a6-284a-4b1b-b460-018096237cb9'),('491598d9-1ca9-4402-86f3-87b92cf96f11','Period 4','10:30:00','11:15:00',45,0,NULL,5,'ea67a871-c9d3-4b11-9395-6751f3500bd7','{}','2026-05-27 22:34:50','2026-05-27 22:34:50',1,NULL,NULL,NULL,NULL,'659a72a6-284a-4b1b-b460-018096237cb9'),('491598d9-1ca9-4402-86f3-87b92cf96f11','Period 1','08:00:00','08:45:00',45,0,NULL,1,'f0e27502-7518-4914-a98c-92ed6c00b05b','{}','2026-05-27 22:34:50','2026-05-27 22:34:50',1,NULL,NULL,NULL,NULL,'659a72a6-284a-4b1b-b460-018096237cb9');
/*!40000 ALTER TABLE `period_configs` ENABLE KEYS */;
UNLOCK TABLES;

--
-- Table structure for table `route_assignments`
--

DROP TABLE IF EXISTS `route_assignments`;
/*!40101 SET @saved_cs_client     = @@character_set_client */;
/*!50503 SET character_set_client = utf8mb4 */;
CREATE TABLE `route_assignments` (
  `route_id` char(36) CHARACTER SET utf8mb4 COLLATE utf8mb4_unicode_ci NOT NULL,
  `vehicle_id` char(36) CHARACTER SET utf8mb4 COLLATE utf8mb4_unicode_ci NOT NULL,
  `driver_id` char(36) CHARACTER SET utf8mb4 COLLATE utf8mb4_unicode_ci NOT NULL,
  `helper_id` char(36) CHARACTER SET utf8mb4 COLLATE utf8mb4_unicode_ci DEFAULT NULL,
  `status` varchar(20) CHARACTER SET utf8mb4 COLLATE utf8mb4_unicode_ci NOT NULL DEFAULT 'Active',
  `id` char(36) CHARACTER SET utf8mb4 COLLATE utf8mb4_unicode_ci NOT NULL,
  `metadata` json NOT NULL,
  `created_at` datetime NOT NULL DEFAULT (now()),
  `updated_at` datetime NOT NULL DEFAULT (now()),
  `is_active` tinyint(1) NOT NULL,
  `deleted_at` datetime DEFAULT NULL,
  `deleted_by` char(36) CHARACTER SET utf8mb4 COLLATE utf8mb4_unicode_ci DEFAULT NULL,
  `created_by` char(36) CHARACTER SET utf8mb4 COLLATE utf8mb4_unicode_ci DEFAULT NULL,
  `updated_by` char(36) CHARACTER SET utf8mb4 COLLATE utf8mb4_unicode_ci DEFAULT NULL,
  `school_id` char(36) CHARACTER SET utf8mb4 COLLATE utf8mb4_unicode_ci NOT NULL,
  PRIMARY KEY (`id`),
  UNIQUE KEY `uq_route_assignments_school_vehicle` (`school_id`,`vehicle_id`),
  KEY `fk_route_assignments_helper_id_helpers` (`helper_id`),
  KEY `ix_route_assignments_school_id` (`school_id`),
  KEY `idx_route_assignments_route` (`route_id`),
  KEY `idx_route_assignments_vehicle` (`vehicle_id`),
  KEY `ix_route_assignments_is_active` (`is_active`),
  KEY `idx_route_assignments_driver` (`driver_id`),
  CONSTRAINT `fk_route_assignments_driver_id_drivers` FOREIGN KEY (`driver_id`) REFERENCES `drivers` (`id`),
  CONSTRAINT `fk_route_assignments_helper_id_helpers` FOREIGN KEY (`helper_id`) REFERENCES `helpers` (`id`),
  CONSTRAINT `fk_route_assignments_route_id_routes` FOREIGN KEY (`route_id`) REFERENCES `routes` (`id`),
  CONSTRAINT `fk_route_assignments_school_id_schools` FOREIGN KEY (`school_id`) REFERENCES `schools` (`id`),
  CONSTRAINT `fk_route_assignments_vehicle_id_vehicles` FOREIGN KEY (`vehicle_id`) REFERENCES `vehicles` (`id`)
) ENGINE=InnoDB DEFAULT CHARSET=utf8mb4 COLLATE=utf8mb4_unicode_ci;
/*!40101 SET character_set_client = @saved_cs_client */;

--
-- Dumping data for table `route_assignments`
--

LOCK TABLES `route_assignments` WRITE;
/*!40000 ALTER TABLE `route_assignments` DISABLE KEYS */;
INSERT INTO `route_assignments` VALUES ('1a67603a-f0cc-44bc-bd52-12c7a2924cea','c28c59a4-aae0-4c99-b7fd-033031e6952d','fe45d9f4-1f70-4001-906e-7aa5497be576','eb71860f-2464-4b9f-acac-d8d65642c0e3','Active','0cb38a93-23a5-4cff-ad1a-1350bed48c79','{}','2026-05-27 22:34:51','2026-05-27 22:34:51',1,NULL,NULL,NULL,NULL,'659a72a6-284a-4b1b-b460-018096237cb9'),('fd528775-7fae-44d8-be6e-288784c8931b','42f6c001-26e8-46b6-befa-8e7ea73d0ba7','fe45d9f4-1f70-4001-906e-7aa5497be576','95bc6059-b585-4ba8-8d6d-ade2bb755158','Active','230957b6-3f20-4501-a93d-f826d6562f7f','{}','2026-05-27 23:03:07','2026-05-27 23:03:07',1,NULL,NULL,'99bf6ed3-bf5b-4b8e-9f02-46c192c410cc',NULL,'659a72a6-284a-4b1b-b460-018096237cb9'),('ce137a52-d102-416c-92f8-9a32e1f9b839','fa05ee32-9f62-4267-859e-169c5fbbacc1','e2bda70a-9f9e-42da-9ad8-2a8de7d7f75e','27ac378a-bdd7-4c5f-a27a-bce2b8c32bf5','Active','35cfbaa5-4451-42b7-a340-7a311ced02cd','{}','2026-05-27 22:34:51','2026-05-27 22:34:51',1,NULL,NULL,NULL,NULL,'659a72a6-284a-4b1b-b460-018096237cb9'),('85b044c5-4f5e-485b-a9f7-ee37619b3429','d7306f98-bc5d-44e0-94eb-9a8cede902c3','a4871990-ed91-478e-a4a8-677e587135cc',NULL,'Active','46e669e1-6b35-494c-ac34-d5d49f6aaec6','{}','2026-05-27 22:34:51','2026-05-27 22:34:51',1,NULL,NULL,NULL,NULL,'659a72a6-284a-4b1b-b460-018096237cb9'),('35978bfb-e80f-4ff4-98e8-180df48014dc','ca781f08-113c-4386-b173-c35dff00e525','a4871990-ed91-478e-a4a8-677e587135cc',NULL,'Active','7f780a85-307f-4a2b-bc18-0b44bdfb5ee2','{}','2026-05-27 23:23:48','2026-05-27 23:23:48',1,NULL,NULL,'99bf6ed3-bf5b-4b8e-9f02-46c192c410cc',NULL,'659a72a6-284a-4b1b-b460-018096237cb9'),('aab98c2f-13f6-448a-b67c-e42d93e205ff','28f99978-ab35-4314-a06a-fe1ffa0dff61','a51072c0-73f2-41f4-8830-ef9ceed4e42c','f126cb8b-54c4-4ac4-82a5-a76aaace9b89','Active','8a6e87de-6a21-457f-b5b1-6039210dffdf','{}','2026-05-27 22:34:51','2026-05-27 22:34:51',1,NULL,NULL,NULL,NULL,'659a72a6-284a-4b1b-b460-018096237cb9'),('d782423a-a1ff-49f9-a652-1cf99f747b1b','0da4fd42-b033-4a7e-bce0-5b3b755b7735','d7183f0c-0895-4b49-a33b-a98eef9274d2','95bc6059-b585-4ba8-8d6d-ade2bb755158','Active','92f4f38c-b8d7-4e50-b28e-796ad8d5489f','{}','2026-05-27 22:34:51','2026-05-27 22:34:51',1,NULL,NULL,NULL,NULL,'659a72a6-284a-4b1b-b460-018096237cb9'),('fd528775-7fae-44d8-be6e-288784c8931b','60b4cd28-d516-43bf-a8a7-46ee1ae85d33','a75d7ebd-243c-4b2f-ac7e-cae7f5e2d22e',NULL,'Active','ed87f585-8d9d-4614-af35-591f21dee69a','{}','2026-05-27 22:34:51','2026-05-27 22:34:51',1,NULL,NULL,NULL,NULL,'659a72a6-284a-4b1b-b460-018096237cb9');
/*!40000 ALTER TABLE `route_assignments` ENABLE KEYS */;
UNLOCK TABLES;

--
-- Table structure for table `routes`
--

DROP TABLE IF EXISTS `routes`;
/*!40101 SET @saved_cs_client     = @@character_set_client */;
/*!50503 SET character_set_client = utf8mb4 */;
CREATE TABLE `routes` (
  `route_code` varchar(20) CHARACTER SET utf8mb4 COLLATE utf8mb4_unicode_ci NOT NULL,
  `name` varchar(100) CHARACTER SET utf8mb4 COLLATE utf8mb4_unicode_ci NOT NULL,
  `area` varchar(100) CHARACTER SET utf8mb4 COLLATE utf8mb4_unicode_ci DEFAULT NULL,
  `shift` varchar(20) CHARACTER SET utf8mb4 COLLATE utf8mb4_unicode_ci DEFAULT NULL,
  `stops` json NOT NULL,
  `distance_km` float DEFAULT NULL,
  `start_time` time DEFAULT NULL,
  `end_time` time DEFAULT NULL,
  `status` varchar(20) CHARACTER SET utf8mb4 COLLATE utf8mb4_unicode_ci NOT NULL DEFAULT 'Active',
  `id` char(36) CHARACTER SET utf8mb4 COLLATE utf8mb4_unicode_ci NOT NULL,
  `metadata` json NOT NULL,
  `created_at` datetime NOT NULL DEFAULT (now()),
  `updated_at` datetime NOT NULL DEFAULT (now()),
  `is_active` tinyint(1) NOT NULL,
  `deleted_at` datetime DEFAULT NULL,
  `deleted_by` char(36) CHARACTER SET utf8mb4 COLLATE utf8mb4_unicode_ci DEFAULT NULL,
  `created_by` char(36) CHARACTER SET utf8mb4 COLLATE utf8mb4_unicode_ci DEFAULT NULL,
  `updated_by` char(36) CHARACTER SET utf8mb4 COLLATE utf8mb4_unicode_ci DEFAULT NULL,
  `school_id` char(36) CHARACTER SET utf8mb4 COLLATE utf8mb4_unicode_ci NOT NULL,
  PRIMARY KEY (`id`),
  UNIQUE KEY `uq_routes_school_route_code` (`school_id`,`route_code`),
  KEY `ix_routes_school_id` (`school_id`),
  KEY `idx_routes_status` (`school_id`,`status`),
  KEY `ix_routes_is_active` (`is_active`),
  CONSTRAINT `fk_routes_school_id_schools` FOREIGN KEY (`school_id`) REFERENCES `schools` (`id`)
) ENGINE=InnoDB DEFAULT CHARSET=utf8mb4 COLLATE=utf8mb4_unicode_ci;
/*!40101 SET character_set_client = @saved_cs_client */;

--
-- Dumping data for table `routes`
--

LOCK TABLES `routes` WRITE;
/*!40000 ALTER TABLE `routes` DISABLE KEYS */;
INSERT INTO `routes` VALUES ('R01','Koramangala - School','South','Morning','[]',12.5,NULL,NULL,'Active','1a67603a-f0cc-44bc-bd52-12c7a2924cea','{}','2026-05-27 22:34:51','2026-05-27 22:34:51',1,NULL,NULL,NULL,NULL,'659a72a6-284a-4b1b-b460-018096237cb9'),('R-007','Harsha home to school','TNGO Colony','Morning','[]',25,'08:18:00','11:17:00','Active','35978bfb-e80f-4ff4-98e8-180df48014dc','{}','2026-05-27 23:17:35','2026-05-27 23:17:35',1,NULL,NULL,'99bf6ed3-bf5b-4b8e-9f02-46c192c410cc',NULL,'659a72a6-284a-4b1b-b460-018096237cb9'),('R05','Electronic City - School','South-East','Morning','[]',22,NULL,NULL,'Active','85b044c5-4f5e-485b-a9f7-ee37619b3429','{}','2026-05-27 22:34:51','2026-05-27 22:34:51',1,NULL,NULL,NULL,NULL,'659a72a6-284a-4b1b-b460-018096237cb9'),('R03','Indiranagar - School','Central','Morning','[]',8.5,NULL,NULL,'Active','aab98c2f-13f6-448a-b67c-e42d93e205ff','{}','2026-05-27 22:34:51','2026-05-27 22:34:51',1,NULL,NULL,NULL,NULL,'659a72a6-284a-4b1b-b460-018096237cb9'),('R04','HSR Layout - School','South','Morning','[]',10,NULL,NULL,'Active','ce137a52-d102-416c-92f8-9a32e1f9b839','{}','2026-05-27 22:34:51','2026-05-27 22:34:51',1,NULL,NULL,NULL,NULL,'659a72a6-284a-4b1b-b460-018096237cb9'),('R02','Whitefield - School','East','Morning','[]',18,NULL,NULL,'Active','d782423a-a1ff-49f9-a652-1cf99f747b1b','{}','2026-05-27 22:34:51','2026-05-27 22:34:51',1,NULL,NULL,NULL,NULL,'659a72a6-284a-4b1b-b460-018096237cb9'),('R06','JP Nagar - School','South-West','Morning','[]',14,NULL,NULL,'Active','fd528775-7fae-44d8-be6e-288784c8931b','{}','2026-05-27 22:34:51','2026-05-27 22:34:51',1,NULL,NULL,NULL,NULL,'659a72a6-284a-4b1b-b460-018096237cb9');
/*!40000 ALTER TABLE `routes` ENABLE KEYS */;
UNLOCK TABLES;

--
-- Table structure for table `salary_advances`
--

DROP TABLE IF EXISTS `salary_advances`;
/*!40101 SET @saved_cs_client     = @@character_set_client */;
/*!50503 SET character_set_client = utf8mb4 */;
CREATE TABLE `salary_advances` (
  `staff_id` char(36) CHARACTER SET utf8mb4 COLLATE utf8mb4_unicode_ci NOT NULL,
  `amount` decimal(10,2) NOT NULL,
  `reason` text CHARACTER SET utf8mb4 COLLATE utf8mb4_unicode_ci,
  `recovery_months` int DEFAULT NULL,
  `per_month_deduction` decimal(10,2) DEFAULT NULL,
  `status` varchar(20) CHARACTER SET utf8mb4 COLLATE utf8mb4_unicode_ci NOT NULL,
  `applied_on` datetime NOT NULL,
  `approved_by` char(36) CHARACTER SET utf8mb4 COLLATE utf8mb4_unicode_ci DEFAULT NULL,
  `approved_on` datetime DEFAULT NULL,
  `rejected_by` char(36) CHARACTER SET utf8mb4 COLLATE utf8mb4_unicode_ci DEFAULT NULL,
  `remarks` text CHARACTER SET utf8mb4 COLLATE utf8mb4_unicode_ci,
  `disbursed_on` datetime DEFAULT NULL,
  `id` char(36) CHARACTER SET utf8mb4 COLLATE utf8mb4_unicode_ci NOT NULL,
  `metadata` json NOT NULL,
  `created_at` datetime NOT NULL DEFAULT (now()),
  `updated_at` datetime NOT NULL DEFAULT (now()),
  `is_active` tinyint(1) NOT NULL,
  `deleted_at` datetime DEFAULT NULL,
  `deleted_by` char(36) CHARACTER SET utf8mb4 COLLATE utf8mb4_unicode_ci DEFAULT NULL,
  `created_by` char(36) CHARACTER SET utf8mb4 COLLATE utf8mb4_unicode_ci DEFAULT NULL,
  `updated_by` char(36) CHARACTER SET utf8mb4 COLLATE utf8mb4_unicode_ci DEFAULT NULL,
  `school_id` char(36) CHARACTER SET utf8mb4 COLLATE utf8mb4_unicode_ci NOT NULL,
  PRIMARY KEY (`id`),
  KEY `fk_salary_advances_approved_by_users` (`approved_by`),
  KEY `fk_salary_advances_rejected_by_users` (`rejected_by`),
  KEY `idx_salary_advances_status` (`school_id`,`status`),
  KEY `idx_salary_advances_staff` (`staff_id`),
  KEY `ix_salary_advances_school_id` (`school_id`),
  KEY `ix_salary_advances_is_active` (`is_active`),
  CONSTRAINT `fk_salary_advances_approved_by_users` FOREIGN KEY (`approved_by`) REFERENCES `users` (`id`),
  CONSTRAINT `fk_salary_advances_rejected_by_users` FOREIGN KEY (`rejected_by`) REFERENCES `users` (`id`),
  CONSTRAINT `fk_salary_advances_school_id_schools` FOREIGN KEY (`school_id`) REFERENCES `schools` (`id`),
  CONSTRAINT `fk_salary_advances_staff_id_staff` FOREIGN KEY (`staff_id`) REFERENCES `staff` (`id`)
) ENGINE=InnoDB DEFAULT CHARSET=utf8mb4 COLLATE=utf8mb4_unicode_ci;
/*!40101 SET character_set_client = @saved_cs_client */;

--
-- Dumping data for table `salary_advances`
--

LOCK TABLES `salary_advances` WRITE;
/*!40000 ALTER TABLE `salary_advances` DISABLE KEYS */;
INSERT INTO `salary_advances` VALUES ('a2ccc78c-972b-4b82-9a5c-21317170b66e',15000.00,'Home repair',3,5000.00,'Approved','2025-10-01 10:00:00',NULL,NULL,NULL,NULL,NULL,'608f4855-ec52-4a66-94bf-3f166ac85d36','{}','2026-05-27 22:34:51','2026-05-27 22:34:51',1,NULL,NULL,NULL,NULL,'659a72a6-284a-4b1b-b460-018096237cb9'),('f55f47c2-6286-478e-b218-8f97ed41cd31',20000.00,'Medical emergency',4,5000.00,'Approved','2025-10-01 10:00:00',NULL,NULL,NULL,NULL,NULL,'6d7ca303-6099-45ef-af04-b3d1d881c32b','{}','2026-05-27 22:34:51','2026-05-27 22:34:51',1,NULL,NULL,NULL,NULL,'659a72a6-284a-4b1b-b460-018096237cb9'),('8bf30c04-8545-4a08-b662-3d3625214638',30000.00,'Wedding expenses',6,5000.00,'Approved','2025-10-01 10:00:00',NULL,NULL,NULL,NULL,NULL,'95eee06d-093c-41af-aeb7-7c7be4fa1dfd','{}','2026-05-27 22:34:51','2026-05-27 22:34:51',1,NULL,NULL,NULL,NULL,'659a72a6-284a-4b1b-b460-018096237cb9'),('62be1cfe-da33-4140-b592-061cff00efad',10000.00,'Education fee',2,5000.00,'Approved','2025-10-01 10:00:00',NULL,NULL,NULL,NULL,NULL,'d39993fa-c122-4f9d-a90a-3b8eb1634cbc','{}','2026-05-27 22:34:51','2026-05-27 22:34:51',1,NULL,NULL,NULL,NULL,'659a72a6-284a-4b1b-b460-018096237cb9');
/*!40000 ALTER TABLE `salary_advances` ENABLE KEYS */;
UNLOCK TABLES;

--
-- Table structure for table `salary_revisions`
--

DROP TABLE IF EXISTS `salary_revisions`;
/*!40101 SET @saved_cs_client     = @@character_set_client */;
/*!50503 SET character_set_client = utf8mb4 */;
CREATE TABLE `salary_revisions` (
  `staff_id` char(36) CHARACTER SET utf8mb4 COLLATE utf8mb4_unicode_ci NOT NULL,
  `academic_year_id` char(36) CHARACTER SET utf8mb4 COLLATE utf8mb4_unicode_ci NOT NULL,
  `effective_date` date NOT NULL,
  `previous_basic` decimal(10,2) NOT NULL,
  `new_basic` decimal(10,2) NOT NULL,
  `revision_type` varchar(50) CHARACTER SET utf8mb4 COLLATE utf8mb4_unicode_ci NOT NULL,
  `percentage` decimal(5,2) DEFAULT NULL,
  `increment_amount` decimal(10,2) DEFAULT NULL,
  `approved_by` char(36) CHARACTER SET utf8mb4 COLLATE utf8mb4_unicode_ci DEFAULT NULL,
  `approved_on` datetime DEFAULT NULL,
  `remarks` text CHARACTER SET utf8mb4 COLLATE utf8mb4_unicode_ci,
  `id` char(36) CHARACTER SET utf8mb4 COLLATE utf8mb4_unicode_ci NOT NULL,
  `metadata` json NOT NULL,
  `created_at` datetime NOT NULL DEFAULT (now()),
  `updated_at` datetime NOT NULL DEFAULT (now()),
  `is_active` tinyint(1) NOT NULL,
  `deleted_at` datetime DEFAULT NULL,
  `deleted_by` char(36) CHARACTER SET utf8mb4 COLLATE utf8mb4_unicode_ci DEFAULT NULL,
  `created_by` char(36) CHARACTER SET utf8mb4 COLLATE utf8mb4_unicode_ci DEFAULT NULL,
  `updated_by` char(36) CHARACTER SET utf8mb4 COLLATE utf8mb4_unicode_ci DEFAULT NULL,
  `school_id` char(36) CHARACTER SET utf8mb4 COLLATE utf8mb4_unicode_ci NOT NULL,
  PRIMARY KEY (`id`),
  KEY `fk_salary_revisions_academic_year_id_academic_years` (`academic_year_id`),
  KEY `fk_salary_revisions_approved_by_users` (`approved_by`),
  KEY `idx_salary_revisions_year` (`school_id`,`academic_year_id`),
  KEY `ix_salary_revisions_is_active` (`is_active`),
  KEY `idx_salary_revisions_date` (`school_id`,`effective_date`),
  KEY `ix_salary_revisions_school_id` (`school_id`),
  KEY `idx_salary_revisions_staff` (`staff_id`,`effective_date`),
  CONSTRAINT `fk_salary_revisions_academic_year_id_academic_years` FOREIGN KEY (`academic_year_id`) REFERENCES `academic_years` (`id`),
  CONSTRAINT `fk_salary_revisions_approved_by_users` FOREIGN KEY (`approved_by`) REFERENCES `users` (`id`),
  CONSTRAINT `fk_salary_revisions_school_id_schools` FOREIGN KEY (`school_id`) REFERENCES `schools` (`id`),
  CONSTRAINT `fk_salary_revisions_staff_id_staff` FOREIGN KEY (`staff_id`) REFERENCES `staff` (`id`)
) ENGINE=InnoDB DEFAULT CHARSET=utf8mb4 COLLATE=utf8mb4_unicode_ci;
/*!40101 SET character_set_client = @saved_cs_client */;

--
-- Dumping data for table `salary_revisions`
--

LOCK TABLES `salary_revisions` WRITE;
/*!40000 ALTER TABLE `salary_revisions` DISABLE KEYS */;
INSERT INTO `salary_revisions` VALUES ('f55f47c2-6286-478e-b218-8f97ed41cd31','491598d9-1ca9-4402-86f3-87b92cf96f11','2025-06-01',38000.00,40000.00,'Annual Increment',5.26,2000.00,NULL,NULL,NULL,'d2b00956-5598-4807-bacf-539de7d5270f','{}','2026-05-27 22:34:50','2026-05-27 22:34:50',1,NULL,NULL,NULL,NULL,'659a72a6-284a-4b1b-b460-018096237cb9');
/*!40000 ALTER TABLE `salary_revisions` ENABLE KEYS */;
UNLOCK TABLES;

--
-- Table structure for table `salary_structures`
--

DROP TABLE IF EXISTS `salary_structures`;
/*!40101 SET @saved_cs_client     = @@character_set_client */;
/*!50503 SET character_set_client = utf8mb4 */;
CREATE TABLE `salary_structures` (
  `staff_id` char(36) CHARACTER SET utf8mb4 COLLATE utf8mb4_unicode_ci NOT NULL,
  `academic_year_id` char(36) CHARACTER SET utf8mb4 COLLATE utf8mb4_unicode_ci NOT NULL,
  `basic_salary` decimal(10,2) NOT NULL,
  `hra` decimal(10,2) NOT NULL,
  `da` decimal(10,2) NOT NULL,
  `transport_allowance` decimal(10,2) NOT NULL,
  `medical_allowance` decimal(10,2) NOT NULL,
  `other_allowances` json NOT NULL,
  `pf_deduction` decimal(10,2) NOT NULL,
  `professional_tax` decimal(10,2) NOT NULL,
  `tds` decimal(10,2) NOT NULL,
  `other_deductions` json NOT NULL,
  `net_salary` decimal(10,2) NOT NULL,
  `effective_from` date NOT NULL,
  `id` char(36) CHARACTER SET utf8mb4 COLLATE utf8mb4_unicode_ci NOT NULL,
  `metadata` json NOT NULL,
  `created_at` datetime NOT NULL DEFAULT (now()),
  `updated_at` datetime NOT NULL DEFAULT (now()),
  `is_active` tinyint(1) NOT NULL,
  `deleted_at` datetime DEFAULT NULL,
  `deleted_by` char(36) CHARACTER SET utf8mb4 COLLATE utf8mb4_unicode_ci DEFAULT NULL,
  `created_by` char(36) CHARACTER SET utf8mb4 COLLATE utf8mb4_unicode_ci DEFAULT NULL,
  `updated_by` char(36) CHARACTER SET utf8mb4 COLLATE utf8mb4_unicode_ci DEFAULT NULL,
  `school_id` char(36) CHARACTER SET utf8mb4 COLLATE utf8mb4_unicode_ci NOT NULL,
  PRIMARY KEY (`id`),
  UNIQUE KEY `uq_salary_structures_active` (`school_id`,`staff_id`),
  KEY `fk_salary_structures_academic_year_id_academic_years` (`academic_year_id`),
  KEY `ix_salary_structures_is_active` (`is_active`),
  KEY `ix_salary_structures_school_id` (`school_id`),
  KEY `idx_salary_structures_staff` (`staff_id`,`academic_year_id`),
  CONSTRAINT `fk_salary_structures_academic_year_id_academic_years` FOREIGN KEY (`academic_year_id`) REFERENCES `academic_years` (`id`),
  CONSTRAINT `fk_salary_structures_school_id_schools` FOREIGN KEY (`school_id`) REFERENCES `schools` (`id`),
  CONSTRAINT `fk_salary_structures_staff_id_staff` FOREIGN KEY (`staff_id`) REFERENCES `staff` (`id`)
) ENGINE=InnoDB DEFAULT CHARSET=utf8mb4 COLLATE=utf8mb4_unicode_ci;
/*!40101 SET character_set_client = @saved_cs_client */;

--
-- Dumping data for table `salary_structures`
--

LOCK TABLES `salary_structures` WRITE;
/*!40000 ALTER TABLE `salary_structures` DISABLE KEYS */;
INSERT INTO `salary_structures` VALUES ('f396a99f-0859-4b1e-a8ec-8e2505cf09a0','491598d9-1ca9-4402-86f3-87b92cf96f11',40000.00,10000.00,5000.00,3000.00,2000.00,'{}',4800.00,200.00,2000.00,'{}',53000.00,'2025-06-01','06549707-9978-4633-8311-7c7176d0500b','{}','2026-05-27 22:34:50','2026-05-27 22:34:50',1,NULL,NULL,NULL,NULL,'659a72a6-284a-4b1b-b460-018096237cb9'),('8bf30c04-8545-4a08-b662-3d3625214638','491598d9-1ca9-4402-86f3-87b92cf96f11',40000.00,10000.00,5000.00,3000.00,2000.00,'{}',4800.00,200.00,2000.00,'{}',53000.00,'2025-06-01','11a21db6-c862-4875-ab4d-eecc9e078c0b','{}','2026-05-27 22:34:50','2026-05-27 22:34:50',1,NULL,NULL,NULL,NULL,'659a72a6-284a-4b1b-b460-018096237cb9'),('62be1cfe-da33-4140-b592-061cff00efad','491598d9-1ca9-4402-86f3-87b92cf96f11',40000.00,10000.00,5000.00,3000.00,2000.00,'{}',4800.00,200.00,2000.00,'{}',53000.00,'2025-06-01','1aa7ab02-3997-463b-8299-970056dd56a4','{}','2026-05-27 22:34:50','2026-05-27 22:34:50',1,NULL,NULL,NULL,NULL,'659a72a6-284a-4b1b-b460-018096237cb9'),('9661495d-82cb-4b3d-b9fe-1505e81cb8f1','491598d9-1ca9-4402-86f3-87b92cf96f11',40000.00,10000.00,5000.00,3000.00,2000.00,'{}',4800.00,200.00,2000.00,'{}',53000.00,'2025-06-01','1b59da52-5d63-4ac5-82a6-ff07177b1c33','{}','2026-05-27 22:34:50','2026-05-27 22:34:50',1,NULL,NULL,NULL,NULL,'659a72a6-284a-4b1b-b460-018096237cb9'),('f55f47c2-6286-478e-b218-8f97ed41cd31','491598d9-1ca9-4402-86f3-87b92cf96f11',40000.00,10000.00,5000.00,3000.00,2000.00,'{}',4800.00,200.00,2000.00,'{}',53000.00,'2025-06-01','28309d69-7ffb-4e5e-af64-5dee86dbfddd','{}','2026-05-27 22:34:50','2026-05-27 22:34:50',1,NULL,NULL,NULL,NULL,'659a72a6-284a-4b1b-b460-018096237cb9'),('a2ccc78c-972b-4b82-9a5c-21317170b66e','491598d9-1ca9-4402-86f3-87b92cf96f11',40000.00,10000.00,5000.00,3000.00,2000.00,'{}',4800.00,200.00,2000.00,'{}',53000.00,'2025-06-01','810a0467-5616-4b15-a5ae-acffc0dbfaaf','{}','2026-05-27 22:34:50','2026-05-27 22:34:50',1,NULL,NULL,NULL,NULL,'659a72a6-284a-4b1b-b460-018096237cb9'),('e229887b-ac9f-4890-ae67-03a625830892','491598d9-1ca9-4402-86f3-87b92cf96f11',40000.00,10000.00,5000.00,3000.00,2000.00,'{}',4800.00,200.00,2000.00,'{}',53000.00,'2025-06-01','ae938bf5-5e22-40ca-9343-de33e4bd5c73','{}','2026-05-27 22:34:50','2026-05-27 22:34:50',1,NULL,NULL,NULL,NULL,'659a72a6-284a-4b1b-b460-018096237cb9'),('639dbabd-3949-40c2-9f62-e0f517926145','491598d9-1ca9-4402-86f3-87b92cf96f11',40000.00,10000.00,5000.00,3000.00,2000.00,'{}',4800.00,200.00,2000.00,'{}',53000.00,'2025-06-01','fa60a2af-a1b2-492c-94e7-bff0855c7ad1','{}','2026-05-27 22:34:50','2026-05-27 22:34:50',1,NULL,NULL,NULL,NULL,'659a72a6-284a-4b1b-b460-018096237cb9');
/*!40000 ALTER TABLE `salary_structures` ENABLE KEYS */;
UNLOCK TABLES;

--
-- Table structure for table `schools`
--

DROP TABLE IF EXISTS `schools`;
/*!40101 SET @saved_cs_client     = @@character_set_client */;
/*!50503 SET character_set_client = utf8mb4 */;
CREATE TABLE `schools` (
  `id` char(36) CHARACTER SET utf8mb4 COLLATE utf8mb4_unicode_ci NOT NULL,
  `name` varchar(255) CHARACTER SET utf8mb4 COLLATE utf8mb4_unicode_ci NOT NULL,
  `code` varchar(50) CHARACTER SET utf8mb4 COLLATE utf8mb4_unicode_ci NOT NULL,
  `logo_url` text CHARACTER SET utf8mb4 COLLATE utf8mb4_unicode_ci,
  `address_line1` varchar(255) CHARACTER SET utf8mb4 COLLATE utf8mb4_unicode_ci DEFAULT NULL,
  `address_line2` varchar(255) CHARACTER SET utf8mb4 COLLATE utf8mb4_unicode_ci DEFAULT NULL,
  `city` varchar(100) CHARACTER SET utf8mb4 COLLATE utf8mb4_unicode_ci DEFAULT NULL,
  `state` varchar(100) CHARACTER SET utf8mb4 COLLATE utf8mb4_unicode_ci DEFAULT NULL,
  `country` varchar(100) CHARACTER SET utf8mb4 COLLATE utf8mb4_unicode_ci DEFAULT NULL,
  `pincode` varchar(20) CHARACTER SET utf8mb4 COLLATE utf8mb4_unicode_ci DEFAULT NULL,
  `phone` varchar(20) CHARACTER SET utf8mb4 COLLATE utf8mb4_unicode_ci DEFAULT NULL,
  `email` varchar(255) CHARACTER SET utf8mb4 COLLATE utf8mb4_unicode_ci DEFAULT NULL,
  `website` varchar(255) CHARACTER SET utf8mb4 COLLATE utf8mb4_unicode_ci DEFAULT NULL,
  `board_affiliation` varchar(100) CHARACTER SET utf8mb4 COLLATE utf8mb4_unicode_ci DEFAULT NULL,
  `established_year` int DEFAULT NULL,
  `principal_name` varchar(255) CHARACTER SET utf8mb4 COLLATE utf8mb4_unicode_ci DEFAULT NULL,
  `metadata` json NOT NULL,
  `created_at` datetime NOT NULL DEFAULT (now()),
  `updated_at` datetime NOT NULL DEFAULT (now()),
  `is_active` tinyint(1) NOT NULL,
  `deleted_at` datetime DEFAULT NULL,
  `deleted_by` char(36) CHARACTER SET utf8mb4 COLLATE utf8mb4_unicode_ci DEFAULT NULL,
  `created_by` char(36) CHARACTER SET utf8mb4 COLLATE utf8mb4_unicode_ci DEFAULT NULL,
  `updated_by` char(36) CHARACTER SET utf8mb4 COLLATE utf8mb4_unicode_ci DEFAULT NULL,
  PRIMARY KEY (`id`),
  UNIQUE KEY `uq_schools_code` (`code`),
  KEY `ix_schools_is_active` (`is_active`)
) ENGINE=InnoDB DEFAULT CHARSET=utf8mb4 COLLATE=utf8mb4_unicode_ci;
/*!40101 SET character_set_client = @saved_cs_client */;

--
-- Dumping data for table `schools`
--

LOCK TABLES `schools` WRITE;
/*!40000 ALTER TABLE `schools` DISABLE KEYS */;
INSERT INTO `schools` VALUES ('659a72a6-284a-4b1b-b460-018096237cb9','Default School','SCH001',NULL,'123 School Street',NULL,'Bangalore','Karnataka','India','560001','+91-9876543210','admin@defaultschool.com',NULL,'CBSE',2000,'Dr. Principal','{}','2026-05-24 12:11:29','2026-05-24 12:11:29',1,NULL,NULL,NULL,NULL);
/*!40000 ALTER TABLE `schools` ENABLE KEYS */;
UNLOCK TABLES;

--
-- Table structure for table `sections`
--

DROP TABLE IF EXISTS `sections`;
/*!40101 SET @saved_cs_client     = @@character_set_client */;
/*!50503 SET character_set_client = utf8mb4 */;
CREATE TABLE `sections` (
  `name` varchar(10) CHARACTER SET utf8mb4 COLLATE utf8mb4_unicode_ci NOT NULL,
  `sort_order` int NOT NULL,
  `id` char(36) CHARACTER SET utf8mb4 COLLATE utf8mb4_unicode_ci NOT NULL,
  `metadata` json NOT NULL,
  `created_at` datetime NOT NULL DEFAULT (now()),
  `updated_at` datetime NOT NULL DEFAULT (now()),
  `is_active` tinyint(1) NOT NULL,
  `deleted_at` datetime DEFAULT NULL,
  `deleted_by` char(36) CHARACTER SET utf8mb4 COLLATE utf8mb4_unicode_ci DEFAULT NULL,
  `created_by` char(36) CHARACTER SET utf8mb4 COLLATE utf8mb4_unicode_ci DEFAULT NULL,
  `updated_by` char(36) CHARACTER SET utf8mb4 COLLATE utf8mb4_unicode_ci DEFAULT NULL,
  `school_id` char(36) CHARACTER SET utf8mb4 COLLATE utf8mb4_unicode_ci NOT NULL,
  PRIMARY KEY (`id`),
  UNIQUE KEY `uq_sections_school_name` (`school_id`,`name`),
  KEY `ix_sections_school_id` (`school_id`),
  KEY `ix_sections_is_active` (`is_active`),
  CONSTRAINT `fk_sections_school_id_schools` FOREIGN KEY (`school_id`) REFERENCES `schools` (`id`)
) ENGINE=InnoDB DEFAULT CHARSET=utf8mb4 COLLATE=utf8mb4_unicode_ci;
/*!40101 SET character_set_client = @saved_cs_client */;

--
-- Dumping data for table `sections`
--

LOCK TABLES `sections` WRITE;
/*!40000 ALTER TABLE `sections` DISABLE KEYS */;
INSERT INTO `sections` VALUES ('C',3,'846196ae-12d2-4430-9d50-78b7583ab04c','{}','2026-05-27 22:34:49','2026-05-27 22:34:49',1,NULL,NULL,NULL,NULL,'659a72a6-284a-4b1b-b460-018096237cb9'),('A',1,'95e7a742-b550-4ce0-ab13-b4eec64237ac','{}','2026-05-27 22:34:49','2026-05-27 22:34:49',1,NULL,NULL,NULL,NULL,'659a72a6-284a-4b1b-b460-018096237cb9'),('B',2,'988120b8-1e3a-4d44-a091-9133d4325291','{}','2026-05-27 22:34:49','2026-05-27 22:34:49',1,NULL,NULL,NULL,NULL,'659a72a6-284a-4b1b-b460-018096237cb9');
/*!40000 ALTER TABLE `sections` ENABLE KEYS */;
UNLOCK TABLES;

--
-- Table structure for table `settings`
--

DROP TABLE IF EXISTS `settings`;
/*!40101 SET @saved_cs_client     = @@character_set_client */;
/*!50503 SET character_set_client = utf8mb4 */;
CREATE TABLE `settings` (
  `category` varchar(100) CHARACTER SET utf8mb4 COLLATE utf8mb4_unicode_ci NOT NULL,
  `key` varchar(100) CHARACTER SET utf8mb4 COLLATE utf8mb4_unicode_ci NOT NULL,
  `value` json NOT NULL,
  `description` text CHARACTER SET utf8mb4 COLLATE utf8mb4_unicode_ci,
  `id` char(36) CHARACTER SET utf8mb4 COLLATE utf8mb4_unicode_ci NOT NULL,
  `metadata` json NOT NULL,
  `created_at` datetime NOT NULL DEFAULT (now()),
  `updated_at` datetime NOT NULL DEFAULT (now()),
  `is_active` tinyint(1) NOT NULL,
  `deleted_at` datetime DEFAULT NULL,
  `deleted_by` char(36) CHARACTER SET utf8mb4 COLLATE utf8mb4_unicode_ci DEFAULT NULL,
  `created_by` char(36) CHARACTER SET utf8mb4 COLLATE utf8mb4_unicode_ci DEFAULT NULL,
  `updated_by` char(36) CHARACTER SET utf8mb4 COLLATE utf8mb4_unicode_ci DEFAULT NULL,
  `school_id` char(36) CHARACTER SET utf8mb4 COLLATE utf8mb4_unicode_ci NOT NULL,
  PRIMARY KEY (`id`),
  UNIQUE KEY `uq_settings_school_category_key` (`school_id`,`category`,`key`),
  KEY `ix_settings_is_active` (`is_active`),
  KEY `ix_settings_school_id` (`school_id`),
  CONSTRAINT `fk_settings_school_id_schools` FOREIGN KEY (`school_id`) REFERENCES `schools` (`id`)
) ENGINE=InnoDB DEFAULT CHARSET=utf8mb4 COLLATE=utf8mb4_unicode_ci;
/*!40101 SET character_set_client = @saved_cs_client */;

--
-- Dumping data for table `settings`
--

LOCK TABLES `settings` WRITE;
/*!40000 ALTER TABLE `settings` DISABLE KEYS */;
INSERT INTO `settings` VALUES ('attendance','minimum_percentage','{\"value\": 75}',NULL,'42962a95-06a2-46e7-ae02-d97ddf92d6f5','{}','2026-05-27 22:34:50','2026-05-27 22:34:50',1,NULL,NULL,NULL,NULL,'659a72a6-284a-4b1b-b460-018096237cb9'),('general','academic_year_format','{\"format\": \"YYYY-YYYY\"}',NULL,'d571199c-7640-4d8b-83d0-8c3c34f03e65','{}','2026-05-27 22:34:50','2026-05-27 22:34:50',1,NULL,NULL,NULL,NULL,'659a72a6-284a-4b1b-b460-018096237cb9');
/*!40000 ALTER TABLE `settings` ENABLE KEYS */;
UNLOCK TABLES;

--
-- Table structure for table `staff`
--

DROP TABLE IF EXISTS `staff`;
/*!40101 SET @saved_cs_client     = @@character_set_client */;
/*!50503 SET character_set_client = utf8mb4 */;
CREATE TABLE `staff` (
  `employee_id` varchar(50) CHARACTER SET utf8mb4 COLLATE utf8mb4_unicode_ci NOT NULL,
  `first_name` varchar(100) CHARACTER SET utf8mb4 COLLATE utf8mb4_unicode_ci NOT NULL,
  `last_name` varchar(100) CHARACTER SET utf8mb4 COLLATE utf8mb4_unicode_ci DEFAULT NULL,
  `full_name` varchar(255) CHARACTER SET utf8mb4 COLLATE utf8mb4_unicode_ci NOT NULL,
  `email` varchar(255) CHARACTER SET utf8mb4 COLLATE utf8mb4_unicode_ci NOT NULL,
  `phone` varchar(20) CHARACTER SET utf8mb4 COLLATE utf8mb4_unicode_ci DEFAULT NULL,
  `alternate_phone` varchar(20) CHARACTER SET utf8mb4 COLLATE utf8mb4_unicode_ci DEFAULT NULL,
  `gender` varchar(10) CHARACTER SET utf8mb4 COLLATE utf8mb4_unicode_ci DEFAULT NULL,
  `date_of_birth` date DEFAULT NULL,
  `photo_url` text CHARACTER SET utf8mb4 COLLATE utf8mb4_unicode_ci,
  `department` varchar(100) CHARACTER SET utf8mb4 COLLATE utf8mb4_unicode_ci DEFAULT NULL,
  `designation` varchar(100) CHARACTER SET utf8mb4 COLLATE utf8mb4_unicode_ci DEFAULT NULL,
  `employment_type` varchar(50) CHARACTER SET utf8mb4 COLLATE utf8mb4_unicode_ci DEFAULT NULL,
  `joining_date` date DEFAULT NULL,
  `left_date` date DEFAULT NULL,
  `left_reason` text CHARACTER SET utf8mb4 COLLATE utf8mb4_unicode_ci,
  `qualification` varchar(255) CHARACTER SET utf8mb4 COLLATE utf8mb4_unicode_ci DEFAULT NULL,
  `experience_years` decimal(4,1) DEFAULT NULL,
  `address_line1` varchar(255) CHARACTER SET utf8mb4 COLLATE utf8mb4_unicode_ci DEFAULT NULL,
  `address_line2` varchar(255) CHARACTER SET utf8mb4 COLLATE utf8mb4_unicode_ci DEFAULT NULL,
  `city` varchar(100) CHARACTER SET utf8mb4 COLLATE utf8mb4_unicode_ci DEFAULT NULL,
  `state` varchar(100) CHARACTER SET utf8mb4 COLLATE utf8mb4_unicode_ci DEFAULT NULL,
  `pincode` varchar(20) CHARACTER SET utf8mb4 COLLATE utf8mb4_unicode_ci DEFAULT NULL,
  `blood_group` varchar(5) CHARACTER SET utf8mb4 COLLATE utf8mb4_unicode_ci DEFAULT NULL,
  `emergency_contact_name` varchar(255) CHARACTER SET utf8mb4 COLLATE utf8mb4_unicode_ci DEFAULT NULL,
  `emergency_contact_phone` varchar(20) CHARACTER SET utf8mb4 COLLATE utf8mb4_unicode_ci DEFAULT NULL,
  `bank_name` varchar(100) CHARACTER SET utf8mb4 COLLATE utf8mb4_unicode_ci DEFAULT NULL,
  `bank_account_number` varchar(50) CHARACTER SET utf8mb4 COLLATE utf8mb4_unicode_ci DEFAULT NULL,
  `bank_ifsc` varchar(20) CHARACTER SET utf8mb4 COLLATE utf8mb4_unicode_ci DEFAULT NULL,
  `pan_number` varchar(20) CHARACTER SET utf8mb4 COLLATE utf8mb4_unicode_ci DEFAULT NULL,
  `aadhar_number` varchar(20) CHARACTER SET utf8mb4 COLLATE utf8mb4_unicode_ci DEFAULT NULL,
  `is_teacher` tinyint(1) NOT NULL,
  `primary_subject_id` char(36) CHARACTER SET utf8mb4 COLLATE utf8mb4_unicode_ci DEFAULT NULL,
  `max_workload_hours` int DEFAULT NULL,
  `salary` decimal(10,2) DEFAULT NULL,
  `status` varchar(20) CHARACTER SET utf8mb4 COLLATE utf8mb4_unicode_ci NOT NULL,
  `user_id` char(36) CHARACTER SET utf8mb4 COLLATE utf8mb4_unicode_ci DEFAULT NULL,
  `id` char(36) CHARACTER SET utf8mb4 COLLATE utf8mb4_unicode_ci NOT NULL,
  `metadata` json NOT NULL,
  `created_at` datetime NOT NULL DEFAULT (now()),
  `updated_at` datetime NOT NULL DEFAULT (now()),
  `is_active` tinyint(1) NOT NULL,
  `deleted_at` datetime DEFAULT NULL,
  `deleted_by` char(36) CHARACTER SET utf8mb4 COLLATE utf8mb4_unicode_ci DEFAULT NULL,
  `created_by` char(36) CHARACTER SET utf8mb4 COLLATE utf8mb4_unicode_ci DEFAULT NULL,
  `updated_by` char(36) CHARACTER SET utf8mb4 COLLATE utf8mb4_unicode_ci DEFAULT NULL,
  `school_id` char(36) CHARACTER SET utf8mb4 COLLATE utf8mb4_unicode_ci NOT NULL,
  PRIMARY KEY (`id`),
  UNIQUE KEY `uq_staff_school_employee_id` (`school_id`,`employee_id`),
  UNIQUE KEY `uq_staff_school_email` (`school_id`,`email`),
  KEY `idx_staff_status` (`school_id`,`status`),
  KEY `idx_staff_department` (`school_id`,`department`),
  KEY `ix_staff_school_id` (`school_id`),
  KEY `idx_staff_is_teacher` (`school_id`,`is_teacher`),
  KEY `ix_staff_is_active` (`is_active`),
  KEY `idx_staff_name` (`school_id`,`full_name`),
  KEY `fk_staff_user_id_users` (`user_id`),
  CONSTRAINT `fk_staff_school_id_schools` FOREIGN KEY (`school_id`) REFERENCES `schools` (`id`),
  CONSTRAINT `fk_staff_user_id_users` FOREIGN KEY (`user_id`) REFERENCES `users` (`id`)
) ENGINE=InnoDB DEFAULT CHARSET=utf8mb4 COLLATE=utf8mb4_unicode_ci;
/*!40101 SET character_set_client = @saved_cs_client */;

--
-- Dumping data for table `staff`
--

LOCK TABLES `staff` WRITE;
/*!40000 ALTER TABLE `staff` DISABLE KEYS */;
INSERT INTO `staff` VALUES ('EMP006','Rahul','Verma','Rahul Verma','rahul@teacher.com','+91-98765006',NULL,NULL,NULL,NULL,'Teaching','Teacher','Full-Time','2020-06-01',NULL,NULL,NULL,NULL,NULL,NULL,NULL,NULL,NULL,NULL,NULL,NULL,NULL,NULL,NULL,NULL,NULL,1,NULL,NULL,50000.00,'Active',NULL,'62be1cfe-da33-4140-b592-061cff00efad','{}','2026-05-27 22:34:49','2026-05-27 22:34:49',1,NULL,NULL,NULL,NULL,'659a72a6-284a-4b1b-b460-018096237cb9'),('EMP003','Priya','Sharma','Priya Sharma','priya@teacher.com','+91-98765003',NULL,NULL,NULL,NULL,'Teaching','Teacher','Full-Time','2020-06-01',NULL,NULL,NULL,NULL,NULL,NULL,NULL,NULL,NULL,NULL,NULL,NULL,NULL,NULL,NULL,NULL,NULL,1,NULL,NULL,50000.00,'Active',NULL,'639dbabd-3949-40c2-9f62-e0f517926145','{}','2026-05-27 22:34:49','2026-05-27 22:34:49',1,NULL,NULL,NULL,NULL,'659a72a6-284a-4b1b-b460-018096237cb9'),('EMP009','Meera','Patel','Meera Patel','meera@admin.com','+91-98765009',NULL,NULL,NULL,NULL,'Administration','Office Staff','Full-Time','2020-06-01',NULL,NULL,NULL,NULL,NULL,NULL,NULL,NULL,NULL,NULL,NULL,NULL,NULL,NULL,NULL,NULL,NULL,0,NULL,NULL,35000.00,'Active',NULL,'642287a9-c7bb-4ee5-93d9-bb50e2be6af9','{}','2026-05-27 22:34:49','2026-05-27 22:34:49',1,NULL,NULL,NULL,NULL,'659a72a6-284a-4b1b-b460-018096237cb9'),('EMP004','Amit','Kumar','Amit Kumar','amit@teacher.com','+91-98765004',NULL,NULL,NULL,NULL,'Teaching','Teacher','Full-Time','2020-06-01',NULL,NULL,NULL,NULL,NULL,NULL,NULL,NULL,NULL,NULL,NULL,NULL,NULL,NULL,NULL,NULL,NULL,1,NULL,NULL,50000.00,'Active',NULL,'8bf30c04-8545-4a08-b662-3d3625214638','{}','2026-05-27 22:34:49','2026-05-27 22:34:49',1,NULL,NULL,NULL,NULL,'659a72a6-284a-4b1b-b460-018096237cb9'),('EMP005','Sunita','Devi','Sunita Devi','sunita@teacher.com','+91-98765005',NULL,NULL,NULL,NULL,'Teaching','Teacher','Full-Time','2020-06-01',NULL,NULL,NULL,NULL,NULL,NULL,NULL,NULL,NULL,NULL,NULL,NULL,NULL,NULL,NULL,NULL,NULL,1,NULL,NULL,50000.00,'Active',NULL,'9661495d-82cb-4b3d-b9fe-1505e81cb8f1','{}','2026-05-27 22:34:49','2026-05-27 22:34:49',1,NULL,NULL,NULL,NULL,'659a72a6-284a-4b1b-b460-018096237cb9'),('EMP002','Robert','Brown','Robert Brown','robert@teacher.com','+91-98765002',NULL,NULL,NULL,NULL,'Teaching','Teacher','Full-Time','2020-06-01',NULL,NULL,NULL,NULL,NULL,NULL,NULL,NULL,NULL,NULL,NULL,NULL,NULL,NULL,NULL,NULL,NULL,1,NULL,NULL,50000.00,'Active',NULL,'a2ccc78c-972b-4b82-9a5c-21317170b66e','{}','2026-05-27 22:34:49','2026-05-27 22:34:49',1,NULL,NULL,NULL,NULL,'659a72a6-284a-4b1b-b460-018096237cb9'),('EMP_CRUD','CRUD','Teacher','CRUD Teacher','crud.teacher@school.com','+91-8888888888',NULL,NULL,NULL,NULL,'Science','Senior Teacher','Full-Time','2025-06-01','2026-05-28',NULL,NULL,NULL,NULL,NULL,NULL,NULL,NULL,NULL,NULL,NULL,NULL,NULL,NULL,NULL,NULL,1,NULL,NULL,NULL,'Inactive','ccce3819-4b42-49f0-95d7-b9b42dcdeca8','b8654db5-162d-47e3-87dd-c9a73b8f171b','{}','2026-05-28 01:08:14','2026-05-28 01:08:15',1,NULL,NULL,'99bf6ed3-bf5b-4b8e-9f02-46c192c410cc','99bf6ed3-bf5b-4b8e-9f02-46c192c410cc','659a72a6-284a-4b1b-b460-018096237cb9'),('EMP007','Deepa','Nair','Deepa Nair','deepa@teacher.com','+91-98765007',NULL,NULL,NULL,NULL,'Teaching','Teacher','Full-Time','2020-06-01',NULL,NULL,NULL,NULL,NULL,NULL,NULL,NULL,NULL,NULL,NULL,NULL,NULL,NULL,NULL,NULL,NULL,1,NULL,NULL,50000.00,'Active',NULL,'e229887b-ac9f-4890-ae67-03a625830892','{}','2026-05-27 22:34:49','2026-05-27 22:34:49',1,NULL,NULL,NULL,NULL,'659a72a6-284a-4b1b-b460-018096237cb9'),('EMP008','Vikram','Singh','Vikram Singh','vikram@teacher.com','+91-98765008',NULL,NULL,NULL,NULL,'Teaching','Teacher','Full-Time','2020-06-01',NULL,NULL,NULL,NULL,NULL,NULL,NULL,NULL,NULL,NULL,NULL,NULL,NULL,NULL,NULL,NULL,NULL,1,NULL,NULL,50000.00,'Active',NULL,'f396a99f-0859-4b1e-a8ec-8e2505cf09a0','{}','2026-05-27 22:34:49','2026-05-27 22:34:49',1,NULL,NULL,NULL,NULL,'659a72a6-284a-4b1b-b460-018096237cb9'),('EMP001','Jane','Smith','Jane Smith','jane@teacher.com','+91-98765001',NULL,NULL,NULL,NULL,'Teaching','Teacher','Full-Time','2020-06-01',NULL,NULL,NULL,NULL,NULL,NULL,NULL,NULL,NULL,NULL,NULL,NULL,NULL,NULL,NULL,NULL,NULL,1,NULL,NULL,50000.00,'Active',NULL,'f55f47c2-6286-478e-b218-8f97ed41cd31','{}','2026-05-27 22:34:49','2026-05-27 22:34:49',1,NULL,NULL,NULL,NULL,'659a72a6-284a-4b1b-b460-018096237cb9'),('EMP010','Suresh','Reddy','Suresh Reddy','suresh@admin.com','+91-98765010',NULL,NULL,NULL,NULL,'Administration','Office Staff','Full-Time','2020-06-01',NULL,NULL,NULL,NULL,NULL,NULL,NULL,NULL,NULL,NULL,NULL,NULL,NULL,NULL,NULL,NULL,NULL,0,NULL,NULL,35000.00,'Active',NULL,'fe369e14-68a7-4605-9449-f03de0d6ffba','{}','2026-05-27 22:34:49','2026-05-27 22:34:49',1,NULL,NULL,NULL,NULL,'659a72a6-284a-4b1b-b460-018096237cb9');
/*!40000 ALTER TABLE `staff` ENABLE KEYS */;
UNLOCK TABLES;

--
-- Table structure for table `staff_subjects`
--

DROP TABLE IF EXISTS `staff_subjects`;
/*!40101 SET @saved_cs_client     = @@character_set_client */;
/*!50503 SET character_set_client = utf8mb4 */;
CREATE TABLE `staff_subjects` (
  `staff_id` char(36) CHARACTER SET utf8mb4 COLLATE utf8mb4_unicode_ci NOT NULL,
  `subject_id` char(36) CHARACTER SET utf8mb4 COLLATE utf8mb4_unicode_ci NOT NULL,
  `is_primary` tinyint(1) NOT NULL,
  `id` char(36) CHARACTER SET utf8mb4 COLLATE utf8mb4_unicode_ci NOT NULL,
  `metadata` json NOT NULL,
  `created_at` datetime NOT NULL DEFAULT (now()),
  `updated_at` datetime NOT NULL DEFAULT (now()),
  `is_active` tinyint(1) NOT NULL,
  `deleted_at` datetime DEFAULT NULL,
  `deleted_by` char(36) CHARACTER SET utf8mb4 COLLATE utf8mb4_unicode_ci DEFAULT NULL,
  `created_by` char(36) CHARACTER SET utf8mb4 COLLATE utf8mb4_unicode_ci DEFAULT NULL,
  `updated_by` char(36) CHARACTER SET utf8mb4 COLLATE utf8mb4_unicode_ci DEFAULT NULL,
  `school_id` char(36) CHARACTER SET utf8mb4 COLLATE utf8mb4_unicode_ci NOT NULL,
  PRIMARY KEY (`id`),
  UNIQUE KEY `uq_staff_subjects_staff_subject` (`school_id`,`staff_id`,`subject_id`),
  KEY `fk_staff_subjects_subject_id_subjects` (`subject_id`),
  KEY `idx_staff_subjects_staff` (`staff_id`),
  KEY `ix_staff_subjects_school_id` (`school_id`),
  KEY `ix_staff_subjects_is_active` (`is_active`),
  CONSTRAINT `fk_staff_subjects_school_id_schools` FOREIGN KEY (`school_id`) REFERENCES `schools` (`id`),
  CONSTRAINT `fk_staff_subjects_staff_id_staff` FOREIGN KEY (`staff_id`) REFERENCES `staff` (`id`) ON DELETE CASCADE,
  CONSTRAINT `fk_staff_subjects_subject_id_subjects` FOREIGN KEY (`subject_id`) REFERENCES `subjects` (`id`)
) ENGINE=InnoDB DEFAULT CHARSET=utf8mb4 COLLATE=utf8mb4_unicode_ci;
/*!40101 SET character_set_client = @saved_cs_client */;

--
-- Dumping data for table `staff_subjects`
--

LOCK TABLES `staff_subjects` WRITE;
/*!40000 ALTER TABLE `staff_subjects` DISABLE KEYS */;
INSERT INTO `staff_subjects` VALUES ('e229887b-ac9f-4890-ae67-03a625830892','f3066013-6cbb-4fab-a11c-3500992d40c6',1,'12d98029-c32b-40ff-838f-f1b3792f0ea6','{}','2026-05-27 22:34:49','2026-05-27 22:34:49',1,NULL,NULL,NULL,NULL,'659a72a6-284a-4b1b-b460-018096237cb9'),('f55f47c2-6286-478e-b218-8f97ed41cd31','6cd5cf45-a2ca-4ad6-89bb-7873731490f2',1,'18540fd5-8028-448b-92fc-7e2df2a6729d','{}','2026-05-27 22:34:49','2026-05-27 22:34:49',1,NULL,NULL,NULL,NULL,'659a72a6-284a-4b1b-b460-018096237cb9'),('639dbabd-3949-40c2-9f62-e0f517926145','58bb8ece-bcf5-4d9a-ba24-f381cbfdfbd2',1,'59f0a830-e7f5-4bd2-90fa-ceaf371f5ddf','{}','2026-05-27 22:34:49','2026-05-27 22:34:49',1,NULL,NULL,NULL,NULL,'659a72a6-284a-4b1b-b460-018096237cb9'),('62be1cfe-da33-4140-b592-061cff00efad','0e59db90-8e3f-4d6d-aa5c-4c613a2597c5',1,'84fe2482-e818-464a-9c1d-75791ac14949','{}','2026-05-27 22:34:49','2026-05-27 22:34:49',1,NULL,NULL,NULL,NULL,'659a72a6-284a-4b1b-b460-018096237cb9'),('a2ccc78c-972b-4b82-9a5c-21317170b66e','cbdf9dac-d844-4a62-8f63-edbd580764c3',1,'8b5de084-c8db-4c72-b067-a6e307a40365','{}','2026-05-27 22:34:49','2026-05-27 22:34:49',1,NULL,NULL,NULL,NULL,'659a72a6-284a-4b1b-b460-018096237cb9'),('f396a99f-0859-4b1e-a8ec-8e2505cf09a0','aacc8271-986e-4181-9ecc-7363869f3a2a',1,'bb9541a9-5648-4114-bdf7-7ade367c2270','{}','2026-05-27 22:34:49','2026-05-27 22:34:49',1,NULL,NULL,NULL,NULL,'659a72a6-284a-4b1b-b460-018096237cb9'),('8bf30c04-8545-4a08-b662-3d3625214638','229a4e95-8b1e-4316-9782-98b0e51ea940',1,'cf351382-41ea-4168-a8b8-b2df9db18de5','{}','2026-05-27 22:34:49','2026-05-27 22:34:49',1,NULL,NULL,NULL,NULL,'659a72a6-284a-4b1b-b460-018096237cb9'),('9661495d-82cb-4b3d-b9fe-1505e81cb8f1','9a2d7073-5dbd-4a32-84bc-ae46a94e1053',1,'e77eb0ce-c8e6-4110-9019-14b37e46d684','{}','2026-05-27 22:34:49','2026-05-27 22:34:49',1,NULL,NULL,NULL,NULL,'659a72a6-284a-4b1b-b460-018096237cb9');
/*!40000 ALTER TABLE `staff_subjects` ENABLE KEYS */;
UNLOCK TABLES;

--
-- Table structure for table `student_enrollments`
--

DROP TABLE IF EXISTS `student_enrollments`;
/*!40101 SET @saved_cs_client     = @@character_set_client */;
/*!50503 SET character_set_client = utf8mb4 */;
CREATE TABLE `student_enrollments` (
  `academic_year_id` char(36) CHARACTER SET utf8mb4 COLLATE utf8mb4_unicode_ci NOT NULL,
  `student_id` char(36) CHARACTER SET utf8mb4 COLLATE utf8mb4_unicode_ci NOT NULL,
  `class_section_id` char(36) CHARACTER SET utf8mb4 COLLATE utf8mb4_unicode_ci NOT NULL,
  `roll_number` varchar(20) CHARACTER SET utf8mb4 COLLATE utf8mb4_unicode_ci DEFAULT NULL,
  `enrollment_date` date DEFAULT NULL,
  `status` varchar(20) CHARACTER SET utf8mb4 COLLATE utf8mb4_unicode_ci NOT NULL,
  `id` char(36) CHARACTER SET utf8mb4 COLLATE utf8mb4_unicode_ci NOT NULL,
  `metadata` json NOT NULL,
  `created_at` datetime NOT NULL DEFAULT (now()),
  `updated_at` datetime NOT NULL DEFAULT (now()),
  `is_active` tinyint(1) NOT NULL,
  `deleted_at` datetime DEFAULT NULL,
  `deleted_by` char(36) CHARACTER SET utf8mb4 COLLATE utf8mb4_unicode_ci DEFAULT NULL,
  `created_by` char(36) CHARACTER SET utf8mb4 COLLATE utf8mb4_unicode_ci DEFAULT NULL,
  `updated_by` char(36) CHARACTER SET utf8mb4 COLLATE utf8mb4_unicode_ci DEFAULT NULL,
  `school_id` char(36) CHARACTER SET utf8mb4 COLLATE utf8mb4_unicode_ci NOT NULL,
  PRIMARY KEY (`id`),
  UNIQUE KEY `uq_student_enrollments_year` (`school_id`,`academic_year_id`,`student_id`),
  KEY `fk_student_enrollments_academic_year_id_academic_years` (`academic_year_id`),
  KEY `ix_student_enrollments_school_id` (`school_id`),
  KEY `idx_student_enrollments_class` (`class_section_id`,`academic_year_id`),
  KEY `idx_student_enrollments_student` (`student_id`,`academic_year_id`),
  KEY `ix_student_enrollments_is_active` (`is_active`),
  CONSTRAINT `fk_student_enrollments_academic_year_id_academic_years` FOREIGN KEY (`academic_year_id`) REFERENCES `academic_years` (`id`),
  CONSTRAINT `fk_student_enrollments_class_section_id_class_sections` FOREIGN KEY (`class_section_id`) REFERENCES `class_sections` (`id`),
  CONSTRAINT `fk_student_enrollments_school_id_schools` FOREIGN KEY (`school_id`) REFERENCES `schools` (`id`),
  CONSTRAINT `fk_student_enrollments_student_id_students` FOREIGN KEY (`student_id`) REFERENCES `students` (`id`)
) ENGINE=InnoDB DEFAULT CHARSET=utf8mb4 COLLATE=utf8mb4_unicode_ci;
/*!40101 SET character_set_client = @saved_cs_client */;

--
-- Dumping data for table `student_enrollments`
--

LOCK TABLES `student_enrollments` WRITE;
/*!40000 ALTER TABLE `student_enrollments` DISABLE KEYS */;
INSERT INTO `student_enrollments` VALUES ('491598d9-1ca9-4402-86f3-87b92cf96f11','20ae1e67-5fb3-48ac-89f7-f47dda7407c1','ce8a260c-5b81-4f5e-9c6f-76b80e239974','004','2025-06-01','Active','035fa5c8-778c-4f2b-8e2f-3cb3da570e9c','{}','2026-05-27 22:34:50','2026-05-27 22:34:50',1,NULL,NULL,NULL,NULL,'659a72a6-284a-4b1b-b460-018096237cb9'),('491598d9-1ca9-4402-86f3-87b92cf96f11','35fee766-a623-4c7f-acd1-aad490913162','ce8a260c-5b81-4f5e-9c6f-76b80e239974','006','2025-06-01','Active','03d6eb35-da2c-4f9d-b2bd-cb44109d53ad','{}','2026-05-27 22:34:50','2026-05-27 22:34:50',1,NULL,NULL,NULL,NULL,'659a72a6-284a-4b1b-b460-018096237cb9'),('491598d9-1ca9-4402-86f3-87b92cf96f11','e81f6d5a-d28d-4aea-9771-ca26ef984530','09db56bb-57e7-4569-9086-fd2b2fa5ec5a','002','2025-06-01','Active','0571fa63-b8df-4e94-8f8e-34f4d78f8661','{}','2026-05-27 22:34:50','2026-05-27 22:34:50',1,NULL,NULL,NULL,NULL,'659a72a6-284a-4b1b-b460-018096237cb9'),('491598d9-1ca9-4402-86f3-87b92cf96f11','01fbc26d-95b1-43be-b42a-6dd602973499','828099e8-cac0-496b-beb6-d1a6d819fbb9','003','2025-06-01','Active','064524aa-8afd-4336-9ebb-54b599857140','{}','2026-05-27 22:34:50','2026-05-27 22:34:50',1,NULL,NULL,NULL,NULL,'659a72a6-284a-4b1b-b460-018096237cb9'),('491598d9-1ca9-4402-86f3-87b92cf96f11','6107e285-e2a4-47d5-8835-bf4bf89ebc5c','09db56bb-57e7-4569-9086-fd2b2fa5ec5a','998','2025-06-01','Active','07ab4128-0d4c-41cb-8bb2-ef587b749f2b','{}','2026-05-27 22:36:31','2026-05-27 22:36:31',1,NULL,NULL,'99bf6ed3-bf5b-4b8e-9f02-46c192c410cc',NULL,'659a72a6-284a-4b1b-b460-018096237cb9'),('491598d9-1ca9-4402-86f3-87b92cf96f11','fda271fc-dbcf-4c98-b58d-26f61c4da45f','828099e8-cac0-496b-beb6-d1a6d819fbb9','004','2025-06-01','Active','0844d366-343e-4e7e-a9ea-8d9c6e1ff9cc','{}','2026-05-27 22:34:50','2026-05-27 22:34:50',1,NULL,NULL,NULL,NULL,'659a72a6-284a-4b1b-b460-018096237cb9'),('491598d9-1ca9-4402-86f3-87b92cf96f11','2035c178-1855-41c2-b078-20f6ff65dec8','ca16b399-94ee-4c4e-972b-046a88c54597','006','2025-06-01','Active','08e11cf4-bd50-46e3-bd03-02064e533e14','{}','2026-05-27 22:34:50','2026-05-27 22:34:50',1,NULL,NULL,NULL,NULL,'659a72a6-284a-4b1b-b460-018096237cb9'),('491598d9-1ca9-4402-86f3-87b92cf96f11','b12b3e5a-18da-483b-8c63-30e1ee23f84a','ca16b399-94ee-4c4e-972b-046a88c54597','001','2025-06-01','Active','0d6cf2a8-2dda-4f5d-b16d-345a0f5ee63a','{}','2026-05-27 22:34:50','2026-05-27 22:34:50',1,NULL,NULL,NULL,NULL,'659a72a6-284a-4b1b-b460-018096237cb9'),('491598d9-1ca9-4402-86f3-87b92cf96f11','a0a7ebf8-7824-4bf1-a8b3-401b0fcf1801','70cb91f6-d3c2-4af3-bf06-6319c2d58eac','001','2025-06-01','Active','0ffedb35-1f48-4532-aeb6-a5d52fff2fbe','{}','2026-05-27 22:34:50','2026-05-27 22:34:50',1,NULL,NULL,NULL,NULL,'659a72a6-284a-4b1b-b460-018096237cb9'),('491598d9-1ca9-4402-86f3-87b92cf96f11','cff46e7b-0ff3-4ed5-84d8-f64ec9ce9811','70cb91f6-d3c2-4af3-bf06-6319c2d58eac','003','2025-06-01','Active','1644cdec-356b-4205-b1e8-b804699904f5','{}','2026-05-27 22:34:50','2026-05-27 22:34:50',1,NULL,NULL,NULL,NULL,'659a72a6-284a-4b1b-b460-018096237cb9'),('491598d9-1ca9-4402-86f3-87b92cf96f11','c590e7e3-c666-4da3-8a68-91f07dbbbadf','70cb91f6-d3c2-4af3-bf06-6319c2d58eac','004','2025-06-01','Active','1d793118-5730-42bc-826b-c68a940890e3','{}','2026-05-27 22:34:50','2026-05-27 22:34:50',1,NULL,NULL,NULL,NULL,'659a72a6-284a-4b1b-b460-018096237cb9'),('491598d9-1ca9-4402-86f3-87b92cf96f11','8439d760-20b7-4d8f-a0c9-40e1b2dfba6a','ce8a260c-5b81-4f5e-9c6f-76b80e239974','005','2025-06-01','Active','23336d55-9193-4dd6-90ab-e88686091806','{}','2026-05-27 22:34:50','2026-05-27 22:34:50',1,NULL,NULL,NULL,NULL,'659a72a6-284a-4b1b-b460-018096237cb9'),('491598d9-1ca9-4402-86f3-87b92cf96f11','912f3a07-2523-455d-b4b8-d2c8096b8b33','828099e8-cac0-496b-beb6-d1a6d819fbb9','006','2025-06-01','Active','25839a5c-feba-4704-9a3c-8986ffbdf21b','{}','2026-05-27 22:34:50','2026-05-27 22:34:50',1,NULL,NULL,NULL,NULL,'659a72a6-284a-4b1b-b460-018096237cb9'),('491598d9-1ca9-4402-86f3-87b92cf96f11','d50613db-5b80-4dfc-bc55-865d8ddbcb25','828099e8-cac0-496b-beb6-d1a6d819fbb9','001','2025-06-01','Active','25961f66-c473-4052-a3aa-e2ca219caa48','{}','2026-05-27 22:34:50','2026-05-27 22:34:50',1,NULL,NULL,NULL,NULL,'659a72a6-284a-4b1b-b460-018096237cb9'),('491598d9-1ca9-4402-86f3-87b92cf96f11','1f84a410-f76c-48e6-bd71-dde6983af906','ca16b399-94ee-4c4e-972b-046a88c54597','005','2025-06-01','Active','361a9624-49fb-4746-b454-91945415d6aa','{}','2026-05-27 22:34:50','2026-05-27 22:34:50',1,NULL,NULL,NULL,NULL,'659a72a6-284a-4b1b-b460-018096237cb9'),('491598d9-1ca9-4402-86f3-87b92cf96f11','e59ec31f-8889-4a2c-82c6-e44129b4e01b','ca16b399-94ee-4c4e-972b-046a88c54597','008','2025-06-01','Active','3ce723c2-2936-4d5b-8734-42492d088a2e','{}','2026-05-27 22:34:50','2026-05-27 22:34:50',1,NULL,NULL,NULL,NULL,'659a72a6-284a-4b1b-b460-018096237cb9'),('491598d9-1ca9-4402-86f3-87b92cf96f11','0a3f6d58-7348-4c37-ab09-ebe0238a3b1f','ce8a260c-5b81-4f5e-9c6f-76b80e239974','002','2025-06-01','Active','4354c6ba-d5eb-47ce-ba87-d17d5f761b7b','{}','2026-05-27 22:34:50','2026-05-27 22:34:50',1,NULL,NULL,NULL,NULL,'659a72a6-284a-4b1b-b460-018096237cb9'),('491598d9-1ca9-4402-86f3-87b92cf96f11','ff8d12ed-6489-43dd-b2b1-88c02d42f826','ce8a260c-5b81-4f5e-9c6f-76b80e239974','008','2025-06-01','Active','4629f28f-0a11-41dc-8f7e-f2c63ed06ad6','{}','2026-05-27 22:34:50','2026-05-27 22:34:50',1,NULL,NULL,NULL,NULL,'659a72a6-284a-4b1b-b460-018096237cb9'),('491598d9-1ca9-4402-86f3-87b92cf96f11','154dba0d-46f1-4ba7-a1a6-6f5bc2ed051c','ce8a260c-5b81-4f5e-9c6f-76b80e239974','007','2025-06-01','Active','4e359c13-062b-427a-b425-211ed7d52caa','{}','2026-05-27 22:34:50','2026-05-27 22:34:50',1,NULL,NULL,NULL,NULL,'659a72a6-284a-4b1b-b460-018096237cb9'),('491598d9-1ca9-4402-86f3-87b92cf96f11','d1ca8baf-ef87-4b9a-84fc-694cde5ad95f','268cd0ee-f598-4156-b4bb-194eb2b64a0b','006','2025-06-01','Active','61cafa7a-ed5b-4351-967d-ff4aacf9dd13','{}','2026-05-27 22:34:50','2026-05-27 22:34:50',1,NULL,NULL,NULL,NULL,'659a72a6-284a-4b1b-b460-018096237cb9'),('491598d9-1ca9-4402-86f3-87b92cf96f11','100d2412-5e2c-4c6a-8806-6cfde9401bab','828099e8-cac0-496b-beb6-d1a6d819fbb9','008','2025-06-01','Active','63c25037-3104-4bb1-8663-fb1f3f43882e','{}','2026-05-27 22:34:50','2026-05-27 22:34:50',1,NULL,NULL,NULL,NULL,'659a72a6-284a-4b1b-b460-018096237cb9'),('491598d9-1ca9-4402-86f3-87b92cf96f11','21a9a63c-efc4-4459-b072-61b898412a5a','268cd0ee-f598-4156-b4bb-194eb2b64a0b','003','2025-06-01','Active','64b71c71-413c-4734-8781-169fd7a2164b','{}','2026-05-27 22:34:50','2026-05-27 22:34:50',1,NULL,NULL,NULL,NULL,'659a72a6-284a-4b1b-b460-018096237cb9'),('491598d9-1ca9-4402-86f3-87b92cf96f11','a8cc521b-8de9-42c5-8500-6c7c0638d050','70cb91f6-d3c2-4af3-bf06-6319c2d58eac','002','2025-06-01','Active','65dc7bbd-9314-4a70-9c5d-80439b980668','{}','2026-05-27 22:34:50','2026-05-27 22:34:50',1,NULL,NULL,NULL,NULL,'659a72a6-284a-4b1b-b460-018096237cb9'),('491598d9-1ca9-4402-86f3-87b92cf96f11','dcd9ac28-b22f-41ce-90e8-46b4dfae4799','09db56bb-57e7-4569-9086-fd2b2fa5ec5a','001','2025-06-01','Active','665b7da2-16f6-48c8-b476-99f5b968f951','{}','2026-05-27 22:34:50','2026-05-27 22:34:50',1,NULL,NULL,NULL,NULL,'659a72a6-284a-4b1b-b460-018096237cb9'),('491598d9-1ca9-4402-86f3-87b92cf96f11','b656d8da-0176-43e6-b53d-0cb4c7bab509','268cd0ee-f598-4156-b4bb-194eb2b64a0b','001','2025-06-01','Active','67b3319e-d6ee-4c7a-a939-bfa879f4ffd4','{}','2026-05-27 22:34:50','2026-05-27 22:34:50',1,NULL,NULL,NULL,NULL,'659a72a6-284a-4b1b-b460-018096237cb9'),('491598d9-1ca9-4402-86f3-87b92cf96f11','417901ea-f5f8-4c33-b141-e2843c36c497','09db56bb-57e7-4569-9086-fd2b2fa5ec5a','CRUD001','2026-05-28','Active','6dfef50d-10b8-433c-8819-8f0b8bb2e632','{}','2026-05-28 01:02:36','2026-05-28 01:02:36',1,NULL,NULL,'99bf6ed3-bf5b-4b8e-9f02-46c192c410cc',NULL,'659a72a6-284a-4b1b-b460-018096237cb9'),('491598d9-1ca9-4402-86f3-87b92cf96f11','1db8fd34-b725-4da4-8665-a5534238f137','70cb91f6-d3c2-4af3-bf06-6319c2d58eac','007','2025-06-01','Active','70683c80-6cbf-471b-a5b3-9012776cf694','{}','2026-05-27 22:34:50','2026-05-27 22:34:50',1,NULL,NULL,NULL,NULL,'659a72a6-284a-4b1b-b460-018096237cb9'),('491598d9-1ca9-4402-86f3-87b92cf96f11','dac10e09-9beb-4354-afaf-4f4bd6dc23a6','ce8a260c-5b81-4f5e-9c6f-76b80e239974','003','2025-06-01','Active','71c65979-8695-4f9d-a511-5e9a561ab073','{}','2026-05-27 22:34:50','2026-05-27 22:34:50',1,NULL,NULL,NULL,NULL,'659a72a6-284a-4b1b-b460-018096237cb9'),('491598d9-1ca9-4402-86f3-87b92cf96f11','95133435-5c71-4ee2-8866-1ef9e527e199','ca16b399-94ee-4c4e-972b-046a88c54597','007','2025-06-01','Active','75f11261-c4c4-4c77-86ee-fbdb13390239','{}','2026-05-27 22:34:50','2026-05-27 22:34:50',1,NULL,NULL,NULL,NULL,'659a72a6-284a-4b1b-b460-018096237cb9'),('491598d9-1ca9-4402-86f3-87b92cf96f11','467b52aa-b799-43d5-b6cc-ca9f96b7a907','70cb91f6-d3c2-4af3-bf06-6319c2d58eac','006','2025-06-01','Active','7797e94d-fbf2-4c3a-96d6-2ec4ede88a9a','{}','2026-05-27 22:34:50','2026-05-27 22:34:50',1,NULL,NULL,NULL,NULL,'659a72a6-284a-4b1b-b460-018096237cb9'),('491598d9-1ca9-4402-86f3-87b92cf96f11','980a5137-5d5f-48de-927d-f2d2db672c2f','268cd0ee-f598-4156-b4bb-194eb2b64a0b','005','2025-06-01','Active','78474a6e-4b35-41d9-a8cb-c6092eb98de9','{}','2026-05-27 22:34:50','2026-05-27 22:34:50',1,NULL,NULL,NULL,NULL,'659a72a6-284a-4b1b-b460-018096237cb9'),('491598d9-1ca9-4402-86f3-87b92cf96f11','e77aeb23-e06c-4060-940b-e98c6076ae15','09db56bb-57e7-4569-9086-fd2b2fa5ec5a','008','2025-06-01','Active','7b6c7d73-a11f-485b-8a1f-5c625e95e14a','{}','2026-05-27 22:34:50','2026-05-27 22:34:50',1,NULL,NULL,NULL,NULL,'659a72a6-284a-4b1b-b460-018096237cb9'),('491598d9-1ca9-4402-86f3-87b92cf96f11','0e9e1858-b649-4961-8e79-561f6e058836','70cb91f6-d3c2-4af3-bf06-6319c2d58eac','005','2025-06-01','Active','81c5c0d2-79a3-4093-a18b-18bb2ec1186d','{}','2026-05-27 22:34:50','2026-05-27 22:34:50',1,NULL,NULL,NULL,NULL,'659a72a6-284a-4b1b-b460-018096237cb9'),('491598d9-1ca9-4402-86f3-87b92cf96f11','9398407c-f2ab-4629-b6a0-9b843f8761fb','268cd0ee-f598-4156-b4bb-194eb2b64a0b','008','2025-06-01','Active','88eec8cc-ab4f-4a6d-806a-cf256f6a5545','{}','2026-05-27 22:34:50','2026-05-27 22:34:50',1,NULL,NULL,NULL,NULL,'659a72a6-284a-4b1b-b460-018096237cb9'),('491598d9-1ca9-4402-86f3-87b92cf96f11','42e817b5-8abc-43aa-8a80-3e98221c4ab6','09db56bb-57e7-4569-9086-fd2b2fa5ec5a','005','2025-06-01','Active','9e23e4f0-bde0-4023-b66a-d6588ca942fb','{}','2026-05-27 22:34:50','2026-05-27 22:34:50',1,NULL,NULL,NULL,NULL,'659a72a6-284a-4b1b-b460-018096237cb9'),('491598d9-1ca9-4402-86f3-87b92cf96f11','e32641ce-926f-4338-ac29-3f2a89e94524','ce8a260c-5b81-4f5e-9c6f-76b80e239974','001','2025-06-01','Active','a02d3aac-a4fb-4e1a-9f32-cd3add120558','{}','2026-05-27 22:34:50','2026-05-27 22:34:50',1,NULL,NULL,NULL,NULL,'659a72a6-284a-4b1b-b460-018096237cb9'),('491598d9-1ca9-4402-86f3-87b92cf96f11','4a81aff3-2e60-460f-98e1-fd7afc013c21','09db56bb-57e7-4569-9086-fd2b2fa5ec5a','004','2025-06-01','Active','a4e9e0fd-8044-4786-80fa-a8e923df3a09','{}','2026-05-27 22:34:50','2026-05-27 22:34:50',1,NULL,NULL,NULL,NULL,'659a72a6-284a-4b1b-b460-018096237cb9'),('491598d9-1ca9-4402-86f3-87b92cf96f11','6a5a126b-1303-4ed6-9b80-971d4e908c1f','ca16b399-94ee-4c4e-972b-046a88c54597','002','2025-06-01','Active','abfa7a70-024b-4549-91a3-3e6fb2711654','{}','2026-05-27 22:34:50','2026-05-27 22:34:50',1,NULL,NULL,NULL,NULL,'659a72a6-284a-4b1b-b460-018096237cb9'),('491598d9-1ca9-4402-86f3-87b92cf96f11','6bc40a80-af77-4da5-b009-098e08d37281','70cb91f6-d3c2-4af3-bf06-6319c2d58eac','008','2025-06-01','Active','b9d5a42f-ab28-4356-817e-5da6e868e392','{}','2026-05-27 22:34:50','2026-05-27 22:34:50',1,NULL,NULL,NULL,NULL,'659a72a6-284a-4b1b-b460-018096237cb9'),('491598d9-1ca9-4402-86f3-87b92cf96f11','e910065c-8c58-4918-bbe9-b8dce2aa85b8','828099e8-cac0-496b-beb6-d1a6d819fbb9','007','2025-06-01','Active','bc4ed223-7c3a-479a-b36b-de3e03d23ae8','{}','2026-05-27 22:34:50','2026-05-27 22:34:50',1,NULL,NULL,NULL,NULL,'659a72a6-284a-4b1b-b460-018096237cb9'),('491598d9-1ca9-4402-86f3-87b92cf96f11','c25eb5ef-cb17-4022-8883-b20ef32ec981','828099e8-cac0-496b-beb6-d1a6d819fbb9','002','2025-06-01','Active','c693efee-3ea0-4ec4-9124-2d5b181b3719','{}','2026-05-27 22:34:50','2026-05-27 22:34:50',1,NULL,NULL,NULL,NULL,'659a72a6-284a-4b1b-b460-018096237cb9'),('491598d9-1ca9-4402-86f3-87b92cf96f11','4297c48a-a425-4828-961d-1e09369bda04','09db56bb-57e7-4569-9086-fd2b2fa5ec5a','003','2025-06-01','Active','c840f826-88b3-4649-988a-d625a8a332ea','{}','2026-05-27 22:34:50','2026-05-27 22:34:50',1,NULL,NULL,NULL,NULL,'659a72a6-284a-4b1b-b460-018096237cb9'),('491598d9-1ca9-4402-86f3-87b92cf96f11','a81dcd18-15ed-467b-8583-60cbf3665752','09db56bb-57e7-4569-9086-fd2b2fa5ec5a','006','2025-06-01','Active','cbfc8999-334c-4b67-9e13-6b5d8612d32b','{}','2026-05-27 22:34:50','2026-05-27 22:34:50',1,NULL,NULL,NULL,NULL,'659a72a6-284a-4b1b-b460-018096237cb9'),('491598d9-1ca9-4402-86f3-87b92cf96f11','718e064c-26d8-4d8e-8bbb-fcebd31f70b1','09db56bb-57e7-4569-9086-fd2b2fa5ec5a','007','2025-06-01','Active','d929dbe6-446d-4cc7-97db-101d81338104','{}','2026-05-27 22:34:50','2026-05-27 22:34:50',1,NULL,NULL,NULL,NULL,'659a72a6-284a-4b1b-b460-018096237cb9'),('491598d9-1ca9-4402-86f3-87b92cf96f11','fea91fe4-40b6-422d-b549-b4089cc7223d','268cd0ee-f598-4156-b4bb-194eb2b64a0b','002','2025-06-01','Active','da1d75d9-1ea9-40d0-b1d1-05b931ecdce6','{}','2026-05-27 22:34:50','2026-05-27 22:34:50',1,NULL,NULL,NULL,NULL,'659a72a6-284a-4b1b-b460-018096237cb9'),('491598d9-1ca9-4402-86f3-87b92cf96f11','ac753b58-b0cf-49a4-bb08-399faee3076d','268cd0ee-f598-4156-b4bb-194eb2b64a0b','004','2025-06-01','Active','dbfe3c8a-1005-4a2a-a2ea-a713af15ecb1','{}','2026-05-27 22:34:50','2026-05-27 22:34:50',1,NULL,NULL,NULL,NULL,'659a72a6-284a-4b1b-b460-018096237cb9'),('491598d9-1ca9-4402-86f3-87b92cf96f11','b49b38e9-9c3a-4e52-bd02-51854bd4e9a4','ca16b399-94ee-4c4e-972b-046a88c54597','004','2025-06-01','Active','dd9676c7-b0f6-422f-b7fb-658601570830','{}','2026-05-27 22:34:50','2026-05-27 22:34:50',1,NULL,NULL,NULL,NULL,'659a72a6-284a-4b1b-b460-018096237cb9'),('491598d9-1ca9-4402-86f3-87b92cf96f11','96cc2aff-1541-447c-8d31-35c2f80d4428','268cd0ee-f598-4156-b4bb-194eb2b64a0b','007','2025-06-01','Active','e23f205a-63df-42eb-a384-4cff957b04ad','{}','2026-05-27 22:34:50','2026-05-27 22:34:50',1,NULL,NULL,NULL,NULL,'659a72a6-284a-4b1b-b460-018096237cb9'),('491598d9-1ca9-4402-86f3-87b92cf96f11','3d673b0c-d001-4212-883d-20963cdfb164','09db56bb-57e7-4569-9086-fd2b2fa5ec5a','STU_CITY3','2026-05-27','Active','e3bab599-c7b3-48ba-9d3a-38f791e570bc','{}','2026-05-27 22:39:16','2026-05-27 22:39:16',1,NULL,NULL,'99bf6ed3-bf5b-4b8e-9f02-46c192c410cc',NULL,'659a72a6-284a-4b1b-b460-018096237cb9'),('491598d9-1ca9-4402-86f3-87b92cf96f11','e296a48c-e6f2-485c-bd1f-c3034149a0a2','ca16b399-94ee-4c4e-972b-046a88c54597','003','2025-06-01','Active','ee2d22a3-9019-4f5c-b530-9fb718e574a1','{}','2026-05-27 22:34:50','2026-05-27 22:34:50',1,NULL,NULL,NULL,NULL,'659a72a6-284a-4b1b-b460-018096237cb9'),('491598d9-1ca9-4402-86f3-87b92cf96f11','c8bc6088-83de-4c0a-9260-70f8bd66b5a5','09db56bb-57e7-4569-9086-fd2b2fa5ec5a','STU_FINAL','2026-05-27','Active','f2fd9565-7352-4d5f-983a-a3135c4ad6ce','{}','2026-05-27 22:42:09','2026-05-27 22:42:09',1,NULL,NULL,'99bf6ed3-bf5b-4b8e-9f02-46c192c410cc',NULL,'659a72a6-284a-4b1b-b460-018096237cb9'),('491598d9-1ca9-4402-86f3-87b92cf96f11','743e944a-3b70-4df6-bdb2-c5b6eb0ff9e8','09db56bb-57e7-4569-9086-fd2b2fa5ec5a','999','2025-06-01','Active','f6e840e4-3456-4ee6-b94d-e95e52c6e793','{}','2026-05-27 22:35:37','2026-05-27 22:35:37',1,NULL,NULL,'99bf6ed3-bf5b-4b8e-9f02-46c192c410cc',NULL,'659a72a6-284a-4b1b-b460-018096237cb9'),('491598d9-1ca9-4402-86f3-87b92cf96f11','0b3004ca-b328-415d-aa9f-c57a6a091f5d','828099e8-cac0-496b-beb6-d1a6d819fbb9','005','2025-06-01','Active','fd8021d8-b09c-45c4-b46c-84fe5473f99a','{}','2026-05-27 22:34:50','2026-05-27 22:34:50',1,NULL,NULL,NULL,NULL,'659a72a6-284a-4b1b-b460-018096237cb9');
/*!40000 ALTER TABLE `student_enrollments` ENABLE KEYS */;
UNLOCK TABLES;

--
-- Table structure for table `student_mentors`
--

DROP TABLE IF EXISTS `student_mentors`;
/*!40101 SET @saved_cs_client     = @@character_set_client */;
/*!50503 SET character_set_client = utf8mb4 */;
CREATE TABLE `student_mentors` (
  `academic_year_id` char(36) CHARACTER SET utf8mb4 COLLATE utf8mb4_unicode_ci NOT NULL,
  `student_id` char(36) CHARACTER SET utf8mb4 COLLATE utf8mb4_unicode_ci NOT NULL,
  `staff_id` char(36) CHARACTER SET utf8mb4 COLLATE utf8mb4_unicode_ci NOT NULL,
  `assigned_date` date DEFAULT NULL,
  `notes` text CHARACTER SET utf8mb4 COLLATE utf8mb4_unicode_ci,
  `id` char(36) CHARACTER SET utf8mb4 COLLATE utf8mb4_unicode_ci NOT NULL,
  `metadata` json NOT NULL,
  `created_at` datetime NOT NULL DEFAULT (now()),
  `updated_at` datetime NOT NULL DEFAULT (now()),
  `is_active` tinyint(1) NOT NULL,
  `deleted_at` datetime DEFAULT NULL,
  `deleted_by` char(36) CHARACTER SET utf8mb4 COLLATE utf8mb4_unicode_ci DEFAULT NULL,
  `created_by` char(36) CHARACTER SET utf8mb4 COLLATE utf8mb4_unicode_ci DEFAULT NULL,
  `updated_by` char(36) CHARACTER SET utf8mb4 COLLATE utf8mb4_unicode_ci DEFAULT NULL,
  `school_id` char(36) CHARACTER SET utf8mb4 COLLATE utf8mb4_unicode_ci NOT NULL,
  PRIMARY KEY (`id`),
  UNIQUE KEY `uq_student_mentors_year` (`school_id`,`academic_year_id`,`student_id`),
  KEY `fk_student_mentors_academic_year_id_academic_years` (`academic_year_id`),
  KEY `fk_student_mentors_student_id_students` (`student_id`),
  KEY `idx_student_mentors_staff` (`staff_id`,`academic_year_id`),
  KEY `ix_student_mentors_is_active` (`is_active`),
  KEY `ix_student_mentors_school_id` (`school_id`),
  CONSTRAINT `fk_student_mentors_academic_year_id_academic_years` FOREIGN KEY (`academic_year_id`) REFERENCES `academic_years` (`id`),
  CONSTRAINT `fk_student_mentors_school_id_schools` FOREIGN KEY (`school_id`) REFERENCES `schools` (`id`),
  CONSTRAINT `fk_student_mentors_staff_id_staff` FOREIGN KEY (`staff_id`) REFERENCES `staff` (`id`),
  CONSTRAINT `fk_student_mentors_student_id_students` FOREIGN KEY (`student_id`) REFERENCES `students` (`id`)
) ENGINE=InnoDB DEFAULT CHARSET=utf8mb4 COLLATE=utf8mb4_unicode_ci;
/*!40101 SET character_set_client = @saved_cs_client */;

--
-- Dumping data for table `student_mentors`
--

LOCK TABLES `student_mentors` WRITE;
/*!40000 ALTER TABLE `student_mentors` DISABLE KEYS */;
INSERT INTO `student_mentors` VALUES ('491598d9-1ca9-4402-86f3-87b92cf96f11','1db8fd34-b725-4da4-8665-a5534238f137','639dbabd-3949-40c2-9f62-e0f517926145','2025-06-15',NULL,'0f69c744-2b3f-47fb-aa29-98d0e76ccd92','{}','2026-05-27 22:34:50','2026-05-27 22:34:50',1,NULL,NULL,NULL,NULL,'659a72a6-284a-4b1b-b460-018096237cb9'),('491598d9-1ca9-4402-86f3-87b92cf96f11','980a5137-5d5f-48de-927d-f2d2db672c2f','8bf30c04-8545-4a08-b662-3d3625214638','2025-06-15',NULL,'10158dd7-1ae7-4335-a740-e23a6e268181','{}','2026-05-27 22:34:50','2026-05-27 22:34:50',1,NULL,NULL,NULL,NULL,'659a72a6-284a-4b1b-b460-018096237cb9'),('491598d9-1ca9-4402-86f3-87b92cf96f11','cff46e7b-0ff3-4ed5-84d8-f64ec9ce9811','639dbabd-3949-40c2-9f62-e0f517926145','2025-06-15',NULL,'10e51e81-0a4a-40e7-9d2d-a7039206c8fd','{}','2026-05-27 22:34:50','2026-05-27 22:34:50',1,NULL,NULL,NULL,NULL,'659a72a6-284a-4b1b-b460-018096237cb9'),('491598d9-1ca9-4402-86f3-87b92cf96f11','e296a48c-e6f2-485c-bd1f-c3034149a0a2','62be1cfe-da33-4140-b592-061cff00efad','2025-06-15',NULL,'14b9fdd6-4f37-4dca-97a6-ffc0387e1299','{}','2026-05-27 22:34:50','2026-05-27 22:34:50',1,NULL,NULL,NULL,NULL,'659a72a6-284a-4b1b-b460-018096237cb9'),('491598d9-1ca9-4402-86f3-87b92cf96f11','6bc40a80-af77-4da5-b009-098e08d37281','639dbabd-3949-40c2-9f62-e0f517926145','2025-06-15',NULL,'1e115cf3-fc40-4754-a035-8770de83ac0b','{}','2026-05-27 22:34:50','2026-05-27 22:34:50',1,NULL,NULL,NULL,NULL,'659a72a6-284a-4b1b-b460-018096237cb9'),('491598d9-1ca9-4402-86f3-87b92cf96f11','c25eb5ef-cb17-4022-8883-b20ef32ec981','9661495d-82cb-4b3d-b9fe-1505e81cb8f1','2025-06-15',NULL,'2350f3c5-357d-45f9-a171-f0f7de40bf3e','{}','2026-05-27 22:34:50','2026-05-27 22:34:50',1,NULL,NULL,NULL,NULL,'659a72a6-284a-4b1b-b460-018096237cb9'),('491598d9-1ca9-4402-86f3-87b92cf96f11','c590e7e3-c666-4da3-8a68-91f07dbbbadf','639dbabd-3949-40c2-9f62-e0f517926145','2025-06-15',NULL,'2b923e89-15e9-4566-813d-bb6e283fcd87','{}','2026-05-27 22:34:50','2026-05-27 22:34:50',1,NULL,NULL,NULL,NULL,'659a72a6-284a-4b1b-b460-018096237cb9'),('491598d9-1ca9-4402-86f3-87b92cf96f11','a0a7ebf8-7824-4bf1-a8b3-401b0fcf1801','639dbabd-3949-40c2-9f62-e0f517926145','2025-06-15',NULL,'37f5db19-b020-4dc3-9ae7-704db283cba2','{}','2026-05-27 22:34:50','2026-05-27 22:34:50',1,NULL,NULL,NULL,NULL,'659a72a6-284a-4b1b-b460-018096237cb9'),('491598d9-1ca9-4402-86f3-87b92cf96f11','e32641ce-926f-4338-ac29-3f2a89e94524','a2ccc78c-972b-4b82-9a5c-21317170b66e','2025-06-15',NULL,'3c408d53-786b-435a-ace0-380c94e1d22b','{}','2026-05-27 22:34:50','2026-05-27 22:34:50',1,NULL,NULL,NULL,NULL,'659a72a6-284a-4b1b-b460-018096237cb9'),('491598d9-1ca9-4402-86f3-87b92cf96f11','e910065c-8c58-4918-bbe9-b8dce2aa85b8','9661495d-82cb-4b3d-b9fe-1505e81cb8f1','2025-06-15',NULL,'4c95ea17-7a8b-493b-9a65-7ebcfafc72eb','{}','2026-05-27 22:34:50','2026-05-27 22:34:50',1,NULL,NULL,NULL,NULL,'659a72a6-284a-4b1b-b460-018096237cb9'),('491598d9-1ca9-4402-86f3-87b92cf96f11','e59ec31f-8889-4a2c-82c6-e44129b4e01b','62be1cfe-da33-4140-b592-061cff00efad','2025-06-15',NULL,'4d5b68fd-2711-4556-bd51-4f54f7e32173','{}','2026-05-27 22:34:50','2026-05-27 22:34:50',1,NULL,NULL,NULL,NULL,'659a72a6-284a-4b1b-b460-018096237cb9'),('491598d9-1ca9-4402-86f3-87b92cf96f11','2035c178-1855-41c2-b078-20f6ff65dec8','62be1cfe-da33-4140-b592-061cff00efad','2025-06-15',NULL,'55225916-10dd-466c-b669-a4fe4ce1fb40','{}','2026-05-27 22:34:50','2026-05-27 22:34:50',1,NULL,NULL,NULL,NULL,'659a72a6-284a-4b1b-b460-018096237cb9'),('491598d9-1ca9-4402-86f3-87b92cf96f11','8439d760-20b7-4d8f-a0c9-40e1b2dfba6a','a2ccc78c-972b-4b82-9a5c-21317170b66e','2025-06-15',NULL,'5e723438-bb3d-49f4-adc4-d256f0e2be91','{}','2026-05-27 22:34:50','2026-05-27 22:34:50',1,NULL,NULL,NULL,NULL,'659a72a6-284a-4b1b-b460-018096237cb9'),('491598d9-1ca9-4402-86f3-87b92cf96f11','6a5a126b-1303-4ed6-9b80-971d4e908c1f','62be1cfe-da33-4140-b592-061cff00efad','2025-06-15',NULL,'5ec246d4-0be0-4afc-ab16-0fd868e2618e','{}','2026-05-27 22:34:50','2026-05-27 22:34:50',1,NULL,NULL,NULL,NULL,'659a72a6-284a-4b1b-b460-018096237cb9'),('491598d9-1ca9-4402-86f3-87b92cf96f11','dac10e09-9beb-4354-afaf-4f4bd6dc23a6','a2ccc78c-972b-4b82-9a5c-21317170b66e','2025-06-15',NULL,'62ecf797-644a-4635-bada-81bb2d765a42','{}','2026-05-27 22:34:50','2026-05-27 22:34:50',1,NULL,NULL,NULL,NULL,'659a72a6-284a-4b1b-b460-018096237cb9'),('491598d9-1ca9-4402-86f3-87b92cf96f11','42e817b5-8abc-43aa-8a80-3e98221c4ab6','f55f47c2-6286-478e-b218-8f97ed41cd31','2025-06-15',NULL,'641c1dfd-8a41-44a9-ae22-bd939182fb45','{}','2026-05-27 22:34:50','2026-05-27 22:34:50',1,NULL,NULL,NULL,NULL,'659a72a6-284a-4b1b-b460-018096237cb9'),('491598d9-1ca9-4402-86f3-87b92cf96f11','96cc2aff-1541-447c-8d31-35c2f80d4428','8bf30c04-8545-4a08-b662-3d3625214638','2025-06-15',NULL,'6508bcd2-25aa-44a8-8945-cf67d5e0a8fb','{}','2026-05-27 22:34:50','2026-05-27 22:34:50',1,NULL,NULL,NULL,NULL,'659a72a6-284a-4b1b-b460-018096237cb9'),('491598d9-1ca9-4402-86f3-87b92cf96f11','0b3004ca-b328-415d-aa9f-c57a6a091f5d','9661495d-82cb-4b3d-b9fe-1505e81cb8f1','2025-06-15',NULL,'6a6680ad-abad-46ce-85e9-9e4892fc21d8','{}','2026-05-27 22:34:50','2026-05-27 22:34:50',1,NULL,NULL,NULL,NULL,'659a72a6-284a-4b1b-b460-018096237cb9'),('491598d9-1ca9-4402-86f3-87b92cf96f11','467b52aa-b799-43d5-b6cc-ca9f96b7a907','639dbabd-3949-40c2-9f62-e0f517926145','2025-06-15',NULL,'6acd34d0-08a6-4a31-b288-10ec68e6b4c6','{}','2026-05-27 22:34:50','2026-05-27 22:34:50',1,NULL,NULL,NULL,NULL,'659a72a6-284a-4b1b-b460-018096237cb9'),('491598d9-1ca9-4402-86f3-87b92cf96f11','95133435-5c71-4ee2-8866-1ef9e527e199','62be1cfe-da33-4140-b592-061cff00efad','2025-06-15',NULL,'70defe2c-e2ef-4e82-a1f6-ba4fa022b563','{}','2026-05-27 22:34:50','2026-05-27 22:34:50',1,NULL,NULL,NULL,NULL,'659a72a6-284a-4b1b-b460-018096237cb9'),('491598d9-1ca9-4402-86f3-87b92cf96f11','912f3a07-2523-455d-b4b8-d2c8096b8b33','9661495d-82cb-4b3d-b9fe-1505e81cb8f1','2025-06-15',NULL,'71fdd60b-83fd-4213-804f-84b72a1b8b77','{}','2026-05-27 22:34:50','2026-05-27 22:34:50',1,NULL,NULL,NULL,NULL,'659a72a6-284a-4b1b-b460-018096237cb9'),('491598d9-1ca9-4402-86f3-87b92cf96f11','154dba0d-46f1-4ba7-a1a6-6f5bc2ed051c','a2ccc78c-972b-4b82-9a5c-21317170b66e','2025-06-15',NULL,'72c701a2-b4dd-493a-a15c-7f54beefe5ac','{}','2026-05-27 22:34:50','2026-05-27 22:34:50',1,NULL,NULL,NULL,NULL,'659a72a6-284a-4b1b-b460-018096237cb9'),('491598d9-1ca9-4402-86f3-87b92cf96f11','20ae1e67-5fb3-48ac-89f7-f47dda7407c1','a2ccc78c-972b-4b82-9a5c-21317170b66e','2025-06-15',NULL,'73b803d3-f381-480e-8768-457fbbc89083','{}','2026-05-27 22:34:50','2026-05-27 22:34:50',1,NULL,NULL,NULL,NULL,'659a72a6-284a-4b1b-b460-018096237cb9'),('491598d9-1ca9-4402-86f3-87b92cf96f11','d50613db-5b80-4dfc-bc55-865d8ddbcb25','9661495d-82cb-4b3d-b9fe-1505e81cb8f1','2025-06-15',NULL,'7a9d36d4-9fad-43c3-b758-bae123849231','{}','2026-05-27 22:34:50','2026-05-27 22:34:50',1,NULL,NULL,NULL,NULL,'659a72a6-284a-4b1b-b460-018096237cb9'),('491598d9-1ca9-4402-86f3-87b92cf96f11','a81dcd18-15ed-467b-8583-60cbf3665752','f55f47c2-6286-478e-b218-8f97ed41cd31','2025-06-15',NULL,'809742ae-49c4-41e9-ab79-58ee995625e8','{}','2026-05-27 22:34:50','2026-05-27 22:34:50',1,NULL,NULL,NULL,NULL,'659a72a6-284a-4b1b-b460-018096237cb9'),('491598d9-1ca9-4402-86f3-87b92cf96f11','b656d8da-0176-43e6-b53d-0cb4c7bab509','8bf30c04-8545-4a08-b662-3d3625214638','2025-06-15',NULL,'8b63ce29-5427-4020-bad2-8fdc1e39e909','{}','2026-05-27 22:34:50','2026-05-27 22:34:50',1,NULL,NULL,NULL,NULL,'659a72a6-284a-4b1b-b460-018096237cb9'),('491598d9-1ca9-4402-86f3-87b92cf96f11','ac753b58-b0cf-49a4-bb08-399faee3076d','8bf30c04-8545-4a08-b662-3d3625214638','2025-06-15',NULL,'8fe4cef3-8341-471c-b729-967c1e859d29','{}','2026-05-27 22:34:50','2026-05-27 22:34:50',1,NULL,NULL,NULL,NULL,'659a72a6-284a-4b1b-b460-018096237cb9'),('491598d9-1ca9-4402-86f3-87b92cf96f11','9398407c-f2ab-4629-b6a0-9b843f8761fb','8bf30c04-8545-4a08-b662-3d3625214638','2025-06-15',NULL,'9828a105-036d-4b1b-83ba-1e66f62ae263','{}','2026-05-27 22:34:50','2026-05-27 22:34:50',1,NULL,NULL,NULL,NULL,'659a72a6-284a-4b1b-b460-018096237cb9'),('491598d9-1ca9-4402-86f3-87b92cf96f11','dcd9ac28-b22f-41ce-90e8-46b4dfae4799','f55f47c2-6286-478e-b218-8f97ed41cd31','2025-06-15',NULL,'9c2a35c3-5fc8-4aa2-820f-def83a6c9419','{}','2026-05-27 22:34:50','2026-05-27 22:34:50',1,NULL,NULL,NULL,NULL,'659a72a6-284a-4b1b-b460-018096237cb9'),('491598d9-1ca9-4402-86f3-87b92cf96f11','ff8d12ed-6489-43dd-b2b1-88c02d42f826','a2ccc78c-972b-4b82-9a5c-21317170b66e','2025-06-15',NULL,'9ff6b81e-d976-4aa7-871b-a13760f291a2','{}','2026-05-27 22:34:50','2026-05-27 22:34:50',1,NULL,NULL,NULL,NULL,'659a72a6-284a-4b1b-b460-018096237cb9'),('491598d9-1ca9-4402-86f3-87b92cf96f11','4297c48a-a425-4828-961d-1e09369bda04','f55f47c2-6286-478e-b218-8f97ed41cd31','2025-06-15',NULL,'a21b50f2-0029-4753-b705-223e8a65b937','{}','2026-05-27 22:34:50','2026-05-27 22:34:50',1,NULL,NULL,NULL,NULL,'659a72a6-284a-4b1b-b460-018096237cb9'),('491598d9-1ca9-4402-86f3-87b92cf96f11','b12b3e5a-18da-483b-8c63-30e1ee23f84a','62be1cfe-da33-4140-b592-061cff00efad','2025-06-15',NULL,'a8eec947-dbad-4d21-a577-f54a2300edc6','{}','2026-05-27 22:34:50','2026-05-27 22:34:50',1,NULL,NULL,NULL,NULL,'659a72a6-284a-4b1b-b460-018096237cb9'),('491598d9-1ca9-4402-86f3-87b92cf96f11','a8cc521b-8de9-42c5-8500-6c7c0638d050','639dbabd-3949-40c2-9f62-e0f517926145','2025-06-15',NULL,'a942e14f-c627-4806-9182-23f0f201f361','{}','2026-05-27 22:34:50','2026-05-27 22:34:50',1,NULL,NULL,NULL,NULL,'659a72a6-284a-4b1b-b460-018096237cb9'),('491598d9-1ca9-4402-86f3-87b92cf96f11','718e064c-26d8-4d8e-8bbb-fcebd31f70b1','f55f47c2-6286-478e-b218-8f97ed41cd31','2025-06-15',NULL,'aabce1ed-bf4e-4830-a6ae-54200c7292bc','{}','2026-05-27 22:34:50','2026-05-27 22:34:50',1,NULL,NULL,NULL,NULL,'659a72a6-284a-4b1b-b460-018096237cb9'),('491598d9-1ca9-4402-86f3-87b92cf96f11','35fee766-a623-4c7f-acd1-aad490913162','a2ccc78c-972b-4b82-9a5c-21317170b66e','2025-06-15',NULL,'b386eb5b-35df-43a7-b079-496b73b5053d','{}','2026-05-27 22:34:50','2026-05-27 22:34:50',1,NULL,NULL,NULL,NULL,'659a72a6-284a-4b1b-b460-018096237cb9'),('491598d9-1ca9-4402-86f3-87b92cf96f11','d1ca8baf-ef87-4b9a-84fc-694cde5ad95f','8bf30c04-8545-4a08-b662-3d3625214638','2025-06-15',NULL,'b4f06688-7206-4b55-9954-2aa56948fa75','{}','2026-05-27 22:34:50','2026-05-27 22:34:50',1,NULL,NULL,NULL,NULL,'659a72a6-284a-4b1b-b460-018096237cb9'),('491598d9-1ca9-4402-86f3-87b92cf96f11','01fbc26d-95b1-43be-b42a-6dd602973499','9661495d-82cb-4b3d-b9fe-1505e81cb8f1','2025-06-15',NULL,'c23f8dee-d971-4de8-9bb5-d10e058d925c','{}','2026-05-27 22:34:50','2026-05-27 22:34:50',1,NULL,NULL,NULL,NULL,'659a72a6-284a-4b1b-b460-018096237cb9'),('491598d9-1ca9-4402-86f3-87b92cf96f11','e81f6d5a-d28d-4aea-9771-ca26ef984530','f55f47c2-6286-478e-b218-8f97ed41cd31','2025-06-15',NULL,'c31d38d5-61a8-4547-961c-26b4eb47cf6c','{}','2026-05-27 22:34:50','2026-05-27 22:34:50',1,NULL,NULL,NULL,NULL,'659a72a6-284a-4b1b-b460-018096237cb9'),('491598d9-1ca9-4402-86f3-87b92cf96f11','4a81aff3-2e60-460f-98e1-fd7afc013c21','f55f47c2-6286-478e-b218-8f97ed41cd31','2025-06-15',NULL,'d802116e-d845-4b32-865b-bf5d4ec24165','{}','2026-05-27 22:34:50','2026-05-27 22:34:50',1,NULL,NULL,NULL,NULL,'659a72a6-284a-4b1b-b460-018096237cb9'),('491598d9-1ca9-4402-86f3-87b92cf96f11','b49b38e9-9c3a-4e52-bd02-51854bd4e9a4','62be1cfe-da33-4140-b592-061cff00efad','2025-06-15',NULL,'db92e089-4e41-4b05-be57-a332e719a225','{}','2026-05-27 22:34:50','2026-05-27 22:34:50',1,NULL,NULL,NULL,NULL,'659a72a6-284a-4b1b-b460-018096237cb9'),('491598d9-1ca9-4402-86f3-87b92cf96f11','100d2412-5e2c-4c6a-8806-6cfde9401bab','9661495d-82cb-4b3d-b9fe-1505e81cb8f1','2025-06-15',NULL,'e35eedf9-e14c-47c4-9499-fd65417d921c','{}','2026-05-27 22:34:50','2026-05-27 22:34:50',1,NULL,NULL,NULL,NULL,'659a72a6-284a-4b1b-b460-018096237cb9'),('491598d9-1ca9-4402-86f3-87b92cf96f11','0e9e1858-b649-4961-8e79-561f6e058836','639dbabd-3949-40c2-9f62-e0f517926145','2025-06-15',NULL,'e750373c-c50e-423e-8c81-7fcb04a9895b','{}','2026-05-27 22:34:50','2026-05-27 22:34:50',1,NULL,NULL,NULL,NULL,'659a72a6-284a-4b1b-b460-018096237cb9'),('491598d9-1ca9-4402-86f3-87b92cf96f11','fda271fc-dbcf-4c98-b58d-26f61c4da45f','9661495d-82cb-4b3d-b9fe-1505e81cb8f1','2025-06-15',NULL,'e79ae4be-cf24-466b-afa3-a8ace336f614','{}','2026-05-27 22:34:50','2026-05-27 22:34:50',1,NULL,NULL,NULL,NULL,'659a72a6-284a-4b1b-b460-018096237cb9'),('491598d9-1ca9-4402-86f3-87b92cf96f11','fea91fe4-40b6-422d-b549-b4089cc7223d','8bf30c04-8545-4a08-b662-3d3625214638','2025-06-15',NULL,'ea75f042-c2ab-4bab-8a75-2bf499285abc','{}','2026-05-27 22:34:50','2026-05-27 22:34:50',1,NULL,NULL,NULL,NULL,'659a72a6-284a-4b1b-b460-018096237cb9'),('491598d9-1ca9-4402-86f3-87b92cf96f11','21a9a63c-efc4-4459-b072-61b898412a5a','8bf30c04-8545-4a08-b662-3d3625214638','2025-06-15',NULL,'ecabe8b1-8739-45b7-bc07-cf2e9782178c','{}','2026-05-27 22:34:50','2026-05-27 22:34:50',1,NULL,NULL,NULL,NULL,'659a72a6-284a-4b1b-b460-018096237cb9'),('491598d9-1ca9-4402-86f3-87b92cf96f11','0a3f6d58-7348-4c37-ab09-ebe0238a3b1f','a2ccc78c-972b-4b82-9a5c-21317170b66e','2025-06-15',NULL,'f503c1ed-38b3-4de2-88a3-8d1221e3829b','{}','2026-05-27 22:34:50','2026-05-27 22:34:50',1,NULL,NULL,NULL,NULL,'659a72a6-284a-4b1b-b460-018096237cb9'),('491598d9-1ca9-4402-86f3-87b92cf96f11','e77aeb23-e06c-4060-940b-e98c6076ae15','f55f47c2-6286-478e-b218-8f97ed41cd31','2025-06-15',NULL,'f5e343d7-d0b1-4b2d-bd11-d6f651c13378','{}','2026-05-27 22:34:50','2026-05-27 22:34:50',1,NULL,NULL,NULL,NULL,'659a72a6-284a-4b1b-b460-018096237cb9'),('491598d9-1ca9-4402-86f3-87b92cf96f11','1f84a410-f76c-48e6-bd71-dde6983af906','62be1cfe-da33-4140-b592-061cff00efad','2025-06-15',NULL,'f8398786-2d47-4128-8e4e-fe3d0b7bcd61','{}','2026-05-27 22:34:50','2026-05-27 22:34:50',1,NULL,NULL,NULL,NULL,'659a72a6-284a-4b1b-b460-018096237cb9');
/*!40000 ALTER TABLE `student_mentors` ENABLE KEYS */;
UNLOCK TABLES;

--
-- Table structure for table `student_parents`
--

DROP TABLE IF EXISTS `student_parents`;
/*!40101 SET @saved_cs_client     = @@character_set_client */;
/*!50503 SET character_set_client = utf8mb4 */;
CREATE TABLE `student_parents` (
  `student_id` char(36) CHARACTER SET utf8mb4 COLLATE utf8mb4_unicode_ci NOT NULL,
  `parent_id` char(36) CHARACTER SET utf8mb4 COLLATE utf8mb4_unicode_ci NOT NULL,
  `id` char(36) CHARACTER SET utf8mb4 COLLATE utf8mb4_unicode_ci NOT NULL,
  `metadata` json NOT NULL,
  `created_at` datetime NOT NULL DEFAULT (now()),
  `updated_at` datetime NOT NULL DEFAULT (now()),
  `is_active` tinyint(1) NOT NULL,
  `deleted_at` datetime DEFAULT NULL,
  `deleted_by` char(36) CHARACTER SET utf8mb4 COLLATE utf8mb4_unicode_ci DEFAULT NULL,
  `created_by` char(36) CHARACTER SET utf8mb4 COLLATE utf8mb4_unicode_ci DEFAULT NULL,
  `updated_by` char(36) CHARACTER SET utf8mb4 COLLATE utf8mb4_unicode_ci DEFAULT NULL,
  `school_id` char(36) CHARACTER SET utf8mb4 COLLATE utf8mb4_unicode_ci NOT NULL,
  PRIMARY KEY (`id`),
  UNIQUE KEY `uq_student_parents` (`school_id`,`student_id`,`parent_id`),
  KEY `idx_student_parents_parent` (`parent_id`),
  KEY `ix_student_parents_is_active` (`is_active`),
  KEY `idx_student_parents_student` (`student_id`),
  KEY `ix_student_parents_school_id` (`school_id`),
  CONSTRAINT `fk_student_parents_parent_id_parents` FOREIGN KEY (`parent_id`) REFERENCES `parents` (`id`),
  CONSTRAINT `fk_student_parents_school_id_schools` FOREIGN KEY (`school_id`) REFERENCES `schools` (`id`),
  CONSTRAINT `fk_student_parents_student_id_students` FOREIGN KEY (`student_id`) REFERENCES `students` (`id`)
) ENGINE=InnoDB DEFAULT CHARSET=utf8mb4 COLLATE=utf8mb4_unicode_ci;
/*!40101 SET character_set_client = @saved_cs_client */;

--
-- Dumping data for table `student_parents`
--

LOCK TABLES `student_parents` WRITE;
/*!40000 ALTER TABLE `student_parents` DISABLE KEYS */;
INSERT INTO `student_parents` VALUES ('0e9e1858-b649-4961-8e79-561f6e058836','297017e0-dfea-44bd-819a-38fbd7a6c1f0','03be46ca-29e7-4d76-9c0f-c201092e862f','{}','2026-05-27 22:34:50','2026-05-27 22:34:50',1,NULL,NULL,NULL,NULL,'659a72a6-284a-4b1b-b460-018096237cb9'),('467b52aa-b799-43d5-b6cc-ca9f96b7a907','ee296f0f-de00-4629-80de-5bee1de4dd84','04084a5d-8ee6-408a-a26f-0f5b2e62c527','{}','2026-05-27 22:34:50','2026-05-27 22:34:50',1,NULL,NULL,NULL,NULL,'659a72a6-284a-4b1b-b460-018096237cb9'),('154dba0d-46f1-4ba7-a1a6-6f5bc2ed051c','37037f9b-13e8-471c-99a8-1dcfcc67222f','0646b9ad-f434-42d9-a38b-bc0d78735f3b','{}','2026-05-27 22:34:50','2026-05-27 22:34:50',1,NULL,NULL,NULL,NULL,'659a72a6-284a-4b1b-b460-018096237cb9'),('e81f6d5a-d28d-4aea-9771-ca26ef984530','a2f659da-d537-495e-884f-5198aed82106','08f70bf0-51ad-40ef-a34b-5492f78dd47d','{}','2026-05-27 22:34:50','2026-05-27 22:34:50',1,NULL,NULL,NULL,NULL,'659a72a6-284a-4b1b-b460-018096237cb9'),('6bc40a80-af77-4da5-b009-098e08d37281','8bd8532c-d0d1-4708-81c0-fa0dc38e214f','0926476b-863f-4262-a478-89d917b73001','{}','2026-05-27 22:34:50','2026-05-27 22:34:50',1,NULL,NULL,NULL,NULL,'659a72a6-284a-4b1b-b460-018096237cb9'),('a8cc521b-8de9-42c5-8500-6c7c0638d050','e39299fa-39f0-4f71-b076-ea112743f0fb','0993adcb-1602-4011-81b0-d6e3ba9e69c1','{}','2026-05-27 22:34:50','2026-05-27 22:34:50',1,NULL,NULL,NULL,NULL,'659a72a6-284a-4b1b-b460-018096237cb9'),('718e064c-26d8-4d8e-8bbb-fcebd31f70b1','326e18fe-5bc7-4b9d-a614-876b7b81293c','0d88a965-8ae1-452a-af1f-4aa6cbd434eb','{}','2026-05-27 22:34:50','2026-05-27 22:34:50',1,NULL,NULL,NULL,NULL,'659a72a6-284a-4b1b-b460-018096237cb9'),('dac10e09-9beb-4354-afaf-4f4bd6dc23a6','6f0f1def-c2b9-4b19-a4e1-8af91fb03463','0e9fac10-b7f1-4a83-8f63-6820eb90ad42','{}','2026-05-27 22:34:50','2026-05-27 22:34:50',1,NULL,NULL,NULL,NULL,'659a72a6-284a-4b1b-b460-018096237cb9'),('e59ec31f-8889-4a2c-82c6-e44129b4e01b','6b8ee22e-6f23-4179-9fba-0f7d6c93216f','0f86212f-2246-4085-ae24-e4ef1a8a4081','{}','2026-05-27 22:34:50','2026-05-27 22:34:50',1,NULL,NULL,NULL,NULL,'659a72a6-284a-4b1b-b460-018096237cb9'),('35fee766-a623-4c7f-acd1-aad490913162','2c175cca-68e9-4a05-bffe-b23932b64802','0f9c35c7-3041-4cf6-a92c-9c33960da728','{}','2026-05-27 22:34:50','2026-05-27 22:34:50',1,NULL,NULL,NULL,NULL,'659a72a6-284a-4b1b-b460-018096237cb9'),('6a5a126b-1303-4ed6-9b80-971d4e908c1f','3974664d-efef-434a-8e4e-2a9ffdb7671b','14bb70e3-9e1e-4e4a-87b7-cdca69cdf035','{}','2026-05-27 22:34:50','2026-05-27 22:34:50',1,NULL,NULL,NULL,NULL,'659a72a6-284a-4b1b-b460-018096237cb9'),('2035c178-1855-41c2-b078-20f6ff65dec8','c2d8b737-a3bb-45b6-a229-47d5e446f2fe','1ad956c0-7c12-439b-8423-55686d8b1f38','{}','2026-05-27 22:34:50','2026-05-27 22:34:50',1,NULL,NULL,NULL,NULL,'659a72a6-284a-4b1b-b460-018096237cb9'),('fda271fc-dbcf-4c98-b58d-26f61c4da45f','57d320d9-0a3a-47c5-b6a6-86c0c99546a2','1cac7812-4b0c-4dc4-a945-83c2aa94dc7d','{}','2026-05-27 22:34:50','2026-05-27 22:34:50',1,NULL,NULL,NULL,NULL,'659a72a6-284a-4b1b-b460-018096237cb9'),('9398407c-f2ab-4629-b6a0-9b843f8761fb','e8406c5e-495b-4be6-8950-3209fa56bfc4','1d1742d9-f404-425d-b74b-e38bff5f6f80','{}','2026-05-27 22:34:50','2026-05-27 22:34:50',1,NULL,NULL,NULL,NULL,'659a72a6-284a-4b1b-b460-018096237cb9'),('4a81aff3-2e60-460f-98e1-fd7afc013c21','84b3273d-8e84-452b-a49f-0dfea165acd4','1d28e466-01ad-4f2b-857d-d63129dc2161','{}','2026-05-27 22:34:50','2026-05-27 22:34:50',1,NULL,NULL,NULL,NULL,'659a72a6-284a-4b1b-b460-018096237cb9'),('d50613db-5b80-4dfc-bc55-865d8ddbcb25','89156494-7a19-4562-83a9-e720c8775b3d','214f63ab-1399-4cd0-b7cc-6b8b79cb71c5','{}','2026-05-27 22:34:50','2026-05-27 22:34:50',1,NULL,NULL,NULL,NULL,'659a72a6-284a-4b1b-b460-018096237cb9'),('718e064c-26d8-4d8e-8bbb-fcebd31f70b1','11d73b34-d48f-4ab3-abdc-3f2d6726dbd9','21fea6b4-52d6-46a2-a4d4-c629652fb114','{}','2026-05-27 22:34:50','2026-05-27 22:34:50',1,NULL,NULL,NULL,NULL,'659a72a6-284a-4b1b-b460-018096237cb9'),('4297c48a-a425-4828-961d-1e09369bda04','31fc850b-0fad-4544-843d-f9ecbda9223d','2463c8f0-1532-4e75-b3d3-492e4bedfc23','{}','2026-05-27 22:34:50','2026-05-27 22:34:50',1,NULL,NULL,NULL,NULL,'659a72a6-284a-4b1b-b460-018096237cb9'),('c590e7e3-c666-4da3-8a68-91f07dbbbadf','0f9619d5-30e5-4b4d-9ca5-8686c3563e24','290d2936-8753-498f-a679-2ae7376c3662','{}','2026-05-27 22:34:50','2026-05-27 22:34:50',1,NULL,NULL,NULL,NULL,'659a72a6-284a-4b1b-b460-018096237cb9'),('a0a7ebf8-7824-4bf1-a8b3-401b0fcf1801','5f4694a3-d278-4d93-92d2-46b2512bd0df','3ccedfbc-e809-46cf-89f6-b408f684465c','{}','2026-05-27 22:34:50','2026-05-27 22:34:50',1,NULL,NULL,NULL,NULL,'659a72a6-284a-4b1b-b460-018096237cb9'),('e32641ce-926f-4338-ac29-3f2a89e94524','aebca5fa-65db-484e-9be7-46b52f04134a','401b6ce5-cc76-430a-867f-9c8203a67b93','{}','2026-05-27 22:34:50','2026-05-27 22:34:50',1,NULL,NULL,NULL,NULL,'659a72a6-284a-4b1b-b460-018096237cb9'),('b12b3e5a-18da-483b-8c63-30e1ee23f84a','3247f096-5bf8-44d4-9387-30458d8e5e0d','40c352c0-8660-4289-adef-5a8b445badb3','{}','2026-05-27 22:34:50','2026-05-27 22:34:50',1,NULL,NULL,NULL,NULL,'659a72a6-284a-4b1b-b460-018096237cb9'),('20ae1e67-5fb3-48ac-89f7-f47dda7407c1','a959ccea-8dbf-4451-bd4c-6b3b2f362139','40e55392-8d6f-4a27-818a-66a911903e96','{}','2026-05-27 22:34:50','2026-05-27 22:34:50',1,NULL,NULL,NULL,NULL,'659a72a6-284a-4b1b-b460-018096237cb9'),('6bc40a80-af77-4da5-b009-098e08d37281','d8efa07f-49dd-4f31-ab90-4a6a2801d0af','43879b79-9e76-472d-b721-7e7c8c5399d6','{}','2026-05-27 22:34:50','2026-05-27 22:34:50',1,NULL,NULL,NULL,NULL,'659a72a6-284a-4b1b-b460-018096237cb9'),('c25eb5ef-cb17-4022-8883-b20ef32ec981','a188b02a-ecc5-4245-b3c8-a5f662644f24','43adec11-e4d7-4dee-927b-920ba6033039','{}','2026-05-27 22:34:50','2026-05-27 22:34:50',1,NULL,NULL,NULL,NULL,'659a72a6-284a-4b1b-b460-018096237cb9'),('d1ca8baf-ef87-4b9a-84fc-694cde5ad95f','5931bb7d-b35a-4a61-8df3-afe317acdf8e','450df460-6c23-4eb4-b743-a31c607af8c3','{}','2026-05-27 22:34:50','2026-05-27 22:34:50',1,NULL,NULL,NULL,NULL,'659a72a6-284a-4b1b-b460-018096237cb9'),('0a3f6d58-7348-4c37-ab09-ebe0238a3b1f','06b1c346-9ea0-4191-af24-021a0038883e','453583d1-440f-42ee-9e96-1c43adc5e45a','{}','2026-05-27 22:34:50','2026-05-27 22:34:50',1,NULL,NULL,NULL,NULL,'659a72a6-284a-4b1b-b460-018096237cb9'),('ff8d12ed-6489-43dd-b2b1-88c02d42f826','9f25aa37-e83a-46fd-a359-18a4d4b7d560','480984e3-f0b7-442c-a059-8a10b029e1d3','{}','2026-05-27 22:34:50','2026-05-27 22:34:50',1,NULL,NULL,NULL,NULL,'659a72a6-284a-4b1b-b460-018096237cb9'),('95133435-5c71-4ee2-8866-1ef9e527e199','e2de1653-1d2e-4184-b929-3093e915da17','49673ba2-5a37-4ab1-ad60-8be0b4b900bd','{}','2026-05-27 22:34:50','2026-05-27 22:34:50',1,NULL,NULL,NULL,NULL,'659a72a6-284a-4b1b-b460-018096237cb9'),('21a9a63c-efc4-4459-b072-61b898412a5a','b2c54f0f-cb9c-414f-84be-72c84117e6a1','4b23bc70-f951-4a45-af7a-98faeab72ca0','{}','2026-05-27 22:34:50','2026-05-27 22:34:50',1,NULL,NULL,NULL,NULL,'659a72a6-284a-4b1b-b460-018096237cb9'),('e910065c-8c58-4918-bbe9-b8dce2aa85b8','0dca18b6-a983-4380-83c9-cc4f01c6ea9c','4c019e97-6068-4529-9bdb-b3fab1a0047d','{}','2026-05-27 22:34:50','2026-05-27 22:34:50',1,NULL,NULL,NULL,NULL,'659a72a6-284a-4b1b-b460-018096237cb9'),('42e817b5-8abc-43aa-8a80-3e98221c4ab6','4a25a899-701a-453e-b3be-7a1fb36ec586','4e47eeca-e8db-4f32-aa62-b4b6e1ee67c1','{}','2026-05-27 22:34:50','2026-05-27 22:34:50',1,NULL,NULL,NULL,NULL,'659a72a6-284a-4b1b-b460-018096237cb9'),('35fee766-a623-4c7f-acd1-aad490913162','d59c3d7f-fa83-490e-9de6-85df8ab93163','589a5c6a-fd5e-458e-a229-16db148694f7','{}','2026-05-27 22:34:50','2026-05-27 22:34:50',1,NULL,NULL,NULL,NULL,'659a72a6-284a-4b1b-b460-018096237cb9'),('2035c178-1855-41c2-b078-20f6ff65dec8','dcef52bd-e856-44b0-b1dc-bbf7162951c3','5df393d5-9f61-48f0-aa01-9167887cff3f','{}','2026-05-27 22:34:50','2026-05-27 22:34:50',1,NULL,NULL,NULL,NULL,'659a72a6-284a-4b1b-b460-018096237cb9'),('42e817b5-8abc-43aa-8a80-3e98221c4ab6','4f59f0ff-bb53-40ce-b7d9-e3a63d953720','62496956-df03-45c6-b704-502872fa66aa','{}','2026-05-27 22:34:50','2026-05-27 22:34:50',1,NULL,NULL,NULL,NULL,'659a72a6-284a-4b1b-b460-018096237cb9'),('a81dcd18-15ed-467b-8583-60cbf3665752','cc14dea0-7b33-4bd2-a8fb-3491a7cba9bf','67a76c77-7b2c-46da-bf8e-07c32d7851c2','{}','2026-05-27 22:34:50','2026-05-27 22:34:50',1,NULL,NULL,NULL,NULL,'659a72a6-284a-4b1b-b460-018096237cb9'),('b656d8da-0176-43e6-b53d-0cb4c7bab509','1dde57aa-e047-42e6-b4c3-a76b1e2d7812','6d28c017-57c7-4ce8-a6fb-0c9144d15d22','{}','2026-05-27 22:34:50','2026-05-27 22:34:50',1,NULL,NULL,NULL,NULL,'659a72a6-284a-4b1b-b460-018096237cb9'),('b12b3e5a-18da-483b-8c63-30e1ee23f84a','7ea773ce-4faa-44de-acea-44ac1ac597e1','77f0b19a-d621-4016-8587-6dcab1ac3c34','{}','2026-05-27 22:34:50','2026-05-27 22:34:50',1,NULL,NULL,NULL,NULL,'659a72a6-284a-4b1b-b460-018096237cb9'),('96cc2aff-1541-447c-8d31-35c2f80d4428','28967ae4-ba47-4ca3-bf48-1e025c6f112d','78020aff-8659-4a3e-b585-e0ac3e02968b','{}','2026-05-27 22:34:50','2026-05-27 22:34:50',1,NULL,NULL,NULL,NULL,'659a72a6-284a-4b1b-b460-018096237cb9'),('8439d760-20b7-4d8f-a0c9-40e1b2dfba6a','f594d78b-f2d4-4700-843f-79ba4e106083','78f53d7e-4c28-496e-bc6b-31ec9f3874e9','{}','2026-05-27 22:34:50','2026-05-27 22:34:50',1,NULL,NULL,NULL,NULL,'659a72a6-284a-4b1b-b460-018096237cb9'),('b656d8da-0176-43e6-b53d-0cb4c7bab509','b30721ab-9345-400d-aeae-ccf779e958b3','79565587-7780-4d29-8131-de29d8edcb00','{}','2026-05-27 22:34:50','2026-05-27 22:34:50',1,NULL,NULL,NULL,NULL,'659a72a6-284a-4b1b-b460-018096237cb9'),('dcd9ac28-b22f-41ce-90e8-46b4dfae4799','93d73e54-4c83-47ee-8d8f-54f58fbd6805','79b3e16a-4099-41e5-a7f3-d60a414b3037','{}','2026-05-27 22:34:50','2026-05-27 22:34:50',1,NULL,NULL,NULL,NULL,'659a72a6-284a-4b1b-b460-018096237cb9'),('cff46e7b-0ff3-4ed5-84d8-f64ec9ce9811','00f1f25e-10ea-4525-a90a-d69fbb41319d','7a83fb2e-ee66-407e-9167-6d8e57e4926c','{}','2026-05-27 22:34:50','2026-05-27 22:34:50',1,NULL,NULL,NULL,NULL,'659a72a6-284a-4b1b-b460-018096237cb9'),('980a5137-5d5f-48de-927d-f2d2db672c2f','12e98ee8-aed0-4f3d-ace2-109116628fd8','7b9675f5-dc2c-41b3-a397-449aa2ed9208','{}','2026-05-27 22:34:50','2026-05-27 22:34:50',1,NULL,NULL,NULL,NULL,'659a72a6-284a-4b1b-b460-018096237cb9'),('01fbc26d-95b1-43be-b42a-6dd602973499','e8fcfc60-e88f-4506-8b22-744a723d1e52','7e4f2970-39e0-4e61-bb87-bb70c35bc91e','{}','2026-05-27 22:34:50','2026-05-27 22:34:50',1,NULL,NULL,NULL,NULL,'659a72a6-284a-4b1b-b460-018096237cb9'),('100d2412-5e2c-4c6a-8806-6cfde9401bab','8099b680-3431-481d-a86b-e9680d602cec','806a6d38-925a-4292-894e-de58243e6c5c','{}','2026-05-27 22:34:50','2026-05-27 22:34:50',1,NULL,NULL,NULL,NULL,'659a72a6-284a-4b1b-b460-018096237cb9'),('e77aeb23-e06c-4060-940b-e98c6076ae15','f3486b64-5d5a-43e6-80b9-87398722ae65','809aef81-64e2-4618-9976-19f166d01607','{}','2026-05-27 22:34:50','2026-05-27 22:34:50',1,NULL,NULL,NULL,NULL,'659a72a6-284a-4b1b-b460-018096237cb9'),('154dba0d-46f1-4ba7-a1a6-6f5bc2ed051c','75efa125-fe4e-4397-9c1f-86707f5d20f4','845abb43-4c23-4802-a35f-4ae079be7900','{}','2026-05-27 22:34:50','2026-05-27 22:34:50',1,NULL,NULL,NULL,NULL,'659a72a6-284a-4b1b-b460-018096237cb9'),('100d2412-5e2c-4c6a-8806-6cfde9401bab','5c46264e-5a62-43c0-b4d7-5f5d32294165','8e891d28-4ea9-4d25-8453-77a0c4bd3f44','{}','2026-05-27 22:34:50','2026-05-27 22:34:50',1,NULL,NULL,NULL,NULL,'659a72a6-284a-4b1b-b460-018096237cb9'),('9398407c-f2ab-4629-b6a0-9b843f8761fb','d49035f4-3378-4c82-a4f1-cd2989762ee1','903a8b41-c242-4d43-97dc-d763ef55a855','{}','2026-05-27 22:34:50','2026-05-27 22:34:50',1,NULL,NULL,NULL,NULL,'659a72a6-284a-4b1b-b460-018096237cb9'),('0a3f6d58-7348-4c37-ab09-ebe0238a3b1f','890fddf2-2999-4ae2-ac3e-8fae37083345','91b56e5d-2317-49b7-a133-b495ddcd6b76','{}','2026-05-27 22:34:50','2026-05-27 22:34:50',1,NULL,NULL,NULL,NULL,'659a72a6-284a-4b1b-b460-018096237cb9'),('4297c48a-a425-4828-961d-1e09369bda04','b35b8c2c-33a8-4445-8be1-ae0264937151','97dc84f3-0e5c-4cb0-8d84-b42f40f71ab8','{}','2026-05-27 22:34:50','2026-05-27 22:34:50',1,NULL,NULL,NULL,NULL,'659a72a6-284a-4b1b-b460-018096237cb9'),('a8cc521b-8de9-42c5-8500-6c7c0638d050','85425f5a-cacd-4c2d-8ffe-37190ced6d02','99ad6c91-c986-4f60-b651-4cd85d4d3ea1','{}','2026-05-27 22:34:50','2026-05-27 22:34:50',1,NULL,NULL,NULL,NULL,'659a72a6-284a-4b1b-b460-018096237cb9'),('ff8d12ed-6489-43dd-b2b1-88c02d42f826','283a5854-11e1-42d5-aee3-738be937973b','99d55d31-6b2d-4d6b-8b9a-ef12c11ec0f2','{}','2026-05-27 22:34:50','2026-05-27 22:34:50',1,NULL,NULL,NULL,NULL,'659a72a6-284a-4b1b-b460-018096237cb9'),('8439d760-20b7-4d8f-a0c9-40e1b2dfba6a','0bfe8235-cb69-480c-8046-98ba97d7d6f3','9a65e077-798b-409d-aaec-a5cd5ff4cb87','{}','2026-05-27 22:34:50','2026-05-27 22:34:50',1,NULL,NULL,NULL,NULL,'659a72a6-284a-4b1b-b460-018096237cb9'),('b49b38e9-9c3a-4e52-bd02-51854bd4e9a4','de967d8d-5275-4fdd-b4cc-79a89a1a6ed4','9d480a4a-1d22-44e9-a751-e8e43aaacf92','{}','2026-05-27 22:34:50','2026-05-27 22:34:50',1,NULL,NULL,NULL,NULL,'659a72a6-284a-4b1b-b460-018096237cb9'),('cff46e7b-0ff3-4ed5-84d8-f64ec9ce9811','5d656e59-f10b-4475-9247-870141cc93cc','9e16cf5d-9401-4561-92da-d4156dddbc8f','{}','2026-05-27 22:34:50','2026-05-27 22:34:50',1,NULL,NULL,NULL,NULL,'659a72a6-284a-4b1b-b460-018096237cb9'),('c590e7e3-c666-4da3-8a68-91f07dbbbadf','3ef05ddc-0b03-4cb6-be0f-b5e21bfdee32','a1b86063-85ce-43db-a773-a6135fb93db5','{}','2026-05-27 22:34:50','2026-05-27 22:34:50',1,NULL,NULL,NULL,NULL,'659a72a6-284a-4b1b-b460-018096237cb9'),('1db8fd34-b725-4da4-8665-a5534238f137','f9588de8-cc86-4177-a098-182f2fc663f5','a213a066-5f2c-4f26-8c8b-2f7bbae0e8db','{}','2026-05-27 22:34:50','2026-05-27 22:34:50',1,NULL,NULL,NULL,NULL,'659a72a6-284a-4b1b-b460-018096237cb9'),('ac753b58-b0cf-49a4-bb08-399faee3076d','34337591-a98d-4fcc-82b5-07c283bc9b34','a3de2d52-5d7d-42e7-9b5b-7d72907c5fe0','{}','2026-05-27 22:34:50','2026-05-27 22:34:50',1,NULL,NULL,NULL,NULL,'659a72a6-284a-4b1b-b460-018096237cb9'),('c25eb5ef-cb17-4022-8883-b20ef32ec981','0f59e605-6680-42a7-b14f-96748e019053','ac47a2be-384a-46ec-9f77-dfd313f95b71','{}','2026-05-27 22:34:50','2026-05-27 22:34:50',1,NULL,NULL,NULL,NULL,'659a72a6-284a-4b1b-b460-018096237cb9'),('95133435-5c71-4ee2-8866-1ef9e527e199','f9a09e8b-868d-45e8-bfe2-55ac22a096d5','acb042c2-a852-4c83-bb5a-6ebfb164f921','{}','2026-05-27 22:34:50','2026-05-27 22:34:50',1,NULL,NULL,NULL,NULL,'659a72a6-284a-4b1b-b460-018096237cb9'),('e910065c-8c58-4918-bbe9-b8dce2aa85b8','276c0004-92b2-41e4-ad72-8aa2c691459a','af0ba5c3-56ad-4d57-819e-8df7bfd2c39b','{}','2026-05-27 22:34:50','2026-05-27 22:34:50',1,NULL,NULL,NULL,NULL,'659a72a6-284a-4b1b-b460-018096237cb9'),('1f84a410-f76c-48e6-bd71-dde6983af906','468c8378-d0cd-41a1-a8be-17d697ec0297','b9d744fe-4ca0-48d9-b989-6ca2130fe27e','{}','2026-05-27 22:34:50','2026-05-27 22:34:50',1,NULL,NULL,NULL,NULL,'659a72a6-284a-4b1b-b460-018096237cb9'),('e32641ce-926f-4338-ac29-3f2a89e94524','3efab0b4-31ff-4aea-8103-d2f1fa345ead','b9d81bca-daf1-486a-9221-f6397e29af22','{}','2026-05-27 22:34:50','2026-05-27 22:34:50',1,NULL,NULL,NULL,NULL,'659a72a6-284a-4b1b-b460-018096237cb9'),('b49b38e9-9c3a-4e52-bd02-51854bd4e9a4','18aa77e6-72df-45e0-ad1f-b2607472205d','bb4ae243-99d4-434c-a106-200e0971440d','{}','2026-05-27 22:34:50','2026-05-27 22:34:50',1,NULL,NULL,NULL,NULL,'659a72a6-284a-4b1b-b460-018096237cb9'),('e81f6d5a-d28d-4aea-9771-ca26ef984530','9213ab41-e6dd-474d-8b5a-704551c1a6b9','bc5f2079-1022-48cf-99bf-7c5af23bd266','{}','2026-05-27 22:34:50','2026-05-27 22:34:50',1,NULL,NULL,NULL,NULL,'659a72a6-284a-4b1b-b460-018096237cb9'),('01fbc26d-95b1-43be-b42a-6dd602973499','9132e036-3503-46a1-a984-452865152916','bd3d88b1-b36d-4529-adeb-5239c8472a39','{}','2026-05-27 22:34:50','2026-05-27 22:34:50',1,NULL,NULL,NULL,NULL,'659a72a6-284a-4b1b-b460-018096237cb9'),('e296a48c-e6f2-485c-bd1f-c3034149a0a2','48d0531e-d6b9-4f70-8e10-aec33e60de9a','bfe0c5ea-e70b-4088-94f8-595aa529fb7f','{}','2026-05-27 22:34:50','2026-05-27 22:34:50',1,NULL,NULL,NULL,NULL,'659a72a6-284a-4b1b-b460-018096237cb9'),('dac10e09-9beb-4354-afaf-4f4bd6dc23a6','94574fe2-7be6-4a76-80ea-927d18729cbf','c00ec28a-1022-4330-9ceb-ce1faede35f9','{}','2026-05-27 22:34:50','2026-05-27 22:34:50',1,NULL,NULL,NULL,NULL,'659a72a6-284a-4b1b-b460-018096237cb9'),('ac753b58-b0cf-49a4-bb08-399faee3076d','dc3d5519-de7f-4d4a-bb7d-be83021e4598','c17c6c0f-2059-46c0-bce1-fdc466980bb6','{}','2026-05-27 22:34:50','2026-05-27 22:34:50',1,NULL,NULL,NULL,NULL,'659a72a6-284a-4b1b-b460-018096237cb9'),('e296a48c-e6f2-485c-bd1f-c3034149a0a2','e7747bd9-30b0-4b46-a24b-9a50fd104329','c28c4e00-e8d5-4197-b79e-8183583d76f9','{}','2026-05-27 22:34:50','2026-05-27 22:34:50',1,NULL,NULL,NULL,NULL,'659a72a6-284a-4b1b-b460-018096237cb9'),('dcd9ac28-b22f-41ce-90e8-46b4dfae4799','dc2cf146-941e-468d-97a8-3f10b6c8714c','c3e6b0ed-9208-4761-b7be-afbfbc3489e2','{}','2026-05-27 22:34:50','2026-05-27 22:34:50',1,NULL,NULL,NULL,NULL,'659a72a6-284a-4b1b-b460-018096237cb9'),('fda271fc-dbcf-4c98-b58d-26f61c4da45f','6a23c801-9c41-4c17-8ded-fbff4d4a9d01','c450e008-3512-4a13-a990-5665d93fb2f2','{}','2026-05-27 22:34:50','2026-05-27 22:34:50',1,NULL,NULL,NULL,NULL,'659a72a6-284a-4b1b-b460-018096237cb9'),('d50613db-5b80-4dfc-bc55-865d8ddbcb25','eaee66ae-1edb-4248-9ee9-9b0b32eec581','c754ade1-9a2d-4b38-a2cc-8b04aa9d3f74','{}','2026-05-27 22:34:50','2026-05-27 22:34:50',1,NULL,NULL,NULL,NULL,'659a72a6-284a-4b1b-b460-018096237cb9'),('fea91fe4-40b6-422d-b549-b4089cc7223d','cad311a7-4fdf-43bc-aa04-6ec9abda1783','cae62faa-f83e-48b6-8098-025d09da99a2','{}','2026-05-27 22:34:50','2026-05-27 22:34:50',1,NULL,NULL,NULL,NULL,'659a72a6-284a-4b1b-b460-018096237cb9'),('20ae1e67-5fb3-48ac-89f7-f47dda7407c1','29686f68-5e36-472c-9c21-52c2102475be','cd5d52df-d83c-4db5-b8b1-93e2d156f866','{}','2026-05-27 22:34:50','2026-05-27 22:34:50',1,NULL,NULL,NULL,NULL,'659a72a6-284a-4b1b-b460-018096237cb9'),('0e9e1858-b649-4961-8e79-561f6e058836','83ad9e63-09ea-4953-9044-994d64ee2e82','cedcf7c5-b738-48e9-b0e2-c1310544b1bd','{}','2026-05-27 22:34:50','2026-05-27 22:34:50',1,NULL,NULL,NULL,NULL,'659a72a6-284a-4b1b-b460-018096237cb9'),('912f3a07-2523-455d-b4b8-d2c8096b8b33','a7932ffc-090f-4a6c-9d2c-39c8b9f86b3f','d043a391-eded-46ed-a597-f7c7052637e0','{}','2026-05-27 22:34:50','2026-05-27 22:34:50',1,NULL,NULL,NULL,NULL,'659a72a6-284a-4b1b-b460-018096237cb9'),('e77aeb23-e06c-4060-940b-e98c6076ae15','acd6d170-bdcf-4fc4-88f3-f331f74287ed','d05996e5-33d1-43d1-a8fa-c9d7623f7a0b','{}','2026-05-27 22:34:50','2026-05-27 22:34:50',1,NULL,NULL,NULL,NULL,'659a72a6-284a-4b1b-b460-018096237cb9'),('e59ec31f-8889-4a2c-82c6-e44129b4e01b','f62db589-f756-4655-9ad6-ccf9816d72df','d05b27f1-d23f-42b3-9e29-d5539a2e1c84','{}','2026-05-27 22:34:50','2026-05-27 22:34:50',1,NULL,NULL,NULL,NULL,'659a72a6-284a-4b1b-b460-018096237cb9'),('21a9a63c-efc4-4459-b072-61b898412a5a','4b6c8a73-ec1c-4c76-a2a9-4a5eaaf88474','d23d1ab9-c8d8-4d2b-848e-78c0a69e745d','{}','2026-05-27 22:34:50','2026-05-27 22:34:50',1,NULL,NULL,NULL,NULL,'659a72a6-284a-4b1b-b460-018096237cb9'),('0b3004ca-b328-415d-aa9f-c57a6a091f5d','9d74c667-e067-4cc6-9ef7-7c5bf4a0c9b5','d3c0dee4-e451-4a69-801e-0f7959d7bf6f','{}','2026-05-27 22:34:50','2026-05-27 22:34:50',1,NULL,NULL,NULL,NULL,'659a72a6-284a-4b1b-b460-018096237cb9'),('1db8fd34-b725-4da4-8665-a5534238f137','2b5e4edc-b1f1-4c8a-b9f3-0284b2ff87dd','d4d50f6b-49a7-45e1-a35f-ab75f79a8e1b','{}','2026-05-27 22:34:50','2026-05-27 22:34:50',1,NULL,NULL,NULL,NULL,'659a72a6-284a-4b1b-b460-018096237cb9'),('980a5137-5d5f-48de-927d-f2d2db672c2f','5caaaae0-e736-4ec8-81c4-97c7f1b890ba','d85f1dd4-3516-4cb2-96ed-7dd6346c4ce8','{}','2026-05-27 22:34:50','2026-05-27 22:34:50',1,NULL,NULL,NULL,NULL,'659a72a6-284a-4b1b-b460-018096237cb9'),('a81dcd18-15ed-467b-8583-60cbf3665752','60c0c8d4-d536-4e80-a4ee-8d8b0317801e','dfbbcbf3-3bb9-4a63-ab12-6e5790653fe2','{}','2026-05-27 22:34:50','2026-05-27 22:34:50',1,NULL,NULL,NULL,NULL,'659a72a6-284a-4b1b-b460-018096237cb9'),('a0a7ebf8-7824-4bf1-a8b3-401b0fcf1801','cc9d222f-caa5-4888-9d64-eb31f7958eaa','e1bc320d-773e-4aee-b2c3-eadf733fbb3e','{}','2026-05-27 22:34:50','2026-05-27 22:34:50',1,NULL,NULL,NULL,NULL,'659a72a6-284a-4b1b-b460-018096237cb9'),('0b3004ca-b328-415d-aa9f-c57a6a091f5d','901e7409-86af-4565-92fc-1fd0a62ecf22','e63a3a72-2eba-432f-8d2e-e21653428d0e','{}','2026-05-27 22:34:50','2026-05-27 22:34:50',1,NULL,NULL,NULL,NULL,'659a72a6-284a-4b1b-b460-018096237cb9'),('d1ca8baf-ef87-4b9a-84fc-694cde5ad95f','8bad5c30-9428-42fd-96ce-00337a7a3fe2','e70d1ae7-bf25-4afd-b54e-7b23f07252d6','{}','2026-05-27 22:34:50','2026-05-27 22:34:50',1,NULL,NULL,NULL,NULL,'659a72a6-284a-4b1b-b460-018096237cb9'),('4a81aff3-2e60-460f-98e1-fd7afc013c21','9adc1998-333b-4207-ac53-73b1a6fc3040','e9d97b23-4ddd-4475-b170-9f182989539a','{}','2026-05-27 22:34:50','2026-05-27 22:34:50',1,NULL,NULL,NULL,NULL,'659a72a6-284a-4b1b-b460-018096237cb9'),('6a5a126b-1303-4ed6-9b80-971d4e908c1f','7384dafc-3898-4197-b35b-9aaeaefebe3d','ebac1685-76f6-4916-a490-14149bc93ee6','{}','2026-05-27 22:34:50','2026-05-27 22:34:50',1,NULL,NULL,NULL,NULL,'659a72a6-284a-4b1b-b460-018096237cb9'),('1f84a410-f76c-48e6-bd71-dde6983af906','ed185368-f798-46a3-b781-04686fb720ec','edc4d7f5-659c-47d4-b603-223e90dfc580','{}','2026-05-27 22:34:50','2026-05-27 22:34:50',1,NULL,NULL,NULL,NULL,'659a72a6-284a-4b1b-b460-018096237cb9'),('96cc2aff-1541-447c-8d31-35c2f80d4428','09b48424-7f40-4790-bbc5-b670d1aa91ef','f546c1cb-b152-433e-948f-08616fcdcb21','{}','2026-05-27 22:34:50','2026-05-27 22:34:50',1,NULL,NULL,NULL,NULL,'659a72a6-284a-4b1b-b460-018096237cb9'),('467b52aa-b799-43d5-b6cc-ca9f96b7a907','504811ee-221a-4ff7-8822-084bcad44214','f645226c-e2d1-4379-af41-5a2e7a4293d2','{}','2026-05-27 22:34:50','2026-05-27 22:34:50',1,NULL,NULL,NULL,NULL,'659a72a6-284a-4b1b-b460-018096237cb9'),('912f3a07-2523-455d-b4b8-d2c8096b8b33','7d04dd41-f6c3-4ce5-a191-a9322f05007c','f9412282-d278-4ebb-b1c7-4c79a45ed26f','{}','2026-05-27 22:34:50','2026-05-27 22:34:50',1,NULL,NULL,NULL,NULL,'659a72a6-284a-4b1b-b460-018096237cb9'),('fea91fe4-40b6-422d-b549-b4089cc7223d','9c18610f-a812-4f3e-b03b-2bed8108b7c6','ff33512a-5658-4625-b8f3-46e39507a7cb','{}','2026-05-27 22:34:50','2026-05-27 22:34:50',1,NULL,NULL,NULL,NULL,'659a72a6-284a-4b1b-b460-018096237cb9');
/*!40000 ALTER TABLE `student_parents` ENABLE KEYS */;
UNLOCK TABLES;

--
-- Table structure for table `student_transport`
--

DROP TABLE IF EXISTS `student_transport`;
/*!40101 SET @saved_cs_client     = @@character_set_client */;
/*!50503 SET character_set_client = utf8mb4 */;
CREATE TABLE `student_transport` (
  `student_id` char(36) CHARACTER SET utf8mb4 COLLATE utf8mb4_unicode_ci NOT NULL,
  `route_id` char(36) CHARACTER SET utf8mb4 COLLATE utf8mb4_unicode_ci NOT NULL,
  `academic_year_id` char(36) CHARACTER SET utf8mb4 COLLATE utf8mb4_unicode_ci NOT NULL,
  `pickup_point` varchar(255) CHARACTER SET utf8mb4 COLLATE utf8mb4_unicode_ci DEFAULT NULL,
  `drop_point` varchar(255) CHARACTER SET utf8mb4 COLLATE utf8mb4_unicode_ci DEFAULT NULL,
  `id` char(36) CHARACTER SET utf8mb4 COLLATE utf8mb4_unicode_ci NOT NULL,
  `metadata` json NOT NULL,
  `created_at` datetime NOT NULL DEFAULT (now()),
  `updated_at` datetime NOT NULL DEFAULT (now()),
  `is_active` tinyint(1) NOT NULL,
  `deleted_at` datetime DEFAULT NULL,
  `deleted_by` char(36) CHARACTER SET utf8mb4 COLLATE utf8mb4_unicode_ci DEFAULT NULL,
  `created_by` char(36) CHARACTER SET utf8mb4 COLLATE utf8mb4_unicode_ci DEFAULT NULL,
  `updated_by` char(36) CHARACTER SET utf8mb4 COLLATE utf8mb4_unicode_ci DEFAULT NULL,
  `school_id` char(36) CHARACTER SET utf8mb4 COLLATE utf8mb4_unicode_ci NOT NULL,
  PRIMARY KEY (`id`),
  UNIQUE KEY `uq_student_transport_school_student_year` (`school_id`,`student_id`,`academic_year_id`),
  KEY `fk_student_transport_academic_year_id_academic_years` (`academic_year_id`),
  KEY `idx_student_transport_route` (`route_id`,`academic_year_id`),
  KEY `ix_student_transport_school_id` (`school_id`),
  KEY `idx_student_transport_student` (`student_id`),
  KEY `ix_student_transport_is_active` (`is_active`),
  CONSTRAINT `fk_student_transport_academic_year_id_academic_years` FOREIGN KEY (`academic_year_id`) REFERENCES `academic_years` (`id`),
  CONSTRAINT `fk_student_transport_route_id_routes` FOREIGN KEY (`route_id`) REFERENCES `routes` (`id`),
  CONSTRAINT `fk_student_transport_school_id_schools` FOREIGN KEY (`school_id`) REFERENCES `schools` (`id`),
  CONSTRAINT `fk_student_transport_student_id_students` FOREIGN KEY (`student_id`) REFERENCES `students` (`id`)
) ENGINE=InnoDB DEFAULT CHARSET=utf8mb4 COLLATE=utf8mb4_unicode_ci;
/*!40101 SET character_set_client = @saved_cs_client */;

--
-- Dumping data for table `student_transport`
--

LOCK TABLES `student_transport` WRITE;
/*!40000 ALTER TABLE `student_transport` DISABLE KEYS */;
INSERT INTO `student_transport` VALUES ('4297c48a-a425-4828-961d-1e09369bda04','aab98c2f-13f6-448a-b67c-e42d93e205ff','491598d9-1ca9-4402-86f3-87b92cf96f11','Whitefield Main','Whitefield Main','010b92b5-f1a7-4241-98b5-0dd9510fcf36','{}','2026-05-27 22:34:51','2026-05-27 22:34:51',1,NULL,NULL,NULL,NULL,'659a72a6-284a-4b1b-b460-018096237cb9'),('e32641ce-926f-4338-ac29-3f2a89e94524','aab98c2f-13f6-448a-b67c-e42d93e205ff','491598d9-1ca9-4402-86f3-87b92cf96f11','Sarjapur Road','Sarjapur Road','0452c32b-4a98-4b0f-bc4a-f1a6c2520a18','{}','2026-05-27 22:34:51','2026-05-27 22:34:51',1,NULL,NULL,NULL,NULL,'659a72a6-284a-4b1b-b460-018096237cb9'),('a81dcd18-15ed-467b-8583-60cbf3665752','fd528775-7fae-44d8-be6e-288784c8931b','491598d9-1ca9-4402-86f3-87b92cf96f11','BTM 2nd Stage','BTM 2nd Stage','1679bca9-901e-4c2f-9f67-6e23d4598412','{}','2026-05-27 22:34:51','2026-05-27 22:34:51',1,NULL,NULL,NULL,NULL,'659a72a6-284a-4b1b-b460-018096237cb9'),('dcd9ac28-b22f-41ce-90e8-46b4dfae4799','1a67603a-f0cc-44bc-bd52-12c7a2924cea','491598d9-1ca9-4402-86f3-87b92cf96f11','Koramangala Signal','Koramangala Signal','1845231f-ddb3-45b9-bf02-06a9d90c2885','{}','2026-05-27 22:34:51','2026-05-27 22:34:51',1,NULL,NULL,NULL,NULL,'659a72a6-284a-4b1b-b460-018096237cb9'),('a8cc521b-8de9-42c5-8500-6c7c0638d050','fd528775-7fae-44d8-be6e-288784c8931b','491598d9-1ca9-4402-86f3-87b92cf96f11','Marathahalli Bridge','Marathahalli Bridge','194e240a-2296-4111-9cea-06de43d67e03','{}','2026-05-27 22:34:51','2026-05-27 22:34:51',1,NULL,NULL,NULL,NULL,'659a72a6-284a-4b1b-b460-018096237cb9'),('8439d760-20b7-4d8f-a0c9-40e1b2dfba6a','1a67603a-f0cc-44bc-bd52-12c7a2924cea','491598d9-1ca9-4402-86f3-87b92cf96f11','Whitefield Main','Whitefield Main','2e534534-48da-4bb2-8f65-f6487853b6d5','{}','2026-05-27 22:34:51','2026-05-27 22:34:51',1,NULL,NULL,NULL,NULL,'659a72a6-284a-4b1b-b460-018096237cb9'),('35fee766-a623-4c7f-acd1-aad490913162','d782423a-a1ff-49f9-a652-1cf99f747b1b','491598d9-1ca9-4402-86f3-87b92cf96f11','Indiranagar 100ft','Indiranagar 100ft','36c363b9-6ddd-4bb1-b19f-ae1fdd853a04','{}','2026-05-27 22:34:51','2026-05-27 22:34:51',1,NULL,NULL,NULL,NULL,'659a72a6-284a-4b1b-b460-018096237cb9'),('ff8d12ed-6489-43dd-b2b1-88c02d42f826','ce137a52-d102-416c-92f8-9a32e1f9b839','491598d9-1ca9-4402-86f3-87b92cf96f11','BTM 2nd Stage','BTM 2nd Stage','3f8c3331-2f67-41e6-913e-75359e0722e5','{}','2026-05-27 22:34:51','2026-05-27 22:34:51',1,NULL,NULL,NULL,NULL,'659a72a6-284a-4b1b-b460-018096237cb9'),('0a3f6d58-7348-4c37-ab09-ebe0238a3b1f','ce137a52-d102-416c-92f8-9a32e1f9b839','491598d9-1ca9-4402-86f3-87b92cf96f11','Electronic City','Electronic City','4f09aeec-90f5-445c-81cf-4f87a358fc82','{}','2026-05-27 22:34:51','2026-05-27 22:34:51',1,NULL,NULL,NULL,NULL,'659a72a6-284a-4b1b-b460-018096237cb9'),('718e064c-26d8-4d8e-8bbb-fcebd31f70b1','1a67603a-f0cc-44bc-bd52-12c7a2924cea','491598d9-1ca9-4402-86f3-87b92cf96f11','JP Nagar 6th Phase','JP Nagar 6th Phase','5b4867b2-1bca-437a-98c5-f6eb4a5d6a06','{}','2026-05-27 22:34:51','2026-05-27 22:34:51',1,NULL,NULL,NULL,NULL,'659a72a6-284a-4b1b-b460-018096237cb9'),('e77aeb23-e06c-4060-940b-e98c6076ae15','d782423a-a1ff-49f9-a652-1cf99f747b1b','491598d9-1ca9-4402-86f3-87b92cf96f11','Marathahalli Bridge','Marathahalli Bridge','61dfa6f7-1d66-43b5-8be4-4a32da6f6d45','{}','2026-05-27 22:34:51','2026-05-27 22:34:51',1,NULL,NULL,NULL,NULL,'659a72a6-284a-4b1b-b460-018096237cb9'),('4a81aff3-2e60-460f-98e1-fd7afc013c21','ce137a52-d102-416c-92f8-9a32e1f9b839','491598d9-1ca9-4402-86f3-87b92cf96f11','Indiranagar 100ft','Indiranagar 100ft','62527ba8-21a3-4625-ac00-c645ed001aa4','{}','2026-05-27 22:34:51','2026-05-27 22:34:51',1,NULL,NULL,NULL,NULL,'659a72a6-284a-4b1b-b460-018096237cb9'),('42e817b5-8abc-43aa-8a80-3e98221c4ab6','85b044c5-4f5e-485b-a9f7-ee37619b3429','491598d9-1ca9-4402-86f3-87b92cf96f11','HSR Layout','HSR Layout','72f03d72-9667-438a-a08d-f70c5883ddea','{}','2026-05-27 22:34:51','2026-05-27 22:34:51',1,NULL,NULL,NULL,NULL,'659a72a6-284a-4b1b-b460-018096237cb9'),('467b52aa-b799-43d5-b6cc-ca9f96b7a907','ce137a52-d102-416c-92f8-9a32e1f9b839','491598d9-1ca9-4402-86f3-87b92cf96f11','MG Road Metro','MG Road Metro','95eaffcf-b533-4b57-ab18-6c2fee7dbb50','{}','2026-05-27 22:34:51','2026-05-27 22:34:51',1,NULL,NULL,NULL,NULL,'659a72a6-284a-4b1b-b460-018096237cb9'),('0e9e1858-b649-4961-8e79-561f6e058836','aab98c2f-13f6-448a-b67c-e42d93e205ff','491598d9-1ca9-4402-86f3-87b92cf96f11','Koramangala Signal','Koramangala Signal','97dd68a2-d3ea-40e1-b01a-bd51120ae080','{}','2026-05-27 22:34:51','2026-05-27 22:34:51',1,NULL,NULL,NULL,NULL,'659a72a6-284a-4b1b-b460-018096237cb9'),('a0a7ebf8-7824-4bf1-a8b3-401b0fcf1801','85b044c5-4f5e-485b-a9f7-ee37619b3429','491598d9-1ca9-4402-86f3-87b92cf96f11','JP Nagar 6th Phase','JP Nagar 6th Phase','9b53dfdd-c527-4787-be18-396015466bd5','{}','2026-05-27 22:34:51','2026-05-27 22:34:51',1,NULL,NULL,NULL,NULL,'659a72a6-284a-4b1b-b460-018096237cb9'),('e81f6d5a-d28d-4aea-9771-ca26ef984530','d782423a-a1ff-49f9-a652-1cf99f747b1b','491598d9-1ca9-4402-86f3-87b92cf96f11','MG Road Metro','MG Road Metro','a9e30c1a-6458-4d6b-bd6d-589ca715105a','{}','2026-05-27 22:34:51','2026-05-27 22:34:51',1,NULL,NULL,NULL,NULL,'659a72a6-284a-4b1b-b460-018096237cb9'),('1db8fd34-b725-4da4-8665-a5534238f137','85b044c5-4f5e-485b-a9f7-ee37619b3429','491598d9-1ca9-4402-86f3-87b92cf96f11','Whitefield Main','Whitefield Main','af0cb00f-22f1-4bba-bb21-76d12bbd38de','{}','2026-05-27 22:34:51','2026-05-27 22:34:51',1,NULL,NULL,NULL,NULL,'659a72a6-284a-4b1b-b460-018096237cb9'),('154dba0d-46f1-4ba7-a1a6-6f5bc2ed051c','aab98c2f-13f6-448a-b67c-e42d93e205ff','491598d9-1ca9-4402-86f3-87b92cf96f11','HSR Layout','HSR Layout','b9460bea-1807-494f-88f8-10635c5ed044','{}','2026-05-27 22:34:51','2026-05-27 22:34:51',1,NULL,NULL,NULL,NULL,'659a72a6-284a-4b1b-b460-018096237cb9'),('c590e7e3-c666-4da3-8a68-91f07dbbbadf','d782423a-a1ff-49f9-a652-1cf99f747b1b','491598d9-1ca9-4402-86f3-87b92cf96f11','Electronic City','Electronic City','c15d1dd8-ce68-480e-a540-3820f946e2b4','{}','2026-05-27 22:34:51','2026-05-27 22:34:51',1,NULL,NULL,NULL,NULL,'659a72a6-284a-4b1b-b460-018096237cb9'),('6bc40a80-af77-4da5-b009-098e08d37281','fd528775-7fae-44d8-be6e-288784c8931b','491598d9-1ca9-4402-86f3-87b92cf96f11','Indiranagar 100ft','Indiranagar 100ft','c405d141-dfb5-481c-9058-89c8b2014af0','{}','2026-05-27 22:34:51','2026-05-27 22:34:51',1,NULL,NULL,NULL,NULL,'659a72a6-284a-4b1b-b460-018096237cb9'),('cff46e7b-0ff3-4ed5-84d8-f64ec9ce9811','1a67603a-f0cc-44bc-bd52-12c7a2924cea','491598d9-1ca9-4402-86f3-87b92cf96f11','Sarjapur Road','Sarjapur Road','cd27b288-4bbd-4d93-bc28-ef882ea057d1','{}','2026-05-27 22:34:51','2026-05-27 22:34:51',1,NULL,NULL,NULL,NULL,'659a72a6-284a-4b1b-b460-018096237cb9'),('20ae1e67-5fb3-48ac-89f7-f47dda7407c1','fd528775-7fae-44d8-be6e-288784c8931b','491598d9-1ca9-4402-86f3-87b92cf96f11','MG Road Metro','MG Road Metro','ced9b30c-5664-40c6-9700-46a653eb8fc2','{}','2026-05-27 22:34:51','2026-05-27 22:34:51',1,NULL,NULL,NULL,NULL,'659a72a6-284a-4b1b-b460-018096237cb9'),('dac10e09-9beb-4354-afaf-4f4bd6dc23a6','85b044c5-4f5e-485b-a9f7-ee37619b3429','491598d9-1ca9-4402-86f3-87b92cf96f11','Koramangala Signal','Koramangala Signal','d4479836-a6e2-48a1-adfd-de22427c145b','{}','2026-05-27 22:34:51','2026-05-27 22:34:51',1,NULL,NULL,NULL,NULL,'659a72a6-284a-4b1b-b460-018096237cb9');
/*!40000 ALTER TABLE `student_transport` ENABLE KEYS */;
UNLOCK TABLES;

--
-- Table structure for table `students`
--

DROP TABLE IF EXISTS `students`;
/*!40101 SET @saved_cs_client     = @@character_set_client */;
/*!50503 SET character_set_client = utf8mb4 */;
CREATE TABLE `students` (
  `admission_number` varchar(50) CHARACTER SET utf8mb4 COLLATE utf8mb4_unicode_ci NOT NULL,
  `first_name` varchar(100) CHARACTER SET utf8mb4 COLLATE utf8mb4_unicode_ci NOT NULL,
  `last_name` varchar(100) CHARACTER SET utf8mb4 COLLATE utf8mb4_unicode_ci DEFAULT NULL,
  `full_name` varchar(255) CHARACTER SET utf8mb4 COLLATE utf8mb4_unicode_ci NOT NULL,
  `email` varchar(255) CHARACTER SET utf8mb4 COLLATE utf8mb4_unicode_ci DEFAULT NULL,
  `phone` varchar(20) CHARACTER SET utf8mb4 COLLATE utf8mb4_unicode_ci DEFAULT NULL,
  `gender` varchar(10) CHARACTER SET utf8mb4 COLLATE utf8mb4_unicode_ci DEFAULT NULL,
  `date_of_birth` date DEFAULT NULL,
  `photo_url` text CHARACTER SET utf8mb4 COLLATE utf8mb4_unicode_ci,
  `blood_group` varchar(5) CHARACTER SET utf8mb4 COLLATE utf8mb4_unicode_ci DEFAULT NULL,
  `nationality` varchar(50) CHARACTER SET utf8mb4 COLLATE utf8mb4_unicode_ci DEFAULT NULL,
  `religion` varchar(50) CHARACTER SET utf8mb4 COLLATE utf8mb4_unicode_ci DEFAULT NULL,
  `caste` varchar(50) CHARACTER SET utf8mb4 COLLATE utf8mb4_unicode_ci DEFAULT NULL,
  `mother_tongue` varchar(50) CHARACTER SET utf8mb4 COLLATE utf8mb4_unicode_ci DEFAULT NULL,
  `medical_conditions` text CHARACTER SET utf8mb4 COLLATE utf8mb4_unicode_ci,
  `allergies` text CHARACTER SET utf8mb4 COLLATE utf8mb4_unicode_ci,
  `address_line1` varchar(255) CHARACTER SET utf8mb4 COLLATE utf8mb4_unicode_ci DEFAULT NULL,
  `address_line2` varchar(255) CHARACTER SET utf8mb4 COLLATE utf8mb4_unicode_ci DEFAULT NULL,
  `city` varchar(100) CHARACTER SET utf8mb4 COLLATE utf8mb4_unicode_ci DEFAULT NULL,
  `state` varchar(100) CHARACTER SET utf8mb4 COLLATE utf8mb4_unicode_ci DEFAULT NULL,
  `pincode` varchar(20) CHARACTER SET utf8mb4 COLLATE utf8mb4_unicode_ci DEFAULT NULL,
  `admission_date` date DEFAULT NULL,
  `left_date` date DEFAULT NULL,
  `left_reason` text CHARACTER SET utf8mb4 COLLATE utf8mb4_unicode_ci,
  `previous_school` varchar(255) CHARACTER SET utf8mb4 COLLATE utf8mb4_unicode_ci DEFAULT NULL,
  `transfer_certificate_number` varchar(100) CHARACTER SET utf8mb4 COLLATE utf8mb4_unicode_ci DEFAULT NULL,
  `status` varchar(20) CHARACTER SET utf8mb4 COLLATE utf8mb4_unicode_ci NOT NULL,
  `aadhar_number` varchar(20) CHARACTER SET utf8mb4 COLLATE utf8mb4_unicode_ci DEFAULT NULL,
  `id` char(36) CHARACTER SET utf8mb4 COLLATE utf8mb4_unicode_ci NOT NULL,
  `metadata` json NOT NULL,
  `created_at` datetime NOT NULL DEFAULT (now()),
  `updated_at` datetime NOT NULL DEFAULT (now()),
  `is_active` tinyint(1) NOT NULL,
  `deleted_at` datetime DEFAULT NULL,
  `deleted_by` char(36) CHARACTER SET utf8mb4 COLLATE utf8mb4_unicode_ci DEFAULT NULL,
  `created_by` char(36) CHARACTER SET utf8mb4 COLLATE utf8mb4_unicode_ci DEFAULT NULL,
  `updated_by` char(36) CHARACTER SET utf8mb4 COLLATE utf8mb4_unicode_ci DEFAULT NULL,
  `school_id` char(36) CHARACTER SET utf8mb4 COLLATE utf8mb4_unicode_ci NOT NULL,
  PRIMARY KEY (`id`),
  UNIQUE KEY `uq_students_school_admission` (`school_id`,`admission_number`),
  KEY `idx_students_name` (`school_id`,`full_name`),
  KEY `ix_students_school_id` (`school_id`),
  KEY `ix_students_is_active` (`is_active`),
  KEY `idx_students_status` (`school_id`,`status`),
  CONSTRAINT `fk_students_school_id_schools` FOREIGN KEY (`school_id`) REFERENCES `schools` (`id`)
) ENGINE=InnoDB DEFAULT CHARSET=utf8mb4 COLLATE=utf8mb4_unicode_ci;
/*!40101 SET character_set_client = @saved_cs_client */;

--
-- Dumping data for table `students`
--

LOCK TABLES `students` WRITE;
/*!40000 ALTER TABLE `students` DISABLE KEYS */;
INSERT INTO `students` VALUES ('STU035','Manish','Joshi','Manish Joshi','manish.joshi34@student.com','+91-987000035','Male','2011-11-07',NULL,'B+',NULL,NULL,NULL,NULL,NULL,NULL,'134 Main St',NULL,'Bangalore','Karnataka','560044','2023-06-01',NULL,NULL,NULL,NULL,'Active',NULL,'01fbc26d-95b1-43be-b42a-6dd602973499','{}','2026-05-27 22:34:50','2026-05-27 22:34:50',1,NULL,NULL,NULL,NULL,'659a72a6-284a-4b1b-b460-018096237cb9'),('STU010','Neha','Das','Neha Das','neha.das9@student.com','+91-987000010','Female','2010-10-10',NULL,'A-',NULL,NULL,NULL,NULL,NULL,NULL,'109 Main St',NULL,'Bangalore','Karnataka','560019','2023-06-01',NULL,NULL,NULL,NULL,'Active',NULL,'0a3f6d58-7348-4c37-ab09-ebe0238a3b1f','{}','2026-05-27 22:34:49','2026-05-27 22:34:49',1,NULL,NULL,NULL,NULL,'659a72a6-284a-4b1b-b460-018096237cb9'),('STU037','Deepak','Verma','Deepak Verma','deepak.verma36@student.com','+91-987000037','Male','2010-01-09',NULL,'O+',NULL,NULL,NULL,NULL,NULL,NULL,'136 Main St',NULL,'Bangalore','Karnataka','560046','2023-06-01',NULL,NULL,NULL,NULL,'Active',NULL,'0b3004ca-b328-415d-aa9f-c57a6a091f5d','{}','2026-05-27 22:34:50','2026-05-27 22:34:50',1,NULL,NULL,NULL,NULL,'659a72a6-284a-4b1b-b460-018096237cb9'),('STU021','Aman','Banerjee','Aman Banerjee','aman.banerjee20@student.com','+91-987000021','Male','2012-09-21',NULL,'O+',NULL,NULL,NULL,NULL,NULL,NULL,'120 Main St',NULL,'Bangalore','Karnataka','560030','2023-06-01',NULL,NULL,NULL,NULL,'Active',NULL,'0e9e1858-b649-4961-8e79-561f6e058836','{}','2026-05-27 22:34:50','2026-05-27 22:34:50',1,NULL,NULL,NULL,NULL,'659a72a6-284a-4b1b-b460-018096237cb9'),('STU040','Kritika','Mishra','Kritika Mishra','kritika.mishra39@student.com','+91-987000040','Female','2010-04-12',NULL,'AB-',NULL,NULL,NULL,NULL,NULL,NULL,'139 Main St',NULL,'Bangalore','Karnataka','560049','2023-06-01',NULL,NULL,NULL,NULL,'Active',NULL,'100d2412-5e2c-4c6a-8806-6cfde9401bab','{}','2026-05-27 22:34:50','2026-05-27 22:34:50',1,NULL,NULL,NULL,NULL,'659a72a6-284a-4b1b-b460-018096237cb9'),('STU015','Ankit','Agarwal','Ankit Agarwal','ankit.agarwal14@student.com','+91-987000015','Male','2012-03-15',NULL,'AB+',NULL,NULL,NULL,NULL,NULL,NULL,'114 Main St',NULL,'Bangalore','Karnataka','560024','2023-06-01',NULL,NULL,NULL,NULL,'Active',NULL,'154dba0d-46f1-4ba7-a1a6-6f5bc2ed051c','{}','2026-05-27 22:34:50','2026-05-27 22:34:50',1,NULL,NULL,NULL,NULL,'659a72a6-284a-4b1b-b460-018096237cb9'),('STU023','Akash','Ghosh','Akash Ghosh','akash.ghosh22@student.com','+91-987000023','Male','2011-11-23',NULL,'AB+',NULL,NULL,NULL,NULL,NULL,NULL,'122 Main St',NULL,'Bangalore','Karnataka','560032','2023-06-01',NULL,NULL,NULL,NULL,'Active',NULL,'1db8fd34-b725-4da4-8665-a5534238f137','{}','2026-05-27 22:34:50','2026-05-27 22:34:50',1,NULL,NULL,NULL,NULL,'659a72a6-284a-4b1b-b460-018096237cb9'),('STU045','Aman','Banerjee','Aman Banerjee','aman.banerjee44@student.com','+91-987000045','Male','2012-09-17',NULL,'O+',NULL,NULL,NULL,NULL,NULL,NULL,'144 Main St',NULL,'Bangalore','Karnataka','560054','2023-06-01',NULL,NULL,NULL,NULL,'Active',NULL,'1f84a410-f76c-48e6-bd71-dde6983af906','{}','2026-05-27 22:34:50','2026-05-27 22:34:50',1,NULL,NULL,NULL,NULL,'659a72a6-284a-4b1b-b460-018096237cb9'),('STU046','Aarti','Mukherjee','Aarti Mukherjee','aarti.mukherjee45@student.com','+91-987000046','Female','2010-10-18',NULL,'O-',NULL,NULL,NULL,NULL,NULL,NULL,'145 Main St',NULL,'Bangalore','Karnataka','560055','2023-06-01',NULL,NULL,NULL,NULL,'Active',NULL,'2035c178-1855-41c2-b078-20f6ff65dec8','{}','2026-05-27 22:34:50','2026-05-27 22:34:50',1,NULL,NULL,NULL,NULL,'659a72a6-284a-4b1b-b460-018096237cb9'),('STU012','Shreya','Iyer','Shreya Iyer','shreya.iyer11@student.com','+91-987000012','Female','2012-12-12',NULL,'B-',NULL,NULL,NULL,NULL,NULL,NULL,'111 Main St',NULL,'Bangalore','Karnataka','560021','2023-06-01',NULL,NULL,NULL,NULL,'Active',NULL,'20ae1e67-5fb3-48ac-89f7-f47dda7407c1','{}','2026-05-27 22:34:49','2026-05-27 22:34:49',1,NULL,NULL,NULL,NULL,'659a72a6-284a-4b1b-b460-018096237cb9'),('STU027','Karthik','Patel','Karthik Patel','karthik.patel26@student.com','+91-987000027','Male','2012-03-27',NULL,'B+',NULL,NULL,NULL,NULL,NULL,NULL,'126 Main St',NULL,'Bangalore','Karnataka','560036','2023-06-01',NULL,NULL,NULL,NULL,'Active',NULL,'21a9a63c-efc4-4459-b072-61b898412a5a','{}','2026-05-27 22:34:50','2026-05-27 22:34:50',1,NULL,NULL,NULL,NULL,'659a72a6-284a-4b1b-b460-018096237cb9'),('STU014','Nandini','Chopra','Nandini Chopra','nandini.chopra13@student.com','+91-987000014','Female','2011-02-14',NULL,'O-',NULL,NULL,NULL,NULL,NULL,NULL,'113 Main St',NULL,'Bangalore','Karnataka','560023','2023-06-01',NULL,NULL,NULL,NULL,'Active',NULL,'35fee766-a623-4c7f-acd1-aad490913162','{}','2026-05-27 22:34:50','2026-05-27 22:34:50',1,NULL,NULL,NULL,NULL,'659a72a6-284a-4b1b-b460-018096237cb9'),('STU_CITY3','City3','Test3','City3 Test3',NULL,NULL,NULL,NULL,NULL,NULL,NULL,NULL,NULL,NULL,NULL,NULL,'789 Delhi Rd',NULL,'Delhi','Delhi','110001',NULL,NULL,NULL,NULL,NULL,'Active',NULL,'3d673b0c-d001-4212-883d-20963cdfb164','{}','2026-05-27 22:39:16','2026-05-27 22:39:16',1,NULL,NULL,'99bf6ed3-bf5b-4b8e-9f02-46c192c410cc',NULL,'659a72a6-284a-4b1b-b460-018096237cb9'),('CRUD001','CRUD','Updated Student','CRUD Updated Student','crud@test.com',NULL,'Male','2011-03-15',NULL,NULL,NULL,NULL,NULL,NULL,NULL,NULL,'CRUD Street',NULL,'Mumbai','MH','411001',NULL,'2026-05-28',NULL,NULL,NULL,'Inactive',NULL,'417901ea-f5f8-4c33-b141-e2843c36c497','{}','2026-05-28 01:02:36','2026-05-28 01:02:37',1,NULL,NULL,'99bf6ed3-bf5b-4b8e-9f02-46c192c410cc','99bf6ed3-bf5b-4b8e-9f02-46c192c410cc','659a72a6-284a-4b1b-b460-018096237cb9'),('STU003','Karthik','Patel','Karthik Patel','karthik.patel2@student.com','+91-987000003','Male','2012-03-03',NULL,'B+',NULL,NULL,NULL,NULL,NULL,NULL,'102 Main St',NULL,'Bangalore','Karnataka','560012','2023-06-01',NULL,NULL,NULL,NULL,'Active',NULL,'4297c48a-a425-4828-961d-1e09369bda04','{}','2026-05-27 22:34:49','2026-05-27 22:34:49',1,NULL,NULL,NULL,NULL,'659a72a6-284a-4b1b-b460-018096237cb9'),('STU005','Aditya','Rao','Aditya Rao','aditya.rao4@student.com','+91-987000005','Male','2011-05-05',NULL,'O+',NULL,NULL,NULL,NULL,NULL,NULL,'104 Main St',NULL,'Bangalore','Karnataka','560014','2023-06-01',NULL,NULL,NULL,NULL,'Active',NULL,'42e817b5-8abc-43aa-8a80-3e98221c4ab6','{}','2026-05-27 22:34:49','2026-05-27 22:34:49',1,NULL,NULL,NULL,NULL,'659a72a6-284a-4b1b-b460-018096237cb9'),('STU022','Aarti','Mukherjee','Aarti Mukherjee','aarti.mukherjee21@student.com','+91-987000022','Female','2010-10-22',NULL,'O-',NULL,NULL,NULL,NULL,NULL,NULL,'121 Main St',NULL,'Bangalore','Karnataka','560031','2023-06-01',NULL,NULL,NULL,NULL,'Active',NULL,'467b52aa-b799-43d5-b6cc-ca9f96b7a907','{}','2026-05-27 22:34:50','2026-05-27 22:34:50',1,NULL,NULL,NULL,NULL,'659a72a6-284a-4b1b-b460-018096237cb9'),('STU004','Pooja','Singh','Pooja Singh','pooja.singh3@student.com','+91-987000004','Female','2010-04-04',NULL,'B-',NULL,NULL,NULL,NULL,NULL,NULL,'103 Main St',NULL,'Bangalore','Karnataka','560013','2023-06-01',NULL,NULL,NULL,NULL,'Active',NULL,'4a81aff3-2e60-460f-98e1-fd7afc013c21','{}','2026-05-27 22:34:49','2026-05-27 22:34:49',1,NULL,NULL,NULL,NULL,'659a72a6-284a-4b1b-b460-018096237cb9'),('998','City2','Test2','City2 Test2','city2.test@test.com','+91-2222222222','Female','2011-02-02',NULL,NULL,NULL,NULL,NULL,NULL,NULL,NULL,'456 Test Ave',NULL,'Chennai','Tamil Nadu','600001','2025-06-01',NULL,NULL,NULL,NULL,'Active',NULL,'6107e285-e2a4-47d5-8835-bf4bf89ebc5c','{}','2026-05-27 22:36:31','2026-05-27 22:36:31',1,NULL,NULL,'99bf6ed3-bf5b-4b8e-9f02-46c192c410cc',NULL,'659a72a6-284a-4b1b-b460-018096237cb9'),('STU042','Aishwarya','Tiwari','Aishwarya Tiwari','aishwarya.tiwari41@student.com','+91-987000042','Female','2012-06-14',NULL,'A-',NULL,NULL,NULL,NULL,NULL,NULL,'141 Main St',NULL,'Bangalore','Karnataka','560051','2023-06-01',NULL,NULL,NULL,NULL,'Active',NULL,'6a5a126b-1303-4ed6-9b80-971d4e908c1f','{}','2026-05-27 22:34:50','2026-05-27 22:34:50',1,NULL,NULL,NULL,NULL,'659a72a6-284a-4b1b-b460-018096237cb9'),('STU024','Komal','Bose','Komal Bose','komal.bose23@student.com','+91-987000024','Female','2012-12-24',NULL,'AB-',NULL,NULL,NULL,NULL,NULL,NULL,'123 Main St',NULL,'Bangalore','Karnataka','560033','2023-06-01',NULL,NULL,NULL,NULL,'Active',NULL,'6bc40a80-af77-4da5-b009-098e08d37281','{}','2026-05-27 22:34:50','2026-05-27 22:34:50',1,NULL,NULL,NULL,NULL,'659a72a6-284a-4b1b-b460-018096237cb9'),('STU007','Nikhil','Nair','Nikhil Nair','nikhil.nair6@student.com','+91-987000007','Male','2010-07-07',NULL,'AB+',NULL,NULL,NULL,NULL,NULL,NULL,'106 Main St',NULL,'Bangalore','Karnataka','560016','2023-06-01',NULL,NULL,NULL,NULL,'Active',NULL,'718e064c-26d8-4d8e-8bbb-fcebd31f70b1','{}','2026-05-27 22:34:49','2026-05-27 22:34:49',1,NULL,NULL,NULL,NULL,'659a72a6-284a-4b1b-b460-018096237cb9'),('999','City','Test','City Test','city.test@test.com','+91-1111111111','Male','2011-01-01',NULL,NULL,NULL,NULL,NULL,NULL,NULL,NULL,NULL,NULL,'Mumbai','Maharashtra','400001','2025-06-01',NULL,NULL,NULL,NULL,'Active',NULL,'743e944a-3b70-4df6-bdb2-c5b6eb0ff9e8','{}','2026-05-27 22:35:37','2026-05-27 22:35:37',1,NULL,NULL,'99bf6ed3-bf5b-4b8e-9f02-46c192c410cc',NULL,'659a72a6-284a-4b1b-b460-018096237cb9'),('STU013','Deepak','Verma','Deepak Verma','deepak.verma12@student.com','+91-987000013','Male','2010-01-13',NULL,'O+',NULL,NULL,NULL,NULL,NULL,NULL,'112 Main St',NULL,'Bangalore','Karnataka','560022','2023-06-01',NULL,NULL,NULL,NULL,'Active',NULL,'8439d760-20b7-4d8f-a0c9-40e1b2dfba6a','{}','2026-05-27 22:34:49','2026-05-27 22:34:49',1,NULL,NULL,NULL,NULL,'659a72a6-284a-4b1b-b460-018096237cb9'),('STU038','Nandini','Chopra','Nandini Chopra','nandini.chopra37@student.com','+91-987000038','Female','2011-02-10',NULL,'O-',NULL,NULL,NULL,NULL,NULL,NULL,'137 Main St',NULL,'Bangalore','Karnataka','560047','2023-06-01',NULL,NULL,NULL,NULL,'Active',NULL,'912f3a07-2523-455d-b4b8-d2c8096b8b33','{}','2026-05-27 22:34:50','2026-05-27 22:34:50',1,NULL,NULL,NULL,NULL,'659a72a6-284a-4b1b-b460-018096237cb9'),('STU032','Priyanka','Reddy','Priyanka Reddy','priyanka.reddy31@student.com','+91-987000032','Female','2011-08-04',NULL,'AB-',NULL,NULL,NULL,NULL,NULL,NULL,'131 Main St',NULL,'Bangalore','Karnataka','560041','2023-06-01',NULL,NULL,NULL,NULL,'Active',NULL,'9398407c-f2ab-4629-b6a0-9b843f8761fb','{}','2026-05-27 22:34:50','2026-05-27 22:34:50',1,NULL,NULL,NULL,NULL,'659a72a6-284a-4b1b-b460-018096237cb9'),('STU047','Akash','Ghosh','Akash Ghosh','akash.ghosh46@student.com','+91-987000047','Male','2011-11-19',NULL,'AB+',NULL,NULL,NULL,NULL,NULL,NULL,'146 Main St',NULL,'Bangalore','Karnataka','560056','2023-06-01',NULL,NULL,NULL,NULL,'Active',NULL,'95133435-5c71-4ee2-8866-1ef9e527e199','{}','2026-05-27 22:34:50','2026-05-27 22:34:50',1,NULL,NULL,NULL,NULL,'659a72a6-284a-4b1b-b460-018096237cb9'),('STU031','Nikhil','Nair','Nikhil Nair','nikhil.nair30@student.com','+91-987000031','Male','2010-07-03',NULL,'AB+',NULL,NULL,NULL,NULL,NULL,NULL,'130 Main St',NULL,'Bangalore','Karnataka','560040','2023-06-01',NULL,NULL,NULL,NULL,'Active',NULL,'96cc2aff-1541-447c-8d31-35c2f80d4428','{}','2026-05-27 22:34:50','2026-05-27 22:34:50',1,NULL,NULL,NULL,NULL,'659a72a6-284a-4b1b-b460-018096237cb9'),('STU029','Aditya','Rao','Aditya Rao','aditya.rao28@student.com','+91-987000029','Male','2011-05-01',NULL,'O+',NULL,NULL,NULL,NULL,NULL,NULL,'128 Main St',NULL,'Bangalore','Karnataka','560038','2023-06-01',NULL,NULL,NULL,NULL,'Active',NULL,'980a5137-5d5f-48de-927d-f2d2db672c2f','{}','2026-05-27 22:34:50','2026-05-27 22:34:50',1,NULL,NULL,NULL,NULL,'659a72a6-284a-4b1b-b460-018096237cb9'),('STU017','Gaurav','Saxena','Gaurav Saxena','gaurav.saxena16@student.com','+91-987000017','Male','2011-05-17',NULL,'A+',NULL,NULL,NULL,NULL,NULL,NULL,'116 Main St',NULL,'Bangalore','Karnataka','560026','2023-06-01',NULL,NULL,NULL,NULL,'Active',NULL,'a0a7ebf8-7824-4bf1-a8b3-401b0fcf1801','{}','2026-05-27 22:34:50','2026-05-27 22:34:50',1,NULL,NULL,NULL,NULL,'659a72a6-284a-4b1b-b460-018096237cb9'),('STU006','Kavya','Sharma','Kavya Sharma','kavya.sharma5@student.com','+91-987000006','Female','2012-06-06',NULL,'O-',NULL,NULL,NULL,NULL,NULL,NULL,'105 Main St',NULL,'Bangalore','Karnataka','560015','2023-06-01',NULL,NULL,NULL,NULL,'Active',NULL,'a81dcd18-15ed-467b-8583-60cbf3665752','{}','2026-05-27 22:34:49','2026-05-27 22:34:49',1,NULL,NULL,NULL,NULL,'659a72a6-284a-4b1b-b460-018096237cb9'),('STU018','Aishwarya','Tiwari','Aishwarya Tiwari','aishwarya.tiwari17@student.com','+91-987000018','Female','2012-06-18',NULL,'A-',NULL,NULL,NULL,NULL,NULL,NULL,'117 Main St',NULL,'Bangalore','Karnataka','560027','2023-06-01',NULL,NULL,NULL,NULL,'Active',NULL,'a8cc521b-8de9-42c5-8500-6c7c0638d050','{}','2026-05-27 22:34:50','2026-05-27 22:34:50',1,NULL,NULL,NULL,NULL,'659a72a6-284a-4b1b-b460-018096237cb9'),('STU028','Pooja','Singh','Pooja Singh','pooja.singh27@student.com','+91-987000028','Female','2010-04-28',NULL,'B-',NULL,NULL,NULL,NULL,NULL,NULL,'127 Main St',NULL,'Bangalore','Karnataka','560037','2023-06-01',NULL,NULL,NULL,NULL,'Active',NULL,'ac753b58-b0cf-49a4-bb08-399faee3076d','{}','2026-05-27 22:34:50','2026-05-27 22:34:50',1,NULL,NULL,NULL,NULL,'659a72a6-284a-4b1b-b460-018096237cb9'),('STU041','Gaurav','Saxena','Gaurav Saxena','gaurav.saxena40@student.com','+91-987000041','Male','2011-05-13',NULL,'A+',NULL,NULL,NULL,NULL,NULL,NULL,'140 Main St',NULL,'Bangalore','Karnataka','560050','2023-06-01',NULL,NULL,NULL,NULL,'Active',NULL,'b12b3e5a-18da-483b-8c63-30e1ee23f84a','{}','2026-05-27 22:34:50','2026-05-27 22:34:50',1,NULL,NULL,NULL,NULL,'659a72a6-284a-4b1b-b460-018096237cb9'),('STU044','Diya','Malhotra','Diya Malhotra','diya.malhotra43@student.com','+91-987000044','Female','2011-08-16',NULL,'B-',NULL,NULL,NULL,NULL,NULL,NULL,'143 Main St',NULL,'Bangalore','Karnataka','560053','2023-06-01',NULL,NULL,NULL,NULL,'Active',NULL,'b49b38e9-9c3a-4e52-bd02-51854bd4e9a4','{}','2026-05-27 22:34:50','2026-05-27 22:34:50',1,NULL,NULL,NULL,NULL,'659a72a6-284a-4b1b-b460-018096237cb9'),('STU025','Arjun','Mehta','Arjun Mehta','arjun.mehta24@student.com','+91-987000025','Male','2010-01-25',NULL,'A+',NULL,NULL,NULL,NULL,NULL,NULL,'124 Main St',NULL,'Bangalore','Karnataka','560034','2023-06-01',NULL,NULL,NULL,NULL,'Active',NULL,'b656d8da-0176-43e6-b53d-0cb4c7bab509','{}','2026-05-27 22:34:50','2026-05-27 22:34:50',1,NULL,NULL,NULL,NULL,'659a72a6-284a-4b1b-b460-018096237cb9'),('STU034','Neha','Das','Neha Das','neha.das33@student.com','+91-987000034','Female','2010-10-06',NULL,'A-',NULL,NULL,NULL,NULL,NULL,NULL,'133 Main St',NULL,'Bangalore','Karnataka','560043','2023-06-01',NULL,NULL,NULL,NULL,'Active',NULL,'c25eb5ef-cb17-4022-8883-b20ef32ec981','{}','2026-05-27 22:34:50','2026-05-27 22:34:50',1,NULL,NULL,NULL,NULL,'659a72a6-284a-4b1b-b460-018096237cb9'),('STU020','Diya','Malhotra','Diya Malhotra','diya.malhotra19@student.com','+91-987000020','Female','2011-08-20',NULL,'B-',NULL,NULL,NULL,NULL,NULL,NULL,'119 Main St',NULL,'Bangalore','Karnataka','560029','2023-06-01',NULL,NULL,NULL,NULL,'Active',NULL,'c590e7e3-c666-4da3-8a68-91f07dbbbadf','{}','2026-05-27 22:34:50','2026-05-27 22:34:50',1,NULL,NULL,NULL,NULL,'659a72a6-284a-4b1b-b460-018096237cb9'),('STU_FINAL','Final','Test','Final Test',NULL,NULL,NULL,NULL,NULL,NULL,NULL,NULL,NULL,NULL,NULL,NULL,'Final St',NULL,'Pune','MH','411001',NULL,NULL,NULL,NULL,NULL,'Active',NULL,'c8bc6088-83de-4c0a-9260-70f8bd66b5a5','{}','2026-05-27 22:42:09','2026-05-27 22:42:09',1,NULL,NULL,'99bf6ed3-bf5b-4b8e-9f02-46c192c410cc',NULL,'659a72a6-284a-4b1b-b460-018096237cb9'),('STU019','Pavan','Pandey','Pavan Pandey','pavan.pandey18@student.com','+91-987000019','Male','2010-07-19',NULL,'B+',NULL,NULL,NULL,NULL,NULL,NULL,'118 Main St',NULL,'Bangalore','Karnataka','560028','2023-06-01',NULL,NULL,NULL,NULL,'Active',NULL,'cff46e7b-0ff3-4ed5-84d8-f64ec9ce9811','{}','2026-05-27 22:34:50','2026-05-27 22:34:50',1,NULL,NULL,NULL,NULL,'659a72a6-284a-4b1b-b460-018096237cb9'),('STU030','Kavya','Sharma','Kavya Sharma','kavya.sharma29@student.com','+91-987000030','Female','2012-06-02',NULL,'O-',NULL,NULL,NULL,NULL,NULL,NULL,'129 Main St',NULL,'Bangalore','Karnataka','560039','2023-06-01',NULL,NULL,NULL,NULL,'Active',NULL,'d1ca8baf-ef87-4b9a-84fc-694cde5ad95f','{}','2026-05-27 22:34:50','2026-05-27 22:34:50',1,NULL,NULL,NULL,NULL,'659a72a6-284a-4b1b-b460-018096237cb9'),('STU033','Rahul','Kumar','Rahul Kumar','rahul.kumar32@student.com','+91-987000033','Male','2012-09-05',NULL,'A+',NULL,NULL,NULL,NULL,NULL,NULL,'132 Main St',NULL,'Bangalore','Karnataka','560042','2023-06-01',NULL,NULL,NULL,NULL,'Active',NULL,'d50613db-5b80-4dfc-bc55-865d8ddbcb25','{}','2026-05-27 22:34:50','2026-05-27 22:34:50',1,NULL,NULL,NULL,NULL,'659a72a6-284a-4b1b-b460-018096237cb9'),('STU011','Manish','Joshi','Manish Joshi','manish.joshi10@student.com','+91-987000011','Male','2011-11-11',NULL,'B+',NULL,NULL,NULL,NULL,NULL,NULL,'110 Main St',NULL,'Bangalore','Karnataka','560020','2023-06-01',NULL,NULL,NULL,NULL,'Active',NULL,'dac10e09-9beb-4354-afaf-4f4bd6dc23a6','{}','2026-05-27 22:34:49','2026-05-27 22:34:49',1,NULL,NULL,NULL,NULL,'659a72a6-284a-4b1b-b460-018096237cb9'),('STU001','Arjun','Mehta','Arjun Mehta','arjun.mehta0@student.com','+91-987000001','Male','2010-01-01',NULL,'A+',NULL,NULL,NULL,NULL,NULL,NULL,'100 Main St',NULL,'Bangalore','Karnataka','560010','2023-06-01',NULL,NULL,NULL,NULL,'Active',NULL,'dcd9ac28-b22f-41ce-90e8-46b4dfae4799','{}','2026-05-27 22:34:49','2026-05-27 22:34:49',1,NULL,NULL,NULL,NULL,'659a72a6-284a-4b1b-b460-018096237cb9'),('STU043','Pavan','Pandey','Pavan Pandey','pavan.pandey42@student.com','+91-987000043','Male','2010-07-15',NULL,'B+',NULL,NULL,NULL,NULL,NULL,NULL,'142 Main St',NULL,'Bangalore','Karnataka','560052','2023-06-01',NULL,NULL,NULL,NULL,'Active',NULL,'e296a48c-e6f2-485c-bd1f-c3034149a0a2','{}','2026-05-27 22:34:50','2026-05-27 22:34:50',1,NULL,NULL,NULL,NULL,'659a72a6-284a-4b1b-b460-018096237cb9'),('STU009','Rahul','Kumar','Rahul Kumar','rahul.kumar8@student.com','+91-987000009','Male','2012-09-09',NULL,'A+',NULL,NULL,NULL,NULL,NULL,NULL,'108 Main St',NULL,'Bangalore','Karnataka','560018','2023-06-01',NULL,NULL,NULL,NULL,'Active',NULL,'e32641ce-926f-4338-ac29-3f2a89e94524','{}','2026-05-27 22:34:49','2026-05-27 22:34:49',1,NULL,NULL,NULL,NULL,'659a72a6-284a-4b1b-b460-018096237cb9'),('STU048','Komal','Bose','Komal Bose','komal.bose47@student.com','+91-987000048','Female','2012-12-20',NULL,'AB-',NULL,NULL,NULL,NULL,NULL,NULL,'147 Main St',NULL,'Bangalore','Karnataka','560057','2023-06-01',NULL,NULL,NULL,NULL,'Active',NULL,'e59ec31f-8889-4a2c-82c6-e44129b4e01b','{}','2026-05-27 22:34:50','2026-05-27 22:34:50',1,NULL,NULL,NULL,NULL,'659a72a6-284a-4b1b-b460-018096237cb9'),('STU008','Priyanka','Reddy','Priyanka Reddy','priyanka.reddy7@student.com','+91-987000008','Female','2011-08-08',NULL,'AB-',NULL,NULL,NULL,NULL,NULL,NULL,'107 Main St',NULL,'Bangalore','Karnataka','560017','2023-06-01',NULL,NULL,NULL,NULL,'Active',NULL,'e77aeb23-e06c-4060-940b-e98c6076ae15','{}','2026-05-27 22:34:49','2026-05-27 22:34:49',1,NULL,NULL,NULL,NULL,'659a72a6-284a-4b1b-b460-018096237cb9'),('STU002','Ananya','Gupta','Ananya Gupta','ananya.gupta1@student.com','+91-987000002','Female','2011-02-02',NULL,'A-',NULL,NULL,NULL,NULL,NULL,NULL,'101 Main St',NULL,'Bangalore','Karnataka','560011','2023-06-01',NULL,NULL,NULL,NULL,'Active',NULL,'e81f6d5a-d28d-4aea-9771-ca26ef984530','{}','2026-05-27 22:34:49','2026-05-27 22:34:49',1,NULL,NULL,NULL,NULL,'659a72a6-284a-4b1b-b460-018096237cb9'),('STU039','Ankit','Agarwal','Ankit Agarwal','ankit.agarwal38@student.com','+91-987000039','Male','2012-03-11',NULL,'AB+',NULL,NULL,NULL,NULL,NULL,NULL,'138 Main St',NULL,'Bangalore','Karnataka','560048','2023-06-01',NULL,NULL,NULL,NULL,'Active',NULL,'e910065c-8c58-4918-bbe9-b8dce2aa85b8','{}','2026-05-27 22:34:50','2026-05-27 22:34:50',1,NULL,NULL,NULL,NULL,'659a72a6-284a-4b1b-b460-018096237cb9'),('STU036','Shreya','Iyer','Shreya Iyer','shreya.iyer35@student.com','+91-987000036','Female','2012-12-08',NULL,'B-',NULL,NULL,NULL,NULL,NULL,NULL,'135 Main St',NULL,'Bangalore','Karnataka','560045','2023-06-01',NULL,NULL,NULL,NULL,'Active',NULL,'fda271fc-dbcf-4c98-b58d-26f61c4da45f','{}','2026-05-27 22:34:50','2026-05-27 22:34:50',1,NULL,NULL,NULL,NULL,'659a72a6-284a-4b1b-b460-018096237cb9'),('STU026','Ananya','Gupta','Ananya Gupta','ananya.gupta25@student.com','+91-987000026','Female','2011-02-26',NULL,'A-',NULL,NULL,NULL,NULL,NULL,NULL,'125 Main St',NULL,'Bangalore','Karnataka','560035','2023-06-01',NULL,NULL,NULL,NULL,'Active',NULL,'fea91fe4-40b6-422d-b549-b4089cc7223d','{}','2026-05-27 22:34:50','2026-05-27 22:34:50',1,NULL,NULL,NULL,NULL,'659a72a6-284a-4b1b-b460-018096237cb9'),('STU016','Kritika','Mishra','Kritika Mishra','kritika.mishra15@student.com','+91-987000016','Female','2010-04-16',NULL,'AB-',NULL,NULL,NULL,NULL,NULL,NULL,'115 Main St',NULL,'Bangalore','Karnataka','560025','2023-06-01',NULL,NULL,NULL,NULL,'Active',NULL,'ff8d12ed-6489-43dd-b2b1-88c02d42f826','{}','2026-05-27 22:34:50','2026-05-27 22:34:50',1,NULL,NULL,NULL,NULL,'659a72a6-284a-4b1b-b460-018096237cb9');
/*!40000 ALTER TABLE `students` ENABLE KEYS */;
UNLOCK TABLES;

--
-- Table structure for table `subjects`
--

DROP TABLE IF EXISTS `subjects`;
/*!40101 SET @saved_cs_client     = @@character_set_client */;
/*!50503 SET character_set_client = utf8mb4 */;
CREATE TABLE `subjects` (
  `name` varchar(100) CHARACTER SET utf8mb4 COLLATE utf8mb4_unicode_ci NOT NULL,
  `code` varchar(20) CHARACTER SET utf8mb4 COLLATE utf8mb4_unicode_ci DEFAULT NULL,
  `description` text CHARACTER SET utf8mb4 COLLATE utf8mb4_unicode_ci,
  `id` char(36) CHARACTER SET utf8mb4 COLLATE utf8mb4_unicode_ci NOT NULL,
  `metadata` json NOT NULL,
  `created_at` datetime NOT NULL DEFAULT (now()),
  `updated_at` datetime NOT NULL DEFAULT (now()),
  `is_active` tinyint(1) NOT NULL,
  `deleted_at` datetime DEFAULT NULL,
  `deleted_by` char(36) CHARACTER SET utf8mb4 COLLATE utf8mb4_unicode_ci DEFAULT NULL,
  `created_by` char(36) CHARACTER SET utf8mb4 COLLATE utf8mb4_unicode_ci DEFAULT NULL,
  `updated_by` char(36) CHARACTER SET utf8mb4 COLLATE utf8mb4_unicode_ci DEFAULT NULL,
  `school_id` char(36) CHARACTER SET utf8mb4 COLLATE utf8mb4_unicode_ci NOT NULL,
  PRIMARY KEY (`id`),
  UNIQUE KEY `uq_subjects_school_name` (`school_id`,`name`),
  UNIQUE KEY `uq_subjects_school_code` (`school_id`,`code`),
  KEY `ix_subjects_school_id` (`school_id`),
  KEY `ix_subjects_is_active` (`is_active`),
  CONSTRAINT `fk_subjects_school_id_schools` FOREIGN KEY (`school_id`) REFERENCES `schools` (`id`)
) ENGINE=InnoDB DEFAULT CHARSET=utf8mb4 COLLATE=utf8mb4_unicode_ci;
/*!40101 SET character_set_client = @saved_cs_client */;

--
-- Dumping data for table `subjects`
--

LOCK TABLES `subjects` WRITE;
/*!40000 ALTER TABLE `subjects` DISABLE KEYS */;
INSERT INTO `subjects` VALUES ('Computer Science','COM',NULL,'0e59db90-8e3f-4d6d-aa5c-4c613a2597c5','{}','2026-05-27 22:34:49','2026-05-27 22:34:49',1,NULL,NULL,NULL,NULL,'659a72a6-284a-4b1b-b460-018096237cb9'),('Social Studies','SOC',NULL,'229a4e95-8b1e-4316-9782-98b0e51ea940','{}','2026-05-27 22:34:49','2026-05-27 22:34:49',1,NULL,NULL,NULL,NULL,'659a72a6-284a-4b1b-b460-018096237cb9'),('Science','SCI',NULL,'58bb8ece-bcf5-4d9a-ba24-f381cbfdfbd2','{}','2026-05-27 22:34:49','2026-05-27 22:34:49',1,NULL,NULL,NULL,NULL,'659a72a6-284a-4b1b-b460-018096237cb9'),('Mathematics','MAT',NULL,'6cd5cf45-a2ca-4ad6-89bb-7873731490f2','{}','2026-05-27 22:34:49','2026-05-27 22:34:49',1,NULL,NULL,NULL,NULL,'659a72a6-284a-4b1b-b460-018096237cb9'),('Hindi','HIN',NULL,'9a2d7073-5dbd-4a32-84bc-ae46a94e1053','{}','2026-05-27 22:34:49','2026-05-27 22:34:49',1,NULL,NULL,NULL,NULL,'659a72a6-284a-4b1b-b460-018096237cb9'),('Art','ART',NULL,'aacc8271-986e-4181-9ecc-7363869f3a2a','{}','2026-05-27 22:34:49','2026-05-27 22:34:49',1,NULL,NULL,NULL,NULL,'659a72a6-284a-4b1b-b460-018096237cb9'),('English','ENG',NULL,'cbdf9dac-d844-4a62-8f63-edbd580764c3','{}','2026-05-27 22:34:49','2026-05-27 22:34:49',1,NULL,NULL,NULL,NULL,'659a72a6-284a-4b1b-b460-018096237cb9'),('Physical Education','PHY',NULL,'f3066013-6cbb-4fab-a11c-3500992d40c6','{}','2026-05-27 22:34:49','2026-05-27 22:34:49',1,NULL,NULL,NULL,NULL,'659a72a6-284a-4b1b-b460-018096237cb9');
/*!40000 ALTER TABLE `subjects` ENABLE KEYS */;
UNLOCK TABLES;

--
-- Table structure for table `timetable_slots`
--

DROP TABLE IF EXISTS `timetable_slots`;
/*!40101 SET @saved_cs_client     = @@character_set_client */;
/*!50503 SET character_set_client = utf8mb4 */;
CREATE TABLE `timetable_slots` (
  `academic_year_id` char(36) CHARACTER SET utf8mb4 COLLATE utf8mb4_unicode_ci NOT NULL,
  `class_section_id` char(36) CHARACTER SET utf8mb4 COLLATE utf8mb4_unicode_ci NOT NULL,
  `period_config_id` char(36) CHARACTER SET utf8mb4 COLLATE utf8mb4_unicode_ci NOT NULL,
  `day_of_week` varchar(10) CHARACTER SET utf8mb4 COLLATE utf8mb4_unicode_ci NOT NULL,
  `subject_id` char(36) CHARACTER SET utf8mb4 COLLATE utf8mb4_unicode_ci DEFAULT NULL,
  `staff_id` char(36) CHARACTER SET utf8mb4 COLLATE utf8mb4_unicode_ci DEFAULT NULL,
  `slot_type` varchar(20) CHARACTER SET utf8mb4 COLLATE utf8mb4_unicode_ci NOT NULL,
  `id` char(36) CHARACTER SET utf8mb4 COLLATE utf8mb4_unicode_ci NOT NULL,
  `metadata` json NOT NULL,
  `created_at` datetime NOT NULL DEFAULT (now()),
  `updated_at` datetime NOT NULL DEFAULT (now()),
  `is_active` tinyint(1) NOT NULL,
  `deleted_at` datetime DEFAULT NULL,
  `deleted_by` char(36) CHARACTER SET utf8mb4 COLLATE utf8mb4_unicode_ci DEFAULT NULL,
  `created_by` char(36) CHARACTER SET utf8mb4 COLLATE utf8mb4_unicode_ci DEFAULT NULL,
  `updated_by` char(36) CHARACTER SET utf8mb4 COLLATE utf8mb4_unicode_ci DEFAULT NULL,
  `school_id` char(36) CHARACTER SET utf8mb4 COLLATE utf8mb4_unicode_ci NOT NULL,
  PRIMARY KEY (`id`),
  UNIQUE KEY `uq_timetable_slots_class` (`school_id`,`academic_year_id`,`class_section_id`,`period_config_id`,`day_of_week`),
  KEY `fk_timetable_slots_academic_year_id_academic_years` (`academic_year_id`),
  KEY `fk_timetable_slots_period_config_id_period_configs` (`period_config_id`),
  KEY `fk_timetable_slots_subject_id_subjects` (`subject_id`),
  KEY `idx_timetable_slots_class_day` (`class_section_id`,`academic_year_id`,`day_of_week`),
  KEY `idx_timetable_slots_teacher` (`staff_id`,`academic_year_id`,`day_of_week`),
  KEY `ix_timetable_slots_is_active` (`is_active`),
  KEY `ix_timetable_slots_school_id` (`school_id`),
  CONSTRAINT `fk_timetable_slots_academic_year_id_academic_years` FOREIGN KEY (`academic_year_id`) REFERENCES `academic_years` (`id`),
  CONSTRAINT `fk_timetable_slots_class_section_id_class_sections` FOREIGN KEY (`class_section_id`) REFERENCES `class_sections` (`id`),
  CONSTRAINT `fk_timetable_slots_period_config_id_period_configs` FOREIGN KEY (`period_config_id`) REFERENCES `period_configs` (`id`),
  CONSTRAINT `fk_timetable_slots_school_id_schools` FOREIGN KEY (`school_id`) REFERENCES `schools` (`id`),
  CONSTRAINT `fk_timetable_slots_staff_id_staff` FOREIGN KEY (`staff_id`) REFERENCES `staff` (`id`),
  CONSTRAINT `fk_timetable_slots_subject_id_subjects` FOREIGN KEY (`subject_id`) REFERENCES `subjects` (`id`)
) ENGINE=InnoDB DEFAULT CHARSET=utf8mb4 COLLATE=utf8mb4_unicode_ci;
/*!40101 SET character_set_client = @saved_cs_client */;

--
-- Dumping data for table `timetable_slots`
--

LOCK TABLES `timetable_slots` WRITE;
/*!40000 ALTER TABLE `timetable_slots` DISABLE KEYS */;
INSERT INTO `timetable_slots` VALUES ('491598d9-1ca9-4402-86f3-87b92cf96f11','09db56bb-57e7-4569-9086-fd2b2fa5ec5a','e9030155-4e08-4725-9059-bb502f2f1114','Tuesday','9a2d7073-5dbd-4a32-84bc-ae46a94e1053','9661495d-82cb-4b3d-b9fe-1505e81cb8f1','Lecture','0112bfcd-878c-4acc-af1f-5b347d899944','{}','2026-05-27 22:34:50','2026-05-27 22:34:50',1,NULL,NULL,NULL,NULL,'659a72a6-284a-4b1b-b460-018096237cb9'),('491598d9-1ca9-4402-86f3-87b92cf96f11','268cd0ee-f598-4156-b4bb-194eb2b64a0b','e9030155-4e08-4725-9059-bb502f2f1114','Tuesday','6cd5cf45-a2ca-4ad6-89bb-7873731490f2','f55f47c2-6286-478e-b218-8f97ed41cd31','Lecture','01620ba5-9310-4114-8d2d-d096e140e6e8','{}','2026-05-27 22:34:50','2026-05-27 22:34:50',1,NULL,NULL,NULL,NULL,'659a72a6-284a-4b1b-b460-018096237cb9'),('491598d9-1ca9-4402-86f3-87b92cf96f11','70cb91f6-d3c2-4af3-bf06-6319c2d58eac','9afb9aaf-bf90-462d-af40-0e8f5616adfd','Wednesday','58bb8ece-bcf5-4d9a-ba24-f381cbfdfbd2','639dbabd-3949-40c2-9f62-e0f517926145','Lecture','148d690c-d05b-41b0-bf97-f1faa468b992','{}','2026-05-27 22:34:50','2026-05-27 22:34:50',1,NULL,NULL,NULL,NULL,'659a72a6-284a-4b1b-b460-018096237cb9'),('491598d9-1ca9-4402-86f3-87b92cf96f11','09db56bb-57e7-4569-9086-fd2b2fa5ec5a','e9030155-4e08-4725-9059-bb502f2f1114','Friday','6cd5cf45-a2ca-4ad6-89bb-7873731490f2','f55f47c2-6286-478e-b218-8f97ed41cd31','Lecture','2f7bba1c-8134-4864-83fd-a4095a9f7a42','{}','2026-05-27 22:34:50','2026-05-27 22:34:50',1,NULL,NULL,NULL,NULL,'659a72a6-284a-4b1b-b460-018096237cb9'),('491598d9-1ca9-4402-86f3-87b92cf96f11','ce8a260c-5b81-4f5e-9c6f-76b80e239974','e9030155-4e08-4725-9059-bb502f2f1114','Wednesday','9a2d7073-5dbd-4a32-84bc-ae46a94e1053','9661495d-82cb-4b3d-b9fe-1505e81cb8f1','Lecture','32a50d87-8836-4dd1-95d3-ab7c982bf399','{}','2026-05-27 22:34:50','2026-05-27 22:34:50',1,NULL,NULL,NULL,NULL,'659a72a6-284a-4b1b-b460-018096237cb9'),('491598d9-1ca9-4402-86f3-87b92cf96f11','70cb91f6-d3c2-4af3-bf06-6319c2d58eac','f0e27502-7518-4914-a98c-92ed6c00b05b','Tuesday','0e59db90-8e3f-4d6d-aa5c-4c613a2597c5','62be1cfe-da33-4140-b592-061cff00efad','Lecture','3841e931-9ce2-41a8-86d3-f52dfbfb0003','{}','2026-05-27 22:34:50','2026-05-27 22:34:50',1,NULL,NULL,NULL,NULL,'659a72a6-284a-4b1b-b460-018096237cb9'),('491598d9-1ca9-4402-86f3-87b92cf96f11','ce8a260c-5b81-4f5e-9c6f-76b80e239974','9afb9aaf-bf90-462d-af40-0e8f5616adfd','Monday','6cd5cf45-a2ca-4ad6-89bb-7873731490f2','f55f47c2-6286-478e-b218-8f97ed41cd31','Lecture','39f1acc7-dcbb-4924-8e3e-91cd2db67caf','{}','2026-05-27 22:34:50','2026-05-27 22:34:50',1,NULL,NULL,NULL,NULL,'659a72a6-284a-4b1b-b460-018096237cb9'),('491598d9-1ca9-4402-86f3-87b92cf96f11','70cb91f6-d3c2-4af3-bf06-6319c2d58eac','e9030155-4e08-4725-9059-bb502f2f1114','Wednesday','6cd5cf45-a2ca-4ad6-89bb-7873731490f2','f55f47c2-6286-478e-b218-8f97ed41cd31','Lecture','3ba73e60-510a-4b66-859c-bbf484cceacf','{}','2026-05-27 22:34:50','2026-05-27 22:34:50',1,NULL,NULL,NULL,NULL,'659a72a6-284a-4b1b-b460-018096237cb9'),('491598d9-1ca9-4402-86f3-87b92cf96f11','268cd0ee-f598-4156-b4bb-194eb2b64a0b','38cd97a8-ae01-41b2-a40e-eb6e2548f16e','Friday','6cd5cf45-a2ca-4ad6-89bb-7873731490f2','f55f47c2-6286-478e-b218-8f97ed41cd31','Lecture','41e24b3a-1fbc-4550-a7fe-6a07079b6af4','{}','2026-05-27 22:34:50','2026-05-27 22:34:50',1,NULL,NULL,NULL,NULL,'659a72a6-284a-4b1b-b460-018096237cb9'),('491598d9-1ca9-4402-86f3-87b92cf96f11','ce8a260c-5b81-4f5e-9c6f-76b80e239974','38cd97a8-ae01-41b2-a40e-eb6e2548f16e','Tuesday','6cd5cf45-a2ca-4ad6-89bb-7873731490f2','f55f47c2-6286-478e-b218-8f97ed41cd31','Lecture','4c09f064-07ae-412e-a46e-d6d8265c8ac0','{}','2026-05-27 22:34:50','2026-05-27 22:34:50',1,NULL,NULL,NULL,NULL,'659a72a6-284a-4b1b-b460-018096237cb9'),('491598d9-1ca9-4402-86f3-87b92cf96f11','ce8a260c-5b81-4f5e-9c6f-76b80e239974','ea67a871-c9d3-4b11-9395-6751f3500bd7','Wednesday','6cd5cf45-a2ca-4ad6-89bb-7873731490f2','f55f47c2-6286-478e-b218-8f97ed41cd31','Lecture','512eea15-1107-4bc1-acbd-23a8854e8168','{}','2026-05-27 22:34:50','2026-05-27 22:34:50',1,NULL,NULL,NULL,NULL,'659a72a6-284a-4b1b-b460-018096237cb9'),('491598d9-1ca9-4402-86f3-87b92cf96f11','268cd0ee-f598-4156-b4bb-194eb2b64a0b','9afb9aaf-bf90-462d-af40-0e8f5616adfd','Thursday','6cd5cf45-a2ca-4ad6-89bb-7873731490f2','f55f47c2-6286-478e-b218-8f97ed41cd31','Lecture','537627be-7891-4fed-95a3-d7b3aa8ceaa1','{}','2026-05-27 22:34:50','2026-05-27 22:34:50',1,NULL,NULL,NULL,NULL,'659a72a6-284a-4b1b-b460-018096237cb9'),('491598d9-1ca9-4402-86f3-87b92cf96f11','09db56bb-57e7-4569-9086-fd2b2fa5ec5a','ea67a871-c9d3-4b11-9395-6751f3500bd7','Monday','cbdf9dac-d844-4a62-8f63-edbd580764c3','a2ccc78c-972b-4b82-9a5c-21317170b66e','Lecture','5da802ee-ab3f-4be0-a032-be81ce0fa643','{}','2026-05-27 22:34:50','2026-05-27 22:34:50',1,NULL,NULL,NULL,NULL,'659a72a6-284a-4b1b-b460-018096237cb9'),('491598d9-1ca9-4402-86f3-87b92cf96f11','ce8a260c-5b81-4f5e-9c6f-76b80e239974','f0e27502-7518-4914-a98c-92ed6c00b05b','Friday','6cd5cf45-a2ca-4ad6-89bb-7873731490f2','f55f47c2-6286-478e-b218-8f97ed41cd31','Lecture','64dbd5a5-0fd7-4d86-abf4-0904719cac56','{}','2026-05-27 22:34:50','2026-05-27 22:34:50',1,NULL,NULL,NULL,NULL,'659a72a6-284a-4b1b-b460-018096237cb9'),('491598d9-1ca9-4402-86f3-87b92cf96f11','70cb91f6-d3c2-4af3-bf06-6319c2d58eac','ea67a871-c9d3-4b11-9395-6751f3500bd7','Tuesday','6cd5cf45-a2ca-4ad6-89bb-7873731490f2','f55f47c2-6286-478e-b218-8f97ed41cd31','Lecture','66911fdf-3a85-467f-8f67-b460bc46f936','{}','2026-05-27 22:34:50','2026-05-27 22:34:50',1,NULL,NULL,NULL,NULL,'659a72a6-284a-4b1b-b460-018096237cb9'),('491598d9-1ca9-4402-86f3-87b92cf96f11','268cd0ee-f598-4156-b4bb-194eb2b64a0b','f0e27502-7518-4914-a98c-92ed6c00b05b','Tuesday','58bb8ece-bcf5-4d9a-ba24-f381cbfdfbd2','639dbabd-3949-40c2-9f62-e0f517926145','Lecture','69543650-6e6c-4826-9cd7-1163e1cea01b','{}','2026-05-27 22:34:50','2026-05-27 22:34:50',1,NULL,NULL,NULL,NULL,'659a72a6-284a-4b1b-b460-018096237cb9'),('491598d9-1ca9-4402-86f3-87b92cf96f11','268cd0ee-f598-4156-b4bb-194eb2b64a0b','e9030155-4e08-4725-9059-bb502f2f1114','Friday','0e59db90-8e3f-4d6d-aa5c-4c613a2597c5','62be1cfe-da33-4140-b592-061cff00efad','Lecture','6c2d3bd6-7396-4f09-8e44-ba186d3ea3f7','{}','2026-05-27 22:34:50','2026-05-27 22:34:50',1,NULL,NULL,NULL,NULL,'659a72a6-284a-4b1b-b460-018096237cb9'),('491598d9-1ca9-4402-86f3-87b92cf96f11','828099e8-cac0-496b-beb6-d1a6d819fbb9','38cd97a8-ae01-41b2-a40e-eb6e2548f16e','Thursday','58bb8ece-bcf5-4d9a-ba24-f381cbfdfbd2','639dbabd-3949-40c2-9f62-e0f517926145','Lecture','6fae5499-bb46-4b32-abba-c9152a1490db','{}','2026-05-27 22:34:50','2026-05-27 22:34:50',1,NULL,NULL,NULL,NULL,'659a72a6-284a-4b1b-b460-018096237cb9'),('491598d9-1ca9-4402-86f3-87b92cf96f11','268cd0ee-f598-4156-b4bb-194eb2b64a0b','f0e27502-7518-4914-a98c-92ed6c00b05b','Wednesday','6cd5cf45-a2ca-4ad6-89bb-7873731490f2','f55f47c2-6286-478e-b218-8f97ed41cd31','Lecture','7cfef561-293d-47b7-a3bf-69889bdf30d0','{}','2026-05-27 22:34:50','2026-05-27 22:34:50',1,NULL,NULL,NULL,NULL,'659a72a6-284a-4b1b-b460-018096237cb9'),('491598d9-1ca9-4402-86f3-87b92cf96f11','09db56bb-57e7-4569-9086-fd2b2fa5ec5a','f0e27502-7518-4914-a98c-92ed6c00b05b','Wednesday','cbdf9dac-d844-4a62-8f63-edbd580764c3','a2ccc78c-972b-4b82-9a5c-21317170b66e','Lecture','909c7262-33e1-4b0a-8443-fab807510b70','{}','2026-05-27 22:34:50','2026-05-27 22:34:50',1,NULL,NULL,NULL,NULL,'659a72a6-284a-4b1b-b460-018096237cb9'),('491598d9-1ca9-4402-86f3-87b92cf96f11','70cb91f6-d3c2-4af3-bf06-6319c2d58eac','e9030155-4e08-4725-9059-bb502f2f1114','Monday','58bb8ece-bcf5-4d9a-ba24-f381cbfdfbd2','639dbabd-3949-40c2-9f62-e0f517926145','Lecture','93e9a67c-b7ce-44de-95b1-cbca8f274ae2','{}','2026-05-27 22:34:50','2026-05-27 22:34:50',1,NULL,NULL,NULL,NULL,'659a72a6-284a-4b1b-b460-018096237cb9'),('491598d9-1ca9-4402-86f3-87b92cf96f11','09db56bb-57e7-4569-9086-fd2b2fa5ec5a','9afb9aaf-bf90-462d-af40-0e8f5616adfd','Tuesday','6cd5cf45-a2ca-4ad6-89bb-7873731490f2','f55f47c2-6286-478e-b218-8f97ed41cd31','Lecture','996b7f54-fa5a-46ab-babd-a15a8a5d8e65','{}','2026-05-27 22:34:50','2026-05-27 22:34:50',1,NULL,NULL,NULL,NULL,'659a72a6-284a-4b1b-b460-018096237cb9'),('491598d9-1ca9-4402-86f3-87b92cf96f11','828099e8-cac0-496b-beb6-d1a6d819fbb9','38cd97a8-ae01-41b2-a40e-eb6e2548f16e','Wednesday','0e59db90-8e3f-4d6d-aa5c-4c613a2597c5','62be1cfe-da33-4140-b592-061cff00efad','Lecture','99fbf00a-1013-4c3c-8fb9-a320db93efea','{}','2026-05-27 22:34:50','2026-05-27 22:34:50',1,NULL,NULL,NULL,NULL,'659a72a6-284a-4b1b-b460-018096237cb9'),('491598d9-1ca9-4402-86f3-87b92cf96f11','ce8a260c-5b81-4f5e-9c6f-76b80e239974','f0e27502-7518-4914-a98c-92ed6c00b05b','Tuesday','cbdf9dac-d844-4a62-8f63-edbd580764c3','a2ccc78c-972b-4b82-9a5c-21317170b66e','Lecture','9fba70f7-eeb7-46d6-8759-bf636bd89459','{}','2026-05-27 22:34:50','2026-05-27 22:34:50',1,NULL,NULL,NULL,NULL,'659a72a6-284a-4b1b-b460-018096237cb9'),('491598d9-1ca9-4402-86f3-87b92cf96f11','70cb91f6-d3c2-4af3-bf06-6319c2d58eac','9afb9aaf-bf90-462d-af40-0e8f5616adfd','Friday','6cd5cf45-a2ca-4ad6-89bb-7873731490f2','f55f47c2-6286-478e-b218-8f97ed41cd31','Lecture','a69af2a1-a09e-4030-813a-758d14401daf','{}','2026-05-27 22:34:50','2026-05-27 22:34:50',1,NULL,NULL,NULL,NULL,'659a72a6-284a-4b1b-b460-018096237cb9'),('491598d9-1ca9-4402-86f3-87b92cf96f11','268cd0ee-f598-4156-b4bb-194eb2b64a0b','ea67a871-c9d3-4b11-9395-6751f3500bd7','Monday','6cd5cf45-a2ca-4ad6-89bb-7873731490f2','f55f47c2-6286-478e-b218-8f97ed41cd31','Lecture','a9da6aa0-a6d4-4688-bdb7-8b9da05ee3b2','{}','2026-05-27 22:34:50','2026-05-27 22:34:50',1,NULL,NULL,NULL,NULL,'659a72a6-284a-4b1b-b460-018096237cb9'),('491598d9-1ca9-4402-86f3-87b92cf96f11','70cb91f6-d3c2-4af3-bf06-6319c2d58eac','ea67a871-c9d3-4b11-9395-6751f3500bd7','Friday','cbdf9dac-d844-4a62-8f63-edbd580764c3','a2ccc78c-972b-4b82-9a5c-21317170b66e','Lecture','ac1c5413-f2f1-481b-aaed-bc0b5a0ecda7','{}','2026-05-27 22:34:50','2026-05-27 22:34:50',1,NULL,NULL,NULL,NULL,'659a72a6-284a-4b1b-b460-018096237cb9'),('491598d9-1ca9-4402-86f3-87b92cf96f11','09db56bb-57e7-4569-9086-fd2b2fa5ec5a','38cd97a8-ae01-41b2-a40e-eb6e2548f16e','Wednesday','6cd5cf45-a2ca-4ad6-89bb-7873731490f2','f55f47c2-6286-478e-b218-8f97ed41cd31','Lecture','b05c2594-fc65-41fd-b03c-9691e700f1fe','{}','2026-05-27 22:34:50','2026-05-27 22:34:50',1,NULL,NULL,NULL,NULL,'659a72a6-284a-4b1b-b460-018096237cb9'),('491598d9-1ca9-4402-86f3-87b92cf96f11','828099e8-cac0-496b-beb6-d1a6d819fbb9','e9030155-4e08-4725-9059-bb502f2f1114','Monday','0e59db90-8e3f-4d6d-aa5c-4c613a2597c5','62be1cfe-da33-4140-b592-061cff00efad','Lecture','b0949f29-5cf0-4dd6-8254-2fba4402b645','{}','2026-05-27 22:34:50','2026-05-27 22:34:50',1,NULL,NULL,NULL,NULL,'659a72a6-284a-4b1b-b460-018096237cb9'),('491598d9-1ca9-4402-86f3-87b92cf96f11','09db56bb-57e7-4569-9086-fd2b2fa5ec5a','9afb9aaf-bf90-462d-af40-0e8f5616adfd','Thursday','9a2d7073-5dbd-4a32-84bc-ae46a94e1053','9661495d-82cb-4b3d-b9fe-1505e81cb8f1','Lecture','b4d88234-2ae8-4ed9-99f7-55da47f7e117','{}','2026-05-27 22:34:50','2026-05-27 22:34:50',1,NULL,NULL,NULL,NULL,'659a72a6-284a-4b1b-b460-018096237cb9'),('491598d9-1ca9-4402-86f3-87b92cf96f11','70cb91f6-d3c2-4af3-bf06-6319c2d58eac','38cd97a8-ae01-41b2-a40e-eb6e2548f16e','Monday','6cd5cf45-a2ca-4ad6-89bb-7873731490f2','f55f47c2-6286-478e-b218-8f97ed41cd31','Lecture','c5500dcb-a8eb-4a27-ad80-16aeb47c1976','{}','2026-05-27 22:34:50','2026-05-27 22:34:50',1,NULL,NULL,NULL,NULL,'659a72a6-284a-4b1b-b460-018096237cb9'),('491598d9-1ca9-4402-86f3-87b92cf96f11','09db56bb-57e7-4569-9086-fd2b2fa5ec5a','ea67a871-c9d3-4b11-9395-6751f3500bd7','Thursday','6cd5cf45-a2ca-4ad6-89bb-7873731490f2','f55f47c2-6286-478e-b218-8f97ed41cd31','Lecture','cecaa6c8-07e2-450c-9faf-a1d31d4c0aaa','{}','2026-05-27 22:34:50','2026-05-27 22:34:50',1,NULL,NULL,NULL,NULL,'659a72a6-284a-4b1b-b460-018096237cb9'),('491598d9-1ca9-4402-86f3-87b92cf96f11','70cb91f6-d3c2-4af3-bf06-6319c2d58eac','f0e27502-7518-4914-a98c-92ed6c00b05b','Thursday','6cd5cf45-a2ca-4ad6-89bb-7873731490f2','f55f47c2-6286-478e-b218-8f97ed41cd31','Lecture','dd41070c-98b9-4b05-84e5-fc5aefba2a2b','{}','2026-05-27 22:34:50','2026-05-27 22:34:50',1,NULL,NULL,NULL,NULL,'659a72a6-284a-4b1b-b460-018096237cb9'),('491598d9-1ca9-4402-86f3-87b92cf96f11','09db56bb-57e7-4569-9086-fd2b2fa5ec5a','f0e27502-7518-4914-a98c-92ed6c00b05b','Monday','6cd5cf45-a2ca-4ad6-89bb-7873731490f2','f55f47c2-6286-478e-b218-8f97ed41cd31','Lecture','dd9ea576-c3fe-4d51-b04c-cc89e75f8286','{}','2026-05-27 22:34:50','2026-05-27 22:34:50',1,NULL,NULL,NULL,NULL,'659a72a6-284a-4b1b-b460-018096237cb9'),('491598d9-1ca9-4402-86f3-87b92cf96f11','ce8a260c-5b81-4f5e-9c6f-76b80e239974','e9030155-4e08-4725-9059-bb502f2f1114','Thursday','6cd5cf45-a2ca-4ad6-89bb-7873731490f2','f55f47c2-6286-478e-b218-8f97ed41cd31','Lecture','e3c381c8-81f0-4d73-b6e2-a6e0ff128e04','{}','2026-05-27 22:34:50','2026-05-27 22:34:50',1,NULL,NULL,NULL,NULL,'659a72a6-284a-4b1b-b460-018096237cb9'),('491598d9-1ca9-4402-86f3-87b92cf96f11','70cb91f6-d3c2-4af3-bf06-6319c2d58eac','f0e27502-7518-4914-a98c-92ed6c00b05b','Monday','9a2d7073-5dbd-4a32-84bc-ae46a94e1053','9661495d-82cb-4b3d-b9fe-1505e81cb8f1','Lecture','f88047b7-2904-4baf-94a9-0e6d32a90d68','{}','2026-05-27 22:34:50','2026-05-27 22:34:50',1,NULL,NULL,NULL,NULL,'659a72a6-284a-4b1b-b460-018096237cb9');
/*!40000 ALTER TABLE `timetable_slots` ENABLE KEYS */;
UNLOCK TABLES;

--
-- Table structure for table `users`
--

DROP TABLE IF EXISTS `users`;
/*!40101 SET @saved_cs_client     = @@character_set_client */;
/*!50503 SET character_set_client = utf8mb4 */;
CREATE TABLE `users` (
  `id` char(36) CHARACTER SET utf8mb4 COLLATE utf8mb4_unicode_ci NOT NULL,
  `school_id` char(36) CHARACTER SET utf8mb4 COLLATE utf8mb4_unicode_ci NOT NULL,
  `email` varchar(255) CHARACTER SET utf8mb4 COLLATE utf8mb4_unicode_ci NOT NULL,
  `password_hash` varchar(255) CHARACTER SET utf8mb4 COLLATE utf8mb4_unicode_ci NOT NULL,
  `full_name` varchar(255) CHARACTER SET utf8mb4 COLLATE utf8mb4_unicode_ci NOT NULL,
  `role` varchar(20) CHARACTER SET utf8mb4 COLLATE utf8mb4_unicode_ci NOT NULL,
  `phone` varchar(20) CHARACTER SET utf8mb4 COLLATE utf8mb4_unicode_ci DEFAULT NULL,
  `avatar_url` text CHARACTER SET utf8mb4 COLLATE utf8mb4_unicode_ci,
  `last_login_at` datetime DEFAULT NULL,
  `password_reset_token` varchar(255) CHARACTER SET utf8mb4 COLLATE utf8mb4_unicode_ci DEFAULT NULL,
  `password_reset_expires` datetime DEFAULT NULL,
  `is_locked` tinyint(1) NOT NULL,
  `failed_login_attempts` int NOT NULL,
  `staff_id` char(36) CHARACTER SET utf8mb4 COLLATE utf8mb4_unicode_ci DEFAULT NULL,
  `student_id` char(36) CHARACTER SET utf8mb4 COLLATE utf8mb4_unicode_ci DEFAULT NULL,
  `parent_id` char(36) CHARACTER SET utf8mb4 COLLATE utf8mb4_unicode_ci DEFAULT NULL,
  `metadata` json NOT NULL,
  `created_at` datetime NOT NULL DEFAULT (now()),
  `updated_at` datetime NOT NULL DEFAULT (now()),
  `is_active` tinyint(1) NOT NULL,
  `deleted_at` datetime DEFAULT NULL,
  `deleted_by` char(36) CHARACTER SET utf8mb4 COLLATE utf8mb4_unicode_ci DEFAULT NULL,
  `created_by` char(36) CHARACTER SET utf8mb4 COLLATE utf8mb4_unicode_ci DEFAULT NULL,
  `updated_by` char(36) CHARACTER SET utf8mb4 COLLATE utf8mb4_unicode_ci DEFAULT NULL,
  PRIMARY KEY (`id`),
  UNIQUE KEY `uq_users_school_email` (`school_id`,`email`),
  KEY `ix_users_school_id` (`school_id`),
  KEY `ix_users_is_active` (`is_active`),
  KEY `fk_users_student_id_students` (`student_id`),
  KEY `fk_users_parent_id_parents` (`parent_id`),
  KEY `fk_users_staff_id_staff` (`staff_id`),
  CONSTRAINT `fk_users_parent_id_parents` FOREIGN KEY (`parent_id`) REFERENCES `parents` (`id`),
  CONSTRAINT `fk_users_school_id_schools` FOREIGN KEY (`school_id`) REFERENCES `schools` (`id`),
  CONSTRAINT `fk_users_staff_id_staff` FOREIGN KEY (`staff_id`) REFERENCES `staff` (`id`),
  CONSTRAINT `fk_users_student_id_students` FOREIGN KEY (`student_id`) REFERENCES `students` (`id`)
) ENGINE=InnoDB DEFAULT CHARSET=utf8mb4 COLLATE=utf8mb4_unicode_ci;
/*!40101 SET character_set_client = @saved_cs_client */;

--
-- Dumping data for table `users`
--

LOCK TABLES `users` WRITE;
/*!40000 ALTER TABLE `users` DISABLE KEYS */;
INSERT INTO `users` VALUES ('6dc2d7fd-fa94-4b6d-a39f-9a6c1b247c2b','659a72a6-284a-4b1b-b460-018096237cb9','crud@test.com','$2b$12$IlBwpWBtJyng0wmuVRtjQuANliJuHoj9Aw9Pfr4OwJTRNrtri5ckO','CRUD Test Student','student',NULL,NULL,NULL,NULL,NULL,0,0,NULL,'417901ea-f5f8-4c33-b141-e2843c36c497',NULL,'{}','2026-05-28 01:02:36','2026-05-28 01:02:36',1,NULL,NULL,'99bf6ed3-bf5b-4b8e-9f02-46c192c410cc',NULL),('8c5b01c2-6f73-47be-841e-b5d2c43fec91','659a72a6-284a-4b1b-b460-018096237cb9','john@student.com','$2b$12$FZ1pJGSNUlpnOqnN.Bns7O93tvhLcAykImQncYxUmxzjsO1iWofpW','John Doe','student','+91-9876543212',NULL,'2026-05-27 19:27:53',NULL,NULL,0,0,NULL,'dcd9ac28-b22f-41ce-90e8-46b4dfae4799',NULL,'{}','2026-05-24 12:11:30','2026-05-28 00:57:52',1,NULL,NULL,NULL,NULL),('99bf6ed3-bf5b-4b8e-9f02-46c192c410cc','659a72a6-284a-4b1b-b460-018096237cb9','admin@school.com','$2b$12$MLQM1pCLHrHLNIY9KeAqZubXQo/jQ2Ns403gHe1R/iZg68vpX7oQW','System Admin','admin','+91-9876543210',NULL,'2026-05-27 19:27:52',NULL,NULL,0,1,NULL,NULL,NULL,'{}','2026-05-24 12:11:30','2026-05-28 00:57:52',1,NULL,NULL,NULL,NULL),('a10992ec-1e6b-40da-919c-e3a1193183c4','659a72a6-284a-4b1b-b460-018096237cb9','new.teacher@school.com','$2b$12$b7Tqao3.Mr6lp.IUBQ.is.LYPHVlGSr0PJ/lCD/sjg0A3atO8dhZC','New Teacher','teacher','+91-9999900002',NULL,NULL,NULL,NULL,0,0,NULL,NULL,NULL,'{}','2026-05-27 22:25:07','2026-05-27 22:25:07',1,NULL,NULL,'99bf6ed3-bf5b-4b8e-9f02-46c192c410cc',NULL),('c7b067bf-0b34-4006-ac55-bd683e7062ac','659a72a6-284a-4b1b-b460-018096237cb9','city2.test@test.com','$2b$12$/LeOWeJPRM805F4GxubaU.YswHIjEc2.17CNxLyNa6DtRDoAuviKu','City2 Test2','student',NULL,NULL,NULL,NULL,NULL,0,0,NULL,'6107e285-e2a4-47d5-8835-bf4bf89ebc5c',NULL,'{}','2026-05-27 22:36:31','2026-05-27 22:36:31',1,NULL,NULL,'99bf6ed3-bf5b-4b8e-9f02-46c192c410cc',NULL),('ca4bb6bf-ab10-4153-b8c2-734560dc7c8b','659a72a6-284a-4b1b-b460-018096237cb9','jane@teacher.com','$2b$12$kzj185R03NyQmJQIGCVQ1Oc5/X0fOKaMbhGptndQj74a2CldS.4tG','Jane Smith','teacher','+91-9876543211',NULL,'2026-05-27 19:27:52',NULL,NULL,0,0,'f55f47c2-6286-478e-b218-8f97ed41cd31',NULL,NULL,'{}','2026-05-24 12:11:30','2026-05-28 00:57:52',1,NULL,NULL,NULL,NULL),('ccce3819-4b42-49f0-95d7-b9b42dcdeca8','659a72a6-284a-4b1b-b460-018096237cb9','crud.teacher@school.com','$2b$12$0/z5YpwUrkTP7DZr1dTjLOpnu9aG2BGE8DOu.AtgQ8K3Zs4aS1kZS','CRUD Teacher','teacher','+91-8888888888',NULL,NULL,NULL,NULL,0,0,NULL,NULL,NULL,'{}','2026-05-28 01:08:15','2026-05-28 01:08:15',1,NULL,NULL,'99bf6ed3-bf5b-4b8e-9f02-46c192c410cc',NULL),('ce4b956d-8bed-410f-8834-b43b0d866cf3','659a72a6-284a-4b1b-b460-018096237cb9','city.test@test.com','$2b$12$M4rD98xG5UM8Qq6CwsAtfOOqWMrmFNNpe/vtpeqQ8S.oRfj0gd/dO','City Test','student',NULL,NULL,NULL,NULL,NULL,0,0,NULL,'743e944a-3b70-4df6-bdb2-c5b6eb0ff9e8',NULL,'{}','2026-05-27 22:35:37','2026-05-27 22:35:37',1,NULL,NULL,'99bf6ed3-bf5b-4b8e-9f02-46c192c410cc',NULL),('f833ac12-810e-4067-8878-13f0708ac772','659a72a6-284a-4b1b-b460-018096237cb9','test.student@test.com','$2b$12$1OFdPnf2ovAe5VC5MOAPj.TcVMgRqU0ECHk4zorGZ4XBdIDPAxh.O','Test Student','student',NULL,NULL,NULL,NULL,NULL,0,0,NULL,NULL,NULL,'{}','2026-05-27 22:22:16','2026-05-27 22:22:16',1,NULL,NULL,'99bf6ed3-bf5b-4b8e-9f02-46c192c410cc',NULL);
/*!40000 ALTER TABLE `users` ENABLE KEYS */;
UNLOCK TABLES;

--
-- Table structure for table `vehicles`
--

DROP TABLE IF EXISTS `vehicles`;
/*!40101 SET @saved_cs_client     = @@character_set_client */;
/*!50503 SET character_set_client = utf8mb4 */;
CREATE TABLE `vehicles` (
  `vehicle_number` varchar(50) CHARACTER SET utf8mb4 COLLATE utf8mb4_unicode_ci NOT NULL,
  `plate_number` varchar(50) CHARACTER SET utf8mb4 COLLATE utf8mb4_unicode_ci DEFAULT NULL,
  `type` varchar(50) CHARACTER SET utf8mb4 COLLATE utf8mb4_unicode_ci NOT NULL,
  `model` varchar(100) CHARACTER SET utf8mb4 COLLATE utf8mb4_unicode_ci DEFAULT NULL,
  `year` int DEFAULT NULL,
  `fuel_type` varchar(20) CHARACTER SET utf8mb4 COLLATE utf8mb4_unicode_ci DEFAULT NULL,
  `capacity` int NOT NULL,
  `occupied_seats` int NOT NULL DEFAULT '0',
  `status` varchar(20) CHARACTER SET utf8mb4 COLLATE utf8mb4_unicode_ci NOT NULL DEFAULT 'Operational',
  `next_service_date` date DEFAULT NULL,
  `insurance_expiry` date DEFAULT NULL,
  `fitness_expiry` date DEFAULT NULL,
  `id` char(36) CHARACTER SET utf8mb4 COLLATE utf8mb4_unicode_ci NOT NULL,
  `metadata` json NOT NULL,
  `created_at` datetime NOT NULL DEFAULT (now()),
  `updated_at` datetime NOT NULL DEFAULT (now()),
  `is_active` tinyint(1) NOT NULL,
  `deleted_at` datetime DEFAULT NULL,
  `deleted_by` char(36) CHARACTER SET utf8mb4 COLLATE utf8mb4_unicode_ci DEFAULT NULL,
  `created_by` char(36) CHARACTER SET utf8mb4 COLLATE utf8mb4_unicode_ci DEFAULT NULL,
  `updated_by` char(36) CHARACTER SET utf8mb4 COLLATE utf8mb4_unicode_ci DEFAULT NULL,
  `school_id` char(36) CHARACTER SET utf8mb4 COLLATE utf8mb4_unicode_ci NOT NULL,
  PRIMARY KEY (`id`),
  UNIQUE KEY `uq_vehicles_school_vehicle_number` (`school_id`,`vehicle_number`),
  KEY `ix_vehicles_school_id` (`school_id`),
  KEY `ix_vehicles_is_active` (`is_active`),
  KEY `idx_vehicles_status` (`school_id`,`status`),
  CONSTRAINT `fk_vehicles_school_id_schools` FOREIGN KEY (`school_id`) REFERENCES `schools` (`id`)
) ENGINE=InnoDB DEFAULT CHARSET=utf8mb4 COLLATE=utf8mb4_unicode_ci;
/*!40101 SET character_set_client = @saved_cs_client */;

--
-- Dumping data for table `vehicles`
--

LOCK TABLES `vehicles` WRITE;
/*!40000 ALTER TABLE `vehicles` DISABLE KEYS */;
INSERT INTO `vehicles` VALUES ('KA01AB1002','KA01-AB-1002','Bus',NULL,NULL,NULL,50,30,'Out-Of-Order',NULL,NULL,NULL,'0da4fd42-b033-4a7e-bce0-5b3b755b7735','{}','2026-05-27 22:34:51','2026-05-27 23:02:06',0,'2026-05-27 17:32:06','99bf6ed3-bf5b-4b8e-9f02-46c192c410cc',NULL,NULL,'659a72a6-284a-4b1b-b460-018096237cb9'),('KA01AB1003','KA01-AB-1003','Bus',NULL,NULL,NULL,40,20,'Operational',NULL,NULL,NULL,'28f99978-ab35-4314-a06a-fe1ffa0dff61','{}','2026-05-27 22:34:51','2026-05-27 22:34:51',1,NULL,NULL,NULL,NULL,'659a72a6-284a-4b1b-b460-018096237cb9'),('AP39SN1036',NULL,'Bus',NULL,2026,'Diesel',10,0,'Operational',NULL,NULL,NULL,'42f6c001-26e8-46b6-befa-8e7ea73d0ba7','{}','2026-05-27 23:02:40','2026-05-27 23:02:40',1,NULL,NULL,'99bf6ed3-bf5b-4b8e-9f02-46c192c410cc',NULL,'659a72a6-284a-4b1b-b460-018096237cb9'),('KA01AB1006','KA01-AB-1006','Van',NULL,NULL,NULL,15,10,'Operational',NULL,NULL,NULL,'60b4cd28-d516-43bf-a8a7-46ee1ae85d33','{}','2026-05-27 22:34:51','2026-05-27 22:34:51',1,NULL,NULL,NULL,NULL,'659a72a6-284a-4b1b-b460-018096237cb9'),('KA01AB1001','KA01-AB-1001','Bus',NULL,NULL,NULL,50,25,'Operational',NULL,NULL,NULL,'c28c59a4-aae0-4c99-b7fd-033031e6952d','{}','2026-05-27 22:34:51','2026-05-27 22:34:51',1,NULL,NULL,NULL,NULL,'659a72a6-284a-4b1b-b460-018096237cb9'),('AP39SN1037',NULL,'Mini-Bus',NULL,2026,'Petrol',5,0,'Operational',NULL,NULL,NULL,'ca781f08-113c-4386-b173-c35dff00e525','{}','2026-05-27 23:23:26','2026-05-27 23:23:26',1,NULL,NULL,'99bf6ed3-bf5b-4b8e-9f02-46c192c410cc',NULL,'659a72a6-284a-4b1b-b460-018096237cb9'),('KA01AB1005','KA01-AB-1005','Mini Bus',NULL,NULL,NULL,30,18,'Operational',NULL,NULL,NULL,'d7306f98-bc5d-44e0-94eb-9a8cede902c3','{}','2026-05-27 22:34:51','2026-05-27 22:34:51',1,NULL,NULL,NULL,NULL,'659a72a6-284a-4b1b-b460-018096237cb9'),('KA01AB1004','KA01-AB-1004','Mini Bus',NULL,NULL,NULL,30,15,'Operational',NULL,NULL,NULL,'fa05ee32-9f62-4267-859e-169c5fbbacc1','{}','2026-05-27 22:34:51','2026-05-27 22:34:51',1,NULL,NULL,NULL,NULL,'659a72a6-284a-4b1b-b460-018096237cb9');
/*!40000 ALTER TABLE `vehicles` ENABLE KEYS */;
UNLOCK TABLES;
SET @@SESSION.SQL_LOG_BIN = @MYSQLDUMP_TEMP_LOG_BIN;
/*!40103 SET TIME_ZONE=@OLD_TIME_ZONE */;

/*!40101 SET SQL_MODE=@OLD_SQL_MODE */;
/*!40014 SET FOREIGN_KEY_CHECKS=@OLD_FOREIGN_KEY_CHECKS */;
/*!40014 SET UNIQUE_CHECKS=@OLD_UNIQUE_CHECKS */;
/*!40101 SET CHARACTER_SET_CLIENT=@OLD_CHARACTER_SET_CLIENT */;
/*!40101 SET CHARACTER_SET_RESULTS=@OLD_CHARACTER_SET_RESULTS */;
/*!40101 SET COLLATION_CONNECTION=@OLD_COLLATION_CONNECTION */;
/*!40111 SET SQL_NOTES=@OLD_SQL_NOTES */;

-- Dump completed on 2026-05-28  1:14:56
